Time(s),Time(minute),Time(h),bottom1(C),bottom2(C),inlet(C),outlet(C),,,,TC1(C),TC2(C),TC3(C),,,,,
884.613120,14.743552,0.245726,22.1397,22.4311,22.8127,24.0711,-9999,-59994.03,-9999,22.6481,22.9337,22.7124,-0.0406,-0.1912,-0.3214,-32.3613,-0.5128
891.023360,14.850389,0.247506,22.1438,22.4299,22.8106,24.0658,-9999,-59994.03,-9999,22.6408,22.9349,22.7124,-0.0394,-0.1939,-0.3244,-32.6657,-0.5214
897.433600,14.957227,0.249287,22.142,22.3943,22.7794,24.0524,-9999,-59994.03,-9999,22.6338,22.933,22.7131,-0.039,-0.1954,-0.326,-33.0129,-0.5247
903.843840,15.064064,0.251068,28.3623,20.9739,18.8759,20.6711,-9999,-59994.03,-9999,19.6986,20.1633,20.3067,-0.0445,-0.1992,-0.3277,-33.0878,-0.529
910.254080,15.170901,0.252848,27.3976,22.0269,19.5582,21.5081,-9999,-59994.03,-9999,19.6266,20.313,20.4494,-0.0442,-0.202,-0.3315,-33.6275,-0.5361
916.664320,15.277739,0.254629,27.4549,23.4374,19.871,21.5046,-9999,-59994.03,-9999,19.4027,20.4802,20.392,-0.039,-0.1999,-0.3336,-34.1367,-0.544
923.074560,15.384576,0.256410,27.5996,25.1239,19.7862,21.6226,-9999,-59994.03,-9999,19.8822,20.2634,20.5159,-0.0378,-0.2003,-0.336,-34.9266,-0.551
929.484800,15.491413,0.258190,27.9449,26.9029,19.6662,21.3491,-9999,-59994.03,-9999,19.5675,20.2907,20.477,-0.0416,-0.2055,-0.3385,-35.3659,-0.5579
935.895040,15.598251,0.259971,28.3184,28.6654,19.5916,21.7512,-9999,-59994.03,-9999,19.7044,20.5043,20.5094,-0.0411,-0.2064,-0.3404,-35.5157,-0.5615
942.305280,15.705088,0.261751,28.7552,30.5878,19.919,21.4375,-9999,-59994.03,-9999,19.878,20.3463,20.6583,-0.0406,-0.2056,-0.3383,-35.4342,-0.5618
948.715520,15.811925,0.263532,29.3214,32.3327,19.8266,21.5,-9999,-59994.03,-9999,19.7165,20.4505,20.5388,-0.045,-0.2083,-0.3425,-35.7556,-0.5693
955.125760,15.918763,0.265313,29.8395,34.0058,19.6416,21.5467,-9999,-59994.03,-9999,20.0209,20.2694,20.6168,-0.0459,-0.2101,-0.3476,-36.0469,-0.5727
961.536000,16.025600,0.267093,30.5377,35.6999,19.7686,21.493,-9999,-59994.03,-9999,19.7005,20.4299,20.6356,-0.0458,-0.2151,-0.3545,-36.4231,-0.5782
967.946240,16.132437,0.268874,31.2273,37.4428,19.9832,21.4768,-9999,-59994.03,-9999,19.7026,20.5601,20.7271,-0.0503,-0.2193,-0.3594,-37.3108,-0.5839
974.356480,16.239275,0.270655,31.9711,39.1027,19.9413,21.4065,-9999,-59994.03,-9999,19.9023,20.4209,20.7414,-0.0504,-0.2223,-0.364,-38.0434,-0.5873
980.766720,16.346112,0.272435,32.7378,40.5566,19.4657,21.6062,-9999,-59994.03,-9999,19.8516,20.602,20.5958,-0.045,-0.2203,-0.3663,-38.394,-0.5896
987.176960,16.452949,0.274216,33.4458,42.2392,19.9952,21.3627,-9999,-59994.03,-9999,19.8634,20.5999,20.7627,-0.0424,-0.216,-0.3655,-38.3411,-0.591
993.587200,16.559787,0.275996,34.4016,43.8523,19.7703,21.5395,-9999,-59994.03,-9999,20.0673,20.5367,20.8949,-0.0436,-0.2144,-0.3655,-38.7381,-0.5966
999.997440,16.666624,0.277777,35.2042,45.3897,19.6648,21.5622,-9999,-59994.03,-9999,19.9656,20.6212,20.9729,-0.0439,-0.2181,-0.3693,-38.9989,-0.5995
1006.407680,16.773461,0.279558,36.0551,46.8746,19.3895,21.5816,-9999,-59994.03,-9999,20.1838,20.756,20.6884,-0.0459,-0.2239,-0.3752,-39.5291,-0.6044
1012.817920,16.880299,0.281338,36.9363,48.4501,19.5086,21.6966,-9999,-59994.03,-9999,19.9957,20.6673,21.0713,-0.0517,-0.2263,-0.3787,-39.861,-0.6082
1019.228160,16.987136,0.283119,37.9613,49.9721,19.6029,21.5145,-9999,-59994.03,-9999,20.207,20.4528,21.0771,-0.0526,-0.2295,-0.3856,-40.7635,-0.6183
1025.638400,17.093973,0.284900,38.7721,51.4717,19.554,21.6378,-9999,-59994.03,-9999,20.0904,20.7599,21.0222,-0.0504,-0.2304,-0.3887,-41.3871,-0.6208
1032.048640,17.200811,0.286680,39.6921,52.9767,19.7478,21.3958,-9999,-59994.03,-9999,20.1446,20.8717,21.0512,-0.0488,-0.2285,-0.3864,-41.3516,-0.6191
1038.458880,17.307648,0.288461,40.6248,54.4176,19.5204,21.5636,-9999,-59994.03,-9999,20.1463,20.5045,21.3155,-0.0457,-0.226,-0.3812,-41.0165,-0.6238
1044.869120,17.414485,0.290241,41.6406,55.8759,19.5828,21.5448,-9999,-59994.03,-9999,20.1745,20.7895,21.368,-0.0501,-0.2299,-0.3851,-41.4688,-0.6328
1051.279360,17.521323,0.292022,42.6189,57.2681,19.6945,21.3424,-9999,-59994.03,-9999,20.3103,20.9794,21.1794,-0.054,-0.2375,-0.3911,-42.1882,-0.639
1057.689600,17.628160,0.293803,43.6244,58.8072,19.8004,21.5816,-9999,-59994.03,-9999,20.1801,20.8356,21.212,-0.0516,-0.2381,-0.3946,-42.2721,-0.6422
1064.099840,17.734997,0.295583,44.6283,60.2467,19.9318,21.4879,-9999,-59994.03,-9999,20.4064,20.8731,21.3057,-0.0497,-0.2376,-0.396,-42.3788,-0.647
1070.510080,17.841835,0.297364,45.6311,61.6827,19.8115,21.6684,-9999,-59994.03,-9999,20.4659,20.9247,21.3573,-0.0498,-0.2407,-0.3966,-42.6141,-0.6481
1076.920320,17.948672,0.299145,46.5554,63.0506,19.7499,21.6897,-9999,-59994.03,-9999,20.7727,20.6629,21.7833,-0.0532,-0.2407,-0.4011,-43.1557,-0.6527
1083.330560,18.055509,0.300925,47.6635,64.469,19.4066,21.6614,-9999,-59994.03,-9999,20.5474,20.9479,21.8828,-0.0533,-0.2391,-0.4006,-43.2901,-0.6527
1089.740800,18.162347,0.302706,48.6308,65.8743,19.6377,21.6529,-9999,-59994.03,-9999,20.8188,21.1703,21.7796,-0.0531,-0.2369,-0.3996,-43.2268,-0.6553
1096.151040,18.269184,0.304486,49.7783,67.3847,19.7322,21.5856,-9999,-59994.03,-9999,20.9403,20.8882,22.0164,-0.0545,-0.2389,-0.402,-43.8407,-0.6613
1102.561280,18.376021,0.306267,50.7164,68.8186,19.9065,21.5812,-9999,-59994.03,-9999,21.1181,20.8847,22.426,-0.053,-0.2389,-0.4011,-43.8945,-0.6614
1108.971520,18.482859,0.308048,51.7673,70.1205,19.7339,21.5916,-9999,-59994.03,-9999,21.1563,21.0921,22.2812,-0.0444,-0.2286,-0.3878,-42.7953,-0.6528
1115.381760,18.589696,0.309828,52.8212,71.5889,19.884,21.4058,-9999,-59994.03,-9999,21.2576,21.1138,22.4255,-0.0368,-0.2184,-0.379,-41.9747,-0.6498
1121.792000,18.696533,0.311609,53.941,72.9132,19.8293,21.5113,-9999,-59994.03,-9999,21.0331,21.3587,22.6229,-0.0338,-0.2097,-0.3739,-41.6636,-0.6471
1128.202240,18.803371,0.313390,55.0366,74.3101,19.6882,21.4372,-9999,-59994.03,-9999,21.3292,21.3508,22.9539,-0.0354,-0.208,-0.3709,-41.2182,-0.645
1134.612480,18.910208,0.315170,56.0944,75.7249,19.8882,21.4303,-9999,-59994.03,-9999,21.2926,21.2754,23.2582,-0.039,-0.2113,-0.3705,-40.9652,-0.6415
1141.022720,19.017045,0.316951,57.2627,77.0703,19.9816,21.5587,-9999,-59994.03,-9999,21.5916,21.2921,23.4949,-0.0413,-0.213,-0.3686,-40.5311,-0.6352
1147.432960,19.123883,0.318731,58.1774,78.4545,20.0147,21.3715,-9999,-59994.03,-9999,21.5365,21.5584,23.4256,-0.0452,-0.2208,-0.3737,-40.7566,-0.6365
1153.843200,19.230720,0.320512,59.1835,79.6258,19.7997,21.4877,-9999,-59994.03,-9999,21.4365,21.5982,24.0154,-0.0542,-0.2267,-0.3733,-40.5294,-0.6361
1160.253440,19.337557,0.322293,60.4002,81.0278,19.9074,21.5795,-9999,-59994.03,-9999,21.6778,21.5933,24.2045,-0.0583,-0.2304,-0.3771,-40.4959,-0.6325
1166.663680,19.444395,0.324073,61.4637,82.3224,19.6727,21.6626,-9999,-59994.03,-9999,22.1615,21.727,24.1618,-0.056,-0.2304,-0.378,-40.2169,-0.6257
1173.073920,19.551232,0.325854,62.4707,83.5557,19.7573,21.3831,-9999,-59994.03,-9999,22.0664,21.684,24.625,-0.0523,-0.2247,-0.3734,-39.4722,-0.6195
1179.484160,19.658069,0.327634,63.5381,84.8986,19.5798,21.6524,-9999,-59994.03,-9999,22.1973,22.1297,24.8949,-0.051,-0.2186,-0.3683,-38.9155,-0.6117
1185.894400,19.764907,0.329415,64.7273,86.2439,19.5939,21.5668,-9999,-59994.03,-9999,22.4859,21.8686,25.0506,-0.0469,-0.2157,-0.3696,-39.1399,-0.6087
1192.304640,19.871744,0.331196,65.6943,87.4689,19.4393,21.7089,-9999,-59994.03,-9999,22.6163,22.0708,25.3411,-0.0406,-0.2077,-0.3642,-38.8623,-0.6055
1198.714880,19.978581,0.332976,66.7652,88.7635,19.7533,21.4072,-9999,-59994.03,-9999,22.5839,22.2939,25.5187,-0.0302,-0.191,-0.3474,-37.6698,-0.5954
1205.125120,20.085419,0.334757,67.932,90.1383,19.6555,21.5467,-9999,-59994.03,-9999,22.959,22.3369,26.0762,-0.036,-0.1876,-0.3426,-37.2822,-0.591
1211.535360,20.192256,0.336538,69.0637,91.3461,19.5024,21.559,-9999,-59994.03,-9999,23.0625,22.6955,26.2062,-0.0373,-0.1919,-0.3429,-37.0646,-0.5874
1217.945600,20.299093,0.338318,70.0311,92.5564,19.8083,21.4849,-9999,-59994.03,-9999,22.8275,22.7948,26.3479,-0.0381,-0.1931,-0.3386,-36.3728,-0.5828
1224.355840,20.405931,0.340099,71.1363,93.9748,19.9253,21.7121,-9999,-59994.03,-9999,23.2901,22.8383,26.852,-0.0368,-0.1928,-0.3355,-36.3187,-0.5798
1230.766080,20.512768,0.341879,72.0431,95.1575,19.6667,21.5675,-9999,-59994.03,-9999,23.2099,23.1292,27.2825,-0.0376,-0.1876,-0.3326,-36.1751,-0.5803
1237.176320,20.619605,0.343660,73.3904,96.4161,19.5726,21.4613,-9999,-59994.03,-9999,23.6747,23.1673,27.7294,-0.0425,-0.1855,-0.3303,-36.177,-0.5838
1243.586560,20.726443,0.345441,74.4349,97.6608,19.5522,21.6825,-9999,-59994.03,-9999,23.8414,23.3891,27.8969,-0.0438,-0.1881,-0.3277,-35.75,-0.5835
1249.996800,20.833280,0.347221,75.5626,99.0137,19.9176,21.4953,-9999,-59994.03,-9999,23.6317,23.5118,28.3331,-0.0454,-0.1928,-0.3266,-35.4098,-0.5808
1256.407040,20.940117,0.349002,76.7098,100.2887,19.9149,21.8567,-9999,-59994.03,-9999,24.3732,23.7854,28.4663,-0.0412,-0.1932,-0.327,-34.8959,-0.577
1262.817280,21.046955,0.350783,77.6952,101.4754,19.7501,21.8238,-9999,-59994.03,-9999,24.3811,23.9226,28.9515,-0.0418,-0.1948,-0.3283,-34.804,-0.5722
1269.227520,21.153792,0.352563,78.8396,102.7891,19.7985,21.8121,-9999,-59994.03,-9999,24.5239,24.1116,29.082,-0.045,-0.2026,-0.3374,-34.9226,-0.5682
1275.637760,21.260629,0.354344,79.9641,104.0377,19.7626,21.8345,-9999,-59994.03,-9999,24.5719,24.291,29.4852,-0.0473,-0.2094,-0.3455,-35.5225,-0.5713
1282.048000,21.367467,0.356124,80.7878,105.1919,19.8405,21.6552,-9999,-59994.03,-9999,24.8975,24.6413,29.8595,-0.0508,-0.2131,-0.3518,-36.1983,-0.5753
1288.458240,21.474304,0.357905,82.1374,106.4166,19.6412,21.6841,-9999,-59994.03,-9999,24.9856,24.6302,30.3576,-0.0494,-0.2173,-0.3551,-37.1662,-0.5855
1294.868480,21.581141,0.359686,83.1956,107.744,20.1426,21.76,-9999,-59994.03,-9999,25.3154,24.8249,30.9773,-0.0501,-0.2167,-0.3572,-37.6695,-0.5895
1301.278720,21.687979,0.361466,84.1742,108.8862,20.1322,21.6106,-9999,-59994.03,-9999,25.5953,25.1218,31.3564,-0.0471,-0.2156,-0.3607,-38.0276,-0.5912
1307.688960,21.794816,0.363247,85.3573,110.1473,20.1878,21.7061,-9999,-59994.03,-9999,25.8636,25.2164,31.8061,-0.0462,-0.2103,-0.3575,-37.7886,-0.587
1314.099200,21.901653,0.365028,86.4023,111.2922,19.8039,21.8387,-9999,-59994.03,-9999,26.0376,25.5299,31.9182,-0.0447,-0.2116,-0.3599,-37.8042,-0.586
1320.509440,22.008491,0.366808,87.4706,112.4894,19.7311,21.9092,-9999,-59994.03,-9999,26.4177,25.7906,32.3253,-0.043,-0.2082,-0.355,-37.8835,-0.5854
1326.919680,22.115328,0.368589,88.5309,113.6174,19.71,21.9816,-9999,-59994.03,-9999,26.552,26.1112,32.9077,-0.0409,-0.2075,-0.353,-38.2752,-0.5898
1333.329920,22.222165,0.370369,89.7159,114.9793,19.8229,21.7607,-9999,-59994.03,-9999,26.6913,26.2819,33.0405,-0.0408,-0.2073,-0.3555,-38.4629,-0.5926
1339.740160,22.329003,0.372150,90.8766,116.2557,19.9156,22.0267,-9999,-59994.03,-9999,27.0726,26.4522,33.7274,-0.0423,-0.2088,-0.357,-38.6403,-0.5943
1346.150400,22.435840,0.373931,91.9008,117.3409,19.716,21.9175,-9999,-59994.03,-9999,27.2989,26.7486,34.1689,-0.0432,-0.2124,-0.3633,-39.0421,-0.5996
1352.560640,22.542677,0.375711,92.9479,118.5785,20.0761,21.7429,-9999,-59994.03,-9999,27.2365,26.9899,34.742,-0.0479,-0.2143,-0.3633,-38.6885,-0.5983
1358.970880,22.649515,0.377492,94.0517,119.8088,20.1616,21.7933,-9999,-59994.03,-9999,27.9678,27.2703,34.8508,-0.0488,-0.2197,-0.3668,-39.0522,-0.6061
1365.381120,22.756352,0.379273,95.2473,120.871,19.9603,21.9853,-9999,-59994.03,-9999,27.9422,27.4813,35.4094,-0.0469,-0.2202,-0.369,-39.5553,-0.608
1371.791360,22.863189,0.381053,96.1739,122.1265,19.7591,21.9608,-9999,-59994.03,-9999,28.3169,27.6523,35.8919,-0.0456,-0.2167,-0.3677,-39.2849,-0.6055
1378.201600,22.970027,0.382834,97.3631,123.4009,20.0455,21.9027,-9999,-59994.03,-9999,28.8332,28.0877,36.2633,-0.0428,-0.2113,-0.3637,-39.0525,-0.6011
1384.611840,23.076864,0.384614,98.4115,124.4666,20.0043,21.8863,-9999,-59994.03,-9999,28.9433,28.538,36.8177,-0.0486,-0.2142,-0.3635,-38.8954,-0.6003
1391.022080,23.183701,0.386395,99.4596,125.6587,19.9417,22.1555,-9999,-59994.03,-9999,29.1857,28.7747,37.2153,-0.0485,-0.2175,-0.3664,-39.086,-0.6018
1397.432320,23.290539,0.388176,100.6024,126.8466,19.8465,21.8352,-9999,-59994.03,-9999,29.5704,29.124,37.5942,-0.0464,-0.2211,-0.3726,-39.4098,-0.6036
1403.842560,23.397376,0.389956,101.5614,127.9668,19.8396,21.902,-9999,-59994.03,-9999,29.8433,29.5292,38.1279,-0.0481,-0.2201,-0.3746,-39.5946,-0.6057
1410.252800,23.504213,0.391737,102.6174,129.1547,19.7494,22.1407,-9999,-59994.03,-9999,30.2677,29.4569,38.7452,-0.0454,-0.2183,-0.3704,-39.4259,-0.6069
1416.663040,23.611051,0.393518,103.8115,130.3554,19.8662,22.1342,-9999,-59994.03,-9999,30.7303,29.9327,39.0756,-0.04,-0.217,-0.37,-39.6092,-0.609
1423.073280,23.717888,0.395298,104.9274,131.5545,20.087,22.1467,-9999,-59994.03,-9999,30.8063,30.1946,39.9194,-0.041,-0.2141,-0.3671,-39.6697,-0.6143
1429.483520,23.824725,0.397079,105.9583,132.7786,20.0349,22.1042,-9999,-59994.03,-9999,31.0244,30.4917,40.3587,-0.0411,-0.2099,-0.3625,-39.5322,-0.6139
1435.893760,23.931563,0.398859,107.1365,133.8907,20.1688,21.9594,-9999,-59994.03,-9999,31.4009,30.8152,40.9563,-0.0516,-0.2157,-0.3629,-39.733,-0.6158
1442.304000,24.038400,0.400640,108.1295,135.0133,20.0057,22.1386,-9999,-59994.03,-9999,31.8314,31.1402,41.3472,-0.0518,-0.2204,-0.367,-40.1194,-0.6199
1448.714240,24.145237,0.402421,109.2527,136.1242,20.0912,22.1074,-9999,-59994.03,-9999,32.0596,31.8758,41.6659,-0.0545,-0.2263,-0.3742,-40.7382,-0.6267
1455.124480,24.252075,0.404201,110.2249,137.3617,20.2635,22.0831,-9999,-59994.03,-9999,32.3849,32.0417,42.4338,-0.0566,-0.2325,-0.3806,-41.0916,-0.6293
1461.534720,24.358912,0.405982,111.3514,138.4259,20.2876,22.0908,-9999,-59994.03,-9999,32.6369,32.5778,42.7847,-0.0542,-0.2363,-0.3851,-41.2727,-0.6306
1467.944960,24.465749,0.407762,112.4449,139.5852,20.2005,22.1497,-9999,-59994.03,-9999,33.4582,32.6522,43.29,-0.052,-0.2377,-0.3924,-41.7909,-0.6353
1474.355200,24.572587,0.409543,113.5105,140.6073,20.0405,22.2919,-9999,-59994.03,-9999,33.3246,33.228,43.8862,-0.0543,-0.2405,-0.396,-42.3918,-0.641
1480.765440,24.679424,0.411324,114.5436,141.7424,19.9911,22.1786,-9999,-59994.03,-9999,33.6502,33.4898,44.5874,-0.0508,-0.2392,-0.3983,-42.9193,-0.6456
1487.175680,24.786261,0.413104,115.6479,142.8822,19.8597,22.1139,-9999,-59994.03,-9999,34.2924,33.84,44.8068,-0.0439,-0.2317,-0.3957,-42.7908,-0.6425
1493.585920,24.893099,0.414885,116.7032,143.9216,20.0731,22.0119,-9999,-59994.03,-9999,34.8008,34.1406,45.5093,-0.0403,-0.2215,-0.3865,-42.5553,-0.6402
1499.996160,24.999936,0.416666,117.7477,145.121,20.1706,22.0142,-9999,-59994.03,-9999,34.7647,34.6465,46.205,-0.0432,-0.22,-0.3836,-42.2511,-0.6343
1506.406400,25.106773,0.418446,118.7013,146.1601,20.0476,22.1234,-9999,-59994.03,-9999,35.216,34.8483,46.793,-0.0478,-0.2233,-0.386,-42.2976,-0.6326
1512.816640,25.213611,0.420227,119.844,147.293,20.1681,22.0494,-9999,-59994.03,-9999,35.7737,35.3649,47.0975,-0.0444,-0.2186,-0.3827,-42.3229,-0.6328
1519.226880,25.320448,0.422007,120.9005,148.3694,19.7622,22.3294,-9999,-59994.03,-9999,36.2099,35.9381,47.707,-0.0438,-0.2192,-0.3774,-41.9901,-0.6321
1525.637120,25.427285,0.423788,121.8888,149.376,19.8414,22.11,-9999,-59994.03,-9999,36.4863,36.1743,48.3376,-0.0479,-0.2186,-0.3736,-41.572,-0.6333
1532.047360,25.534123,0.425569,123.0032,150.5553,20.0055,22.3107,-9999,-59994.03,-9999,36.7507,36.5287,48.8382,-0.046,-0.2212,-0.374,-41.4348,-0.6321
1538.457600,25.640960,0.427349,124.1387,151.689,20.0092,22.0575,-9999,-59994.03,-9999,37.3572,36.9688,49.4008,-0.0499,-0.2195,-0.3677,-40.3733,-0.6298
1544.867840,25.747797,0.429130,125.194,152.5937,19.8366,22.2182,-9999,-59994.03,-9999,37.9995,37.0712,50.0565,-0.0541,-0.2246,-0.3697,-40.2498,-0.632
1551.278080,25.854635,0.430911,126.2097,153.6661,20.1104,22.1537,-9999,-59994.03,-9999,38.4487,37.6453,50.4598,-0.0552,-0.2312,-0.3765,-40.703,-0.6334
1557.688320,25.961472,0.432691,127.3291,154.6514,19.8977,22.1867,-9999,-59994.03,-9999,38.8612,37.8944,51.3164,-0.0546,-0.2359,-0.3828,-41.1409,-0.6347
1564.098560,26.068309,0.434472,128.3572,155.7986,19.8922,22.3983,-9999,-59994.03,-9999,39.0872,38.4162,51.9563,-0.0537,-0.2365,-0.3852,-41.3946,-0.6362
1570.508800,26.175147,0.436252,129.3741,156.7657,19.8317,22.2704,-9999,-59994.03,-9999,39.3506,38.8666,52.3887,-0.0504,-0.2348,-0.3842,-41.2406,-0.6344
1576.919040,26.281984,0.438033,130.3714,157.8082,20.0159,22.0885,-9999,-59994.03,-9999,39.9729,39.1095,53.0405,-0.0459,-0.2259,-0.3802,-41.1981,-0.6314
1583.329280,26.388821,0.439814,131.4265,158.8578,20.046,22.1044,-9999,-59994.03,-9999,40.3798,39.7982,53.4052,-0.0398,-0.2169,-0.3754,-41.029,-0.6269
1589.739520,26.495659,0.441594,132.5751,159.9417,19.9406,22.4025,-9999,-59994.03,-9999,41.0018,39.9997,53.9924,-0.0389,-0.2166,-0.3745,-40.9617,-0.6239
1596.149760,26.602496,0.443375,133.542,160.8963,20.1848,22.0457,-9999,-59994.03,-9999,41.5432,40.5551,54.8441,-0.042,-0.2159,-0.3717,-40.6756,-0.623
1602.560000,26.709333,0.445156,134.7048,161.9615,19.9529,22.2385,-9999,-59994.03,-9999,41.811,41.1056,55.2626,-0.0424,-0.2147,-0.3696,-40.5079,-0.622
1608.970240,26.816171,0.446936,135.8059,162.9416,20.0291,21.9929,-9999,-59994.03,-9999,42.3405,41.333,55.8879,-0.0417,-0.2126,-0.3665,-40.0433,-0.6171
1615.380480,26.923008,0.448717,136.7478,164.0049,19.8917,22.1731,-9999,-59994.03,-9999,42.7105,42.1396,56.4568,-0.0487,-0.214,-0.369,-39.8444,-0.6134
1621.790720,27.029845,0.450497,137.819,165.0879,20.1188,22.1948,-9999,-59994.03,-9999,43.0266,42.3587,57.346,-0.049,-0.2158,-0.3715,-40.1607,-0.6143
1628.200960,27.136683,0.452278,138.8958,166.1527,20.0029,22.2325,-9999,-59994.03,-9999,43.6975,42.8203,57.6673,-0.0391,-0.2087,-0.368,-39.8832,-0.6104
1634.611200,27.243520,0.454059,139.9346,167.1333,19.9932,22.1033,-9999,-59994.03,-9999,44.1348,43.275,58.3343,-0.038,-0.2059,-0.3634,-39.1588,-0.6047
1641.021440,27.350357,0.455839,140.9672,168.1856,20.2469,22.0293,-9999,-59994.03,-9999,44.7553,43.8612,58.8266,-0.0415,-0.2055,-0.3615,-38.7561,-0.6012
1647.431680,27.457195,0.457620,142.0153,169.2693,20.2339,22.0087,-9999,-59994.03,-9999,45.2509,44.2413,59.5561,-0.0439,-0.2054,-0.3565,-38.526,-0.5976
1653.841920,27.564032,0.459401,143.0956,170.2235,20.3326,22.1312,-9999,-59994.03,-9999,45.5893,44.6708,60.2425,-0.0437,-0.2064,-0.3562,-38.757,-0.6
1660.252160,27.670869,0.461181,144.0596,171.2639,19.8491,22.2298,-9999,-59994.03,-9999,46.2901,44.9692,60.8385,-0.0455,-0.2091,-0.3592,-39.0478,-0.6043
1666.662400,27.777707,0.462962,145.0775,172.2045,19.9297,22.2453,-9999,-59994.03,-9999,46.5783,45.8582,61.4431,-0.0469,-0.2101,-0.3581,-39.1056,-0.6059
1673.072640,27.884544,0.464742,146.0923,173.2247,20.0141,22.4011,-9999,-59994.03,-9999,47.1723,46.0959,62.2279,-0.0483,-0.212,-0.3609,-39.4424,-0.6086
1679.482880,27.991381,0.466523,147.2203,174.2364,19.8479,22.3592,-9999,-59994.03,-9999,47.7789,46.7285,62.6578,-0.0495,-0.2189,-0.3713,-40.1971,-0.6105
1685.893120,28.098219,0.468304,148.1173,175.2141,19.7791,22.4279,-9999,-59994.03,-9999,48.3132,46.9778,63.4795,-0.0456,-0.2158,-0.371,-40.1829,-0.6096
1692.303360,28.205056,0.470084,149.0859,176.3204,20.2476,22.0885,-9999,-59994.03,-9999,48.782,47.4371,64.2044,-0.0451,-0.2138,-0.3685,-39.8473,-0.6104
1698.713600,28.311893,0.471865,150.1527,177.2465,20.0192,22.2748,-9999,-59994.03,-9999,49.5003,47.9832,64.6909,-0.0427,-0.2085,-0.3611,-39.3395,-0.6074
1705.123840,28.418731,0.473646,151.1404,178.2191,20.1415,22.1511,-9999,-59994.03,-9999,49.6608,48.5847,65.4749,-0.0398,-0.2059,-0.3571,-38.8819,-0.5985
1711.534080,28.525568,0.475426,152.0891,179.2724,20.3157,22.119,-9999,-59994.03,-9999,50.4704,48.8456,66.129,-0.0415,-0.2062,-0.3537,-38.2437,-0.5924
1717.944320,28.632405,0.477207,152.9202,180.2452,20.1153,22.1033,-9999,-59994.03,-9999,50.7508,49.6179,66.6646,-0.0397,-0.2017,-0.3498,-37.7768,-0.5892
1724.354560,28.739243,0.478987,154.1291,181.3271,19.9853,22.418,-9999,-59994.03,-9999,51.5243,50.2517,67.1203,-0.0326,-0.1941,-0.3447,-37.6136,-0.5859
1730.764800,28.846080,0.480768,155.0313,182.1919,20.0208,22.2263,-9999,-59994.03,-9999,52.2168,50.564,67.6927,-0.0292,-0.1855,-0.3369,-36.9754,-0.5813
1737.175040,28.952917,0.482549,156.038,183.1037,20.0558,22.2071,-9999,-59994.03,-9999,52.7562,51.0379,68.5681,-0.0319,-0.1837,-0.3288,-36.2469,-0.5783
1743.585280,29.059755,0.484329,157.2289,184.203,19.9054,22.2254,-9999,-59994.03,-9999,53.2275,51.4607,69.3208,-0.0346,-0.184,-0.3229,-35.176,-0.5708
1749.995520,29.166592,0.486110,158.2969,185.2051,20.1141,22.4887,-9999,-59994.03,-9999,53.9253,52.2624,69.8214,-0.0329,-0.1811,-0.3171,-34.6389,-0.5688
1756.405760,29.273429,0.487890,159.0614,186.0963,19.8269,22.3814,-9999,-59994.03,-9999,54.256,52.7538,70.6502,-0.0309,-0.1759,-0.3087,-33.7702,-0.5612
1762.816000,29.380267,0.489671,160.2187,187.1767,20.0342,22.2825,-9999,-59994.03,-9999,54.7419,53.307,71.1472,-0.0268,-0.1713,-0.3031,-32.8948,-0.5507
1769.226240,29.487104,0.491452,161.1813,188.0425,19.9659,22.2885,-9999,-59994.03,-9999,55.2383,53.6898,71.9994,-0.0271,-0.1664,-0.2953,-31.9949,-0.5388
1775.636480,29.593941,0.493232,162.1927,189.0413,19.951,22.236,-9999,-59994.03,-9999,56.2555,54.0484,72.6819,-0.0268,-0.1622,-0.2895,-31.3253,-0.5297
1782.046720,29.700779,0.495013,163.243,190.0243,20.0097,22.2372,-9999,-59994.03,-9999,56.4322,54.9093,73.1084,-0.0267,-0.156,-0.2862,-30.718,-0.5216
1788.456960,29.807616,0.496794,164.1163,190.9531,19.9895,22.1634,-9999,-59994.03,-9999,57.0304,55.3618,74.0599,-0.027,-0.1535,-0.2799,-30.1108,-0.5128
1794.867200,29.914453,0.498574,165.1541,191.9858,19.8753,22.2887,-9999,-59994.03,-9999,57.8394,55.7622,74.7206,-0.0288,-0.1549,-0.2781,-29.8415,-0.5093
1801.277440,30.021291,0.500355,166.1552,192.9185,19.9684,22.3317,-9999,-59994.03,-9999,58.2815,56.4928,75.0938,-0.0271,-0.156,-0.2797,-29.2883,-0.5033
1807.687680,30.128128,0.502135,167.1681,193.9462,20.2652,22.1858,-9999,-59994.03,-9999,58.7143,57.1523,75.9797,-0.023,-0.1522,-0.2746,-28.4668,-0.4955
1814.097920,30.234965,0.503916,168.1157,194.7823,19.9656,22.3537,-9999,-59994.03,-9999,59.4178,57.6633,76.4357,-0.0198,-0.1516,-0.2764,-28.4992,-0.4931
1820.508160,30.341803,0.505697,169.0611,195.9232,20.2151,22.1636,-9999,-59994.03,-9999,60.0329,58.2454,77.1488,-0.0212,-0.1512,-0.277,-28.2415,-0.4885
1826.918400,30.448640,0.507477,170.2122,196.7566,20.1065,22.4006,-9999,-59994.03,-9999,60.4689,58.6158,78.1313,-0.0277,-0.1549,-0.2824,-28.5122,-0.489
1833.328640,30.555477,0.509258,171.0401,197.7221,20.0407,22.251,586.8876,-59994.03,-9999,61.4698,59.0532,78.8078,-0.0324,-0.1633,-0.2879,-28.7881,-0.4868
1839.738880,30.662315,0.511039,172.0643,198.7565,20.1477,22.1842,-9999,-59994.03,-9999,62.1443,59.6944,79.2795,-0.0295,-0.1661,-0.2882,-28.6801,-0.4817
1846.149120,30.769152,0.512819,172.9005,199.6643,19.9105,22.457,-9999,-59994.03,-9999,62.278,60.3211,80.0568,-0.0267,-0.1645,-0.2863,-28.1617,-0.4743
1852.559360,30.875989,0.514600,173.9445,200.5971,19.8945,22.4397,-9999,-59994.03,-9999,62.9948,60.9261,80.521,-0.026,-0.1652,-0.2875,-28.3639,-0.4804
1858.969600,30.982827,0.516380,174.8474,201.5482,19.7909,22.2642,-9999,-59994.03,-9999,63.6754,61.4425,81.3526,-0.0279,-0.1694,-0.294,-29.2144,-0.4874
1865.379840,31.089664,0.518161,175.8214,202.571,20.1579,22.2402,-9999,-59994.03,-9999,64.0482,61.9903,82.2798,-0.0285,-0.1665,-0.2927,-29.2704,-0.4887
1871.790080,31.196501,0.519942,176.7754,203.4713,19.9738,22.3798,-9999,-59994.03,-9999,65.2329,62.5597,82.6246,-0.0319,-0.1706,-0.2949,-29.8436,-0.4929
1878.200320,31.303339,0.521722,177.7298,204.41,20.0634,22.4573,-9999,-59994.03,-9999,65.8235,63.1363,83.3931,-0.0313,-0.1741,-0.2986,-30.3503,-0.4977
1884.610560,31.410176,0.523503,178.7442,205.3609,19.8197,22.4284,-9999,-59994.03,-9999,66.2625,63.5078,84.4443,-0.028,-0.1678,-0.2965,-30.0453,-0.4962
1891.020800,31.517013,0.525284,179.6887,206.3764,20.2937,22.0984,-9999,-59994.03,-9999,66.7174,64.4406,84.856,-0.0271,-0.1626,-0.2917,-29.2331,-0.4908
1897.431040,31.623851,0.527064,180.9129,207.297,19.8482,22.4353,-9999,-59994.03,-9999,67.4511,65.0094,85.532,-0.0295,-0.1632,-0.289,-28.9567,-0.4875
1903.841280,31.730688,0.528845,181.5889,208.274,20.1934,22.3444,-9999,-59994.03,-9999,68.0406,65.367,86.3375,-0.031,-0.164,-0.2895,-28.8353,-0.4856
1910.251520,31.837525,0.530625,182.6967,209.2032,19.8623,22.3683,-9999,-59994.03,-9999,68.9474,65.9261,87.1124,-0.0324,-0.1639,-0.291,-29.0732,-0.4865
1916.661760,31.944363,0.532406,183.5853,210.1566,20.2161,22.3588,-9999,-59994.03,-9999,69.636,66.6467,87.6667,-0.0294,-0.164,-0.2923,-29.2517,-0.4846
1923.072000,32.051200,0.534187,184.3754,211.0876,20.2749,22.1308,-9999,-59994.03,-9999,70.1843,67.2814,88.3865,-0.0295,-0.1672,-0.293,-29.6051,-0.4868
1929.482240,32.158037,0.535967,185.3292,212.0106,20.2918,22.2742,-9999,-59994.03,-9999,70.8616,67.8251,89.1301,-0.0284,-0.166,-0.2938,-29.5387,-0.4873
1935.892480,32.264875,0.537748,186.3153,212.877,19.9193,22.3995,-9999,-59994.03,-9999,71.5531,68.4247,89.9673,-0.0302,-0.1672,-0.2941,-29.5626,-0.4847
1942.302720,32.371712,0.539529,187.1652,213.8712,20.1009,22.3595,-9999,-59994.03,-9999,72.0502,68.9333,90.75,-0.0301,-0.1647,-0.2909,-29.5687,-0.4856
1948.712960,32.478549,0.541309,188.2351,214.7747,20.255,22.3565,-9999,-59994.03,-9999,72.9218,69.5935,91.4699,-0.0283,-0.1636,-0.2906,-29.734,-0.4923
1955.123200,32.585387,0.543090,189.0937,215.5727,19.9242,22.3821,-9999,-59994.03,-9999,73.5219,70.0859,91.9913,-0.0302,-0.1697,-0.2944,-30.2674,-0.4944
1961.533440,32.692224,0.544870,190.0128,216.5829,20.3203,22.2358,-9999,-59994.03,-9999,74.0318,70.7697,92.6109,-0.0337,-0.1683,-0.2942,-30.2206,-0.4918
1967.943680,32.799061,0.546651,191.0453,217.4854,20.1373,22.525,-9999,-59994.03,-9999,74.8259,71.305,93.6984,-0.0365,-0.1728,-0.2979,-30.1573,-0.4934
1974.353920,32.905899,0.548432,192.0573,218.3956,20.0729,22.4152,-9999,-59994.03,-9999,75.5766,71.9739,94.3141,-0.0332,-0.1749,-0.2994,-30.3609,-0.4916
1980.764160,33.012736,0.550212,192.9405,219.3012,20.2015,22.1479,-9999,-59994.03,-9999,75.9771,72.5801,95.1414,-0.0299,-0.1719,-0.2946,-30.1509,-0.4933
1987.174400,33.119573,0.551993,193.8769,220.1386,20.0474,22.3394,-9999,-59994.03,-9999,76.9858,73.2015,95.5925,-0.0252,-0.1679,-0.2889,-30.0949,-0.496
1993.584640,33.226411,0.553774,194.8055,221.1138,20.3247,22.2716,-9999,-59994.03,-9999,77.3861,73.7381,96.5051,-0.0268,-0.1659,-0.2897,-30.0158,-0.4958
1999.994880,33.333248,0.555554,195.7198,222.0438,20.2047,22.3315,-9999,-59994.03,-9999,78.3523,74.5009,97.1109,-0.0272,-0.1652,-0.2887,-29.7265,-0.4957
2006.405120,33.440085,0.557335,196.715,222.9911,20.107,22.356,-9999,-59994.03,-9999,79.0989,75.126,97.809,-0.0288,-0.1657,-0.2896,-29.6729,-0.4962
2012.815360,33.546923,0.559115,197.6377,223.9238,20.2459,22.1754,-9999,-59994.03,-9999,79.3743,75.8076,98.4919,-0.033,-0.1727,-0.2975,-30.4599,-0.5041
2019.225600,33.653760,0.560896,198.5187,224.9072,20.3745,22.2899,-9999,-59994.03,-9999,80.0605,76.4428,99.0607,-0.0345,-0.1799,-0.3056,-31.5889,-0.5146
2025.635840,33.760597,0.562677,199.6146,225.7447,20.1494,22.4753,-9999,-59994.03,-9999,80.9408,76.8608,100.1105,-0.0378,-0.1836,-0.3098,-32.0514,-0.522
2032.046080,33.867435,0.564457,200.4275,226.7017,20.0289,22.5287,-9999,-59994.03,-9999,81.3424,77.7878,100.6991,-0.0321,-0.1782,-0.306,-31.5171,-0.5209
2038.456320,33.974272,0.566238,201.3081,227.5617,20.1033,22.175,-9999,-59994.03,-9999,81.9291,78.3018,101.4913,-0.0262,-0.1712,-0.3041,-31.3175,-0.519
2044.866560,34.081109,0.568018,202.1953,228.4411,19.9436,22.3715,-9999,-59994.03,-9999,82.9505,78.9109,102.4546,-0.0263,-0.169,-0.3015,-31.2599,-0.5204
2051.276800,34.187947,0.569799,203.2385,229.4158,19.986,22.3891,-9999,-59994.03,-9999,83.6265,79.527,102.865,-0.0279,-0.1698,-0.2969,-31.2759,-0.5216
2057.687040,34.294784,0.571580,204.016,230.284,20.0143,22.4885,-9999,-59994.03,-9999,84.1022,80.1803,103.7337,-0.0298,-0.1716,-0.3028,-31.7958,-0.525
2064.097280,34.401621,0.573360,205.0591,231.1972,20.0606,22.5065,-9999,-59994.03,-9999,84.8075,80.8236,104.5394,-0.0329,-0.1764,-0.3066,-31.9569,-0.5234
2070.507520,34.508459,0.575141,205.8906,232.1797,20.1357,22.5981,-9999,-59994.03,-9999,85.8949,81.447,105.1631,-0.031,-0.1777,-0.3034,-31.4729,-0.5196
2076.917760,34.615296,0.576922,206.8307,233.0534,20.2652,22.5828,-9999,-59994.03,-9999,86.4909,82.2131,106.0123,-0.0328,-0.1739,-0.2973,-30.8699,-0.5137
2083.328000,34.722133,0.578702,207.7737,233.9801,20.5225,22.3768,-9999,-59994.03,-9999,87.1549,82.612,106.6605,-0.0344,-0.1733,-0.2999,-30.6802,-0.5103
2089.738240,34.828971,0.580483,208.6544,234.8408,20.179,22.2466,-9999,-59994.03,-9999,87.9345,83.2488,107.6359,-0.0326,-0.1719,-0.3019,-30.9665,-0.5106
2096.148480,34.935808,0.582263,209.6053,235.6802,20.17,22.3419,-9999,-59994.03,-9999,88.5717,84.1191,108.1033,-0.0317,-0.1723,-0.303,-31.0818,-0.511
2102.558720,35.042645,0.584044,210.543,236.6354,20.2036,22.3005,-9999,-59994.03,-9999,89.2524,84.683,108.9832,-0.0313,-0.169,-0.3004,-30.779,-0.5071
2108.968960,35.149483,0.585825,211.4153,237.5285,20.2501,22.2728,-9999,-59994.03,-9999,90.3757,85.1785,109.7746,-0.0288,-0.1635,-0.2938,-30.1646,-0.5004
2115.379200,35.256320,0.587605,212.3421,238.4858,19.945,22.4908,-9999,-59994.03,-9999,90.8301,85.9776,110.2946,-0.0254,-0.1587,-0.2868,-29.8871,-0.4987
2121.789440,35.363157,0.589386,213.246,239.382,20.416,22.3988,-9999,-59994.03,-9999,91.6132,86.7451,111.0943,-0.0266,-0.1566,-0.2895,-30.2685,-0.502
2128.199680,35.469995,0.591167,214.135,240.2375,20.3842,22.4561,-9999,-59994.03,-9999,92.3066,87.3025,111.9696,-0.028,-0.1623,-0.293,-30.3914,-0.5073
2134.609920,35.576832,0.592947,215.0449,241.0963,20.2564,22.4066,1105.999,-59994.03,-9999,93.0888,87.9131,112.9551,-0.0318,-0.1684,-0.2975,-30.5295,-0.5118
2141.020160,35.683669,0.594728,216.017,241.9616,20.0581,22.6484,-9999,-59994.03,-9999,93.6024,88.6148,113.4665,-0.0315,-0.1752,-0.303,-30.7476,-0.514
2147.430400,35.790507,0.596508,216.999,243.0441,20.2545,22.8539,-9999,-59994.03,-9999,94.6928,89.4093,114.0641,-0.0285,-0.1772,-0.3037,-30.5163,-0.5101
2153.840640,35.897344,0.598289,217.911,243.864,20.1649,22.7467,-9999,-59994.03,-9999,95.6374,89.8235,115.036,-0.0339,-0.1787,-0.305,-30.7969,-0.5091
2160.250880,36.004181,0.600070,218.8646,244.771,20.2268,22.4321,-9999,-59994.03,-9999,96.0722,90.6636,115.6709,-0.0353,-0.1816,-0.3072,-31.0182,-0.5115
2166.661120,36.111019,0.601850,219.7012,245.6556,20.2091,22.5867,-9999,-59994.03,-9999,96.6449,91.4389,116.5458,-0.032,-0.1772,-0.3051,-30.9549,-0.5114
2173.071360,36.217856,0.603631,220.5487,246.6362,20.2999,22.8479,-9999,-59994.03,-9999,97.6118,92.0087,117.3183,-0.0313,-0.1768,-0.305,-30.7126,-0.5095
2179.481600,36.324693,0.605412,221.4863,247.4915,20.3319,22.765,-9999,-59994.03,-9999,98.4477,92.5183,118.061,-0.0344,-0.1783,-0.303,-30.6417,-0.5062
2185.891840,36.431531,0.607192,222.3319,248.3231,20.0248,22.577,-9999,-59994.03,-9999,98.8747,93.3125,118.9002,-0.0367,-0.18,-0.3042,-30.4549,-0.5056
2192.302080,36.538368,0.608973,223.3064,249.1849,20.0993,22.7998,-9999,-59994.03,-9999,100.0291,94.0962,119.3537,-0.0363,-0.1812,-0.306,-30.7466,-0.5032
2198.712320,36.645205,0.610753,224.1936,250.0816,20.17,22.6418,-9999,-59994.03,-9999,100.5347,94.7584,120.3513,-0.0351,-0.182,-0.3063,-30.7532,-0.5056
2205.122560,36.752043,0.612534,225.0951,250.996,20.4225,22.4073,-9999,-59994.03,-9999,101.4049,95.4314,121.3112,-0.0387,-0.1868,-0.3102,-31.3676,-0.512
2211.532800,36.858880,0.614315,225.9827,251.9495,20.5065,22.6406,-9999,-59994.03,-9999,102.4266,96.0076,121.9674,-0.039,-0.1883,-0.3155,-32.2524,-0.5202
2217.943040,36.965717,0.616095,226.8994,252.7179,20.299,22.4577,-9999,-59994.03,-9999,103.2062,96.6675,122.6258,-0.0413,-0.1933,-0.3244,-33.294,-0.5291
2224.353280,37.072555,0.617876,227.748,253.6709,20.2717,22.6295,-9999,-59994.03,-9999,103.9663,97.3418,123.5773,-0.044,-0.2007,-0.3313,-33.982,-0.5368
2230.763520,37.179392,0.619657,228.6265,254.5634,20.5741,22.5488,-9999,-59994.03,-9999,104.5982,98.1294,124.0188,-0.0404,-0.2032,-0.3345,-34.4242,-0.5448
2237.173760,37.286229,0.621437,229.5025,255.3138,20.0447,22.7448,-9999,-59994.03,-9999,105.3322,98.8501,124.8222,-0.0374,-0.2029,-0.3371,-34.954,-0.5476
2243.584000,37.393067,0.623218,230.4436,256.257,20.4906,22.6487,-9999,-59994.03,-9999,105.9479,99.4608,125.988,-0.0401,-0.2004,-0.3355,-34.9549,-0.5504
2249.994240,37.499904,0.624998,231.2801,257.1355,20.2881,22.6792,-9999,-59994.03,-9999,106.7721,100.3087,126.6633,-0.0387,-0.1941,-0.3321,-35.0463,-0.5538
2256.404480,37.606741,0.626779,232.1742,257.9776,20.3931,22.6522,-9999,-59994.03,-9999,107.7726,100.8325,127.5419,-0.0388,-0.1965,-0.335,-35.6382,-0.5588
2262.814720,37.713579,0.628560,233.1277,258.937,20.2925,22.7978,-9999,-59994.03,-9999,108.6637,101.6012,128.1927,-0.0385,-0.1988,-0.3337,-35.1911,-0.5583
2269.224960,37.820416,0.630340,233.787,259.6544,19.9471,22.7349,-9999,-59994.03,-9999,109.3966,102.1638,129.0929,-0.0373,-0.193,-0.3249,-34.7031,-0.5539
2275.635200,37.927253,0.632121,234.7673,260.5981,20.2585,22.8412,-9999,-59994.03,-9999,110.1716,103.1353,129.545,-0.0395,-0.1923,-0.3238,-34.5229,-0.5526
2282.045440,38.034091,0.633902,235.7051,261.5153,20.5473,22.7169,-9999,-59994.03,-9999,110.6159,103.7485,130.4911,-0.0393,-0.1909,-0.3193,-34.2305,-0.5533
2288.455680,38.140928,0.635682,236.5896,262.3022,20.4931,22.6279,-9999,-59994.03,-9999,111.8703,104.3289,131.2045,-0.0335,-0.182,-0.311,-33.0552,-0.544
2294.865920,38.247765,0.637463,237.5431,263.2301,20.119,22.7931,-9999,-59994.03,-9999,112.7099,104.9855,132.0951,-0.0304,-0.1749,-0.3045,-32.3752,-0.537
2301.276160,38.354603,0.639243,238.349,264.1127,20.3189,22.4977,-9999,-59994.03,-9999,113.2324,105.8073,132.7486,-0.0283,-0.1757,-0.308,-32.7626,-0.5406
2307.686400,38.461440,0.641024,239.1205,265.0453,20.0331,22.8962,-9999,-59994.03,-9999,114.3663,106.3831,133.6945,-0.0299,-0.1771,-0.3043,-32.5445,-0.5398
2314.096640,38.568277,0.642805,240.1068,265.8495,20.221,22.8833,-9999,-59994.03,-9999,114.954,107.3577,134.1664,-0.0334,-0.1818,-0.3058,-32.357,-0.536
2320.506880,38.675115,0.644585,240.9318,266.781,20.1427,22.9736,-9999,-59994.03,-9999,115.7647,107.7318,135.3395,-0.0382,-0.1888,-0.3142,-32.4588,-0.5313
2326.917120,38.781952,0.646366,241.8776,267.6771,20.2823,22.7451,-9999,-59994.03,-9999,116.7702,108.6446,135.8687,-0.0363,-0.1942,-0.3257,-33.2626,-0.537
2333.327360,38.888789,0.648146,242.6107,268.5767,20.2291,22.7321,-9999,-59994.03,-9999,117.6466,109.3395,136.479,-0.0339,-0.1919,-0.3297,-33.9532,-0.5434
2339.737600,38.995627,0.649927,243.6955,269.2441,20.0605,22.8112,-9999,-59994.03,-9999,118.5779,110.0432,137.3535,-0.0322,-0.1879,-0.3258,-34.0071,-0.5417
2346.147840,39.102464,0.651708,244.5511,270.1018,20.432,22.6519,-9999,-59994.03,-9999,119.0337,110.7791,138.1759,-0.0333,-0.188,-0.3259,-34.0366,-0.5476
2352.558080,39.209301,0.653488,245.5485,270.9458,20.2316,22.8026,-9999,-59994.03,-9999,119.7215,111.5552,139.0065,-0.0336,-0.1934,-0.3308,-34.7457,-0.5573
2358.968320,39.316139,0.655269,246.403,271.81,20.1279,22.9979,-9999,-59994.03,-9999,120.8757,112.1576,139.7068,-0.034,-0.194,-0.334,-35.0426,-0.5609
2365.378560,39.422976,0.657050,247.2291,272.5706,20.1089,22.9288,-9999,-59994.03,-9999,121.2924,113.1842,140.2709,-0.0279,-0.186,-0.3297,-34.5895,-0.5538
2371.788800,39.529813,0.658830,248.0653,273.5419,20.2754,22.8678,-9999,-59994.03,-9999,122.4661,113.5367,141.5244,-0.0269,-0.1789,-0.3223,-33.7895,-0.5453
2378.199040,39.636651,0.660611,249.0204,274.4212,20.4334,22.7777,-9999,-59994.03,-9999,123.5059,114.2609,142.0524,-0.0297,-0.1783,-0.3188,-33.4128,-0.5432
2384.609280,39.743488,0.662391,249.8391,275.3893,20.5397,22.9032,-9999,-59994.03,-9999,123.822,115.1065,143.0388,-0.03,-0.1725,-0.3104,-33.041,-0.5413
2391.019520,39.850325,0.664172,250.6834,276.1499,20.589,22.6725,-9999,-59994.03,-9999,124.7832,115.7914,143.8935,-0.027,-0.1649,-0.3005,-32.396,-0.5345
2397.429760,39.957163,0.665953,251.5431,277.0089,20.1369,23.0055,-9999,-59994.03,-9999,125.4681,116.7274,144.2691,-0.025,-0.1614,-0.2937,-31.8071,-0.53
2403.840000,40.064000,0.667733,252.3302,277.9687,20.4934,22.9933,-9999,-59994.03,-9999,126.6508,117.3241,145.3209,-0.0261,-0.161,-0.2939,-31.5967,-0.5285
2410.250240,40.170837,0.669514,253.3385,278.7618,20.2706,22.7772,-9999,-59994.03,-9999,127.3232,118.1556,145.8034,-0.0298,-0.1657,-0.2964,-31.7993,-0.532
2416.660480,40.277675,0.671295,254.1451,279.6794,20.2175,22.8369,-9999,-59994.03,-9999,128.2618,118.7925,146.9575,-0.03,-0.1678,-0.2962,-32.0601,-0.5332
2423.070720,40.384512,0.673075,254.9986,280.567,20.3271,22.9716,-9999,-59994.03,-9999,129.3587,119.5726,147.4311,-0.0335,-0.17,-0.2996,-32.0948,-0.5345
2429.480960,40.491349,0.674856,255.875,281.4253,20.513,22.9808,-9999,-59994.03,-9999,129.9795,120.3117,148.576,-0.0349,-0.1736,-0.3041,-32.2479,-0.5371
2435.891200,40.598187,0.676636,256.7278,282.2638,20.511,22.8191,-9999,-59994.03,-9999,130.8689,121.083,149.055,-0.0344,-0.1768,-0.3032,-32.1666,-0.5391
2442.301440,40.705024,0.678417,257.6017,283.1848,20.7036,22.8006,-9999,-59994.03,-9999,131.5762,121.7313,149.9788,-0.0366,-0.1795,-0.3065,-32.6272,-0.542
2448.711680,40.811861,0.680198,258.518,284.0069,20.3407,22.9501,-9999,-59994.03,-9999,132.3485,122.4314,150.7989,-0.0402,-0.1881,-0.3198,-33.8106,-0.5494
2455.121920,40.918699,0.681978,259.456,284.917,20.3215,22.9039,-9999,-59994.03,-9999,133.3454,123.1911,151.6949,-0.0427,-0.196,-0.3249,-34.1313,-0.5481
2461.532160,41.025536,0.683759,260.3622,285.8114,20.2175,23.0291,-9999,-59994.03,-9999,134.2865,123.8763,152.5139,-0.0429,-0.1984,-0.3287,-34.4377,-0.5517
2467.942400,41.132373,0.685540,261.1313,286.6223,20.5212,22.8024,-9999,-59994.03,-9999,135.1629,124.7012,153.0268,-0.0439,-0.2035,-0.3369,-34.9951,-0.5553
2474.352640,41.239211,0.687320,261.9788,287.4915,20.4459,22.7957,-9999,-59994.03,-9999,135.6589,125.6897,153.7914,-0.0388,-0.2002,-0.3333,-35.0114,-0.5555
2480.762880,41.346048,0.689101,262.7653,288.3786,20.4552,22.9076,-9999,-59994.03,-9999,136.612,126.2828,154.6398,-0.0369,-0.196,-0.3322,-35.1871,-0.5613
2487.173120,41.452885,0.690881,263.6884,289.1705,20.1411,22.9485,-9999,-59994.03,-9999,137.5391,126.9514,155.3811,-0.0414,-0.2011,-0.3403,-35.625,-0.5648
2493.583360,41.559723,0.692662,264.8112,290.1149,20.3866,22.6822,-9999,-59994.03,-9999,138.161,127.832,156.3839,-0.043,-0.2045,-0.3445,-35.8837,-0.5629
2499.993600,41.666560,0.694443,265.3744,291.0712,20.646,22.7109,-9999,-59994.03,-9999,139.5829,128.5478,156.8454,-0.043,-0.2045,-0.3458,-36.0244,-0.5659
2506.403840,41.773397,0.696223,266.1948,291.8806,20.3211,22.832,-9999,-59994.03,-9999,140.2201,129.2388,157.7109,-0.0447,-0.2065,-0.3492,-36.0665,-0.568
2512.814080,41.880235,0.698004,266.8929,292.7852,20.5022,22.6587,-9999,-59994.03,-9999,140.7807,130.0551,158.702,-0.0424,-0.2067,-0.3522,-36.4732,-0.5739
2519.224320,41.987072,0.699785,267.7001,293.7492,20.3579,22.847,-9999,-59994.03,-9999,141.8504,130.8139,159.4588,-0.0431,-0.2097,-0.3537,-36.9971,-0.5824
2525.634560,42.093909,0.701565,268.5631,294.5945,20.6337,22.805,-9999,-59994.03,-9999,142.7339,131.5085,160.2215,-0.0424,-0.2097,-0.3526,-36.9827,-0.5852
2532.044800,42.200747,0.703346,269.2921,295.4246,20.4614,22.7536,-9999,-59994.03,-9999,143.3726,132.3504,160.8235,-0.0417,-0.208,-0.3531,-36.991,-0.5825
2538.455040,42.307584,0.705126,270.1469,296.226,20.256,22.7828,-9999,-59994.03,-9999,144.4237,133.2238,161.7009,-0.0455,-0.2091,-0.3542,-37.5736,-0.5843
2544.865280,42.414421,0.706907,270.984,297.1705,20.2703,22.9556,-9999,-59994.03,-9999,145.2278,133.8672,162.4416,-0.0402,-0.205,-0.3522,-37.6358,-0.5832
2551.275520,42.521259,0.708688,271.8575,298.0735,20.595,22.6374,-9999,-59994.03,-9999,146.2064,134.3412,163.4552,-0.04,-0.2029,-0.3479,-37.2893,-0.5796
2557.685760,42.628096,0.710468,272.6997,298.9042,20.6068,22.6619,-9999,-59994.03,-9999,147.1645,135.38,163.9344,-0.0411,-0.2027,-0.3475,-37.2553,-0.5789
2564.096000,42.734933,0.712249,273.5447,299.7971,20.5184,23.0134,-9999,-59994.03,-9999,147.7488,136.1126,164.855,-0.0419,-0.2051,-0.3564,-38.0104,-0.5859
2570.506240,42.841771,0.714030,274.3145,300.6323,20.381,22.9286,-9999,-59994.03,-9999,148.9403,136.7717,165.793,-0.0407,-0.2071,-0.3647,-38.6845,-0.5931
2576.916480,42.948608,0.715810,275.1517,301.5692,20.535,22.8498,-9999,-59994.03,-9999,149.8844,137.5706,166.2475,-0.0404,-0.2093,-0.3655,-39.245,-0.6023
2583.326720,43.055445,0.717591,275.9903,302.3092,20.2865,22.8295,-9999,-59994.03,-9999,150.6844,138.2489,167.2549,-0.0406,-0.2079,-0.3622,-39.2809,-0.606
2589.736960,43.162283,0.719371,276.8172,303.1411,20.0514,22.9429,-9999,-59994.03,-9999,151.5183,138.7928,168.0055,-0.0468,-0.2124,-0.3605,-39.0277,-0.6043
2596.147200,43.269120,0.721152,277.6503,304.0497,20.2903,22.5556,-9999,-59994.03,-9999,152.538,139.5541,168.8313,-0.0504,-0.2152,-0.3576,-38.4804,-0.6001
2602.557440,43.375957,0.722933,278.4626,304.917,20.6617,22.621,-9999,-59994.03,-9999,153.3983,140.5335,169.4081,-0.0466,-0.2121,-0.3561,-38.3198,-0.6007
2608.967680,43.482795,0.724713,279.2307,305.6837,20.234,22.7994,-9999,-59994.03,-9999,154.244,141.2504,170.3263,-0.0433,-0.2042,-0.3504,-38.0113,-0.5967
2615.377920,43.589632,0.726494,280.1055,306.5775,20.3551,22.5341,-9999,-59994.03,-9999,154.7906,141.9547,171.1209,-0.0436,-0.2051,-0.3521,-38.214,-0.6014
2621.788160,43.696469,0.728274,280.9833,307.4792,20.2648,22.7862,-9999,-59994.03,-9999,156.1586,142.608,171.8425,-0.0442,-0.2034,-0.3513,-38.2381,-0.6
2628.198400,43.803307,0.730055,281.7258,308.3685,20.3544,22.7846,-9999,-59994.03,-9999,156.5882,143.563,172.8042,-0.043,-0.1996,-0.3476,-37.85,-0.595
2634.608640,43.910144,0.731836,282.5783,309.1718,20.2965,22.9891,-9999,-59994.03,-9999,157.8037,144.2212,173.4277,-0.0354,-0.1917,-0.3378,-36.8469,-0.5878
2641.018880,44.016981,0.733616,283.3206,310.003,20.388,22.7421,-9999,-59994.03,-9999,158.6582,145.063,174.2727,-0.0322,-0.1863,-0.3265,-36.2167,-0.5845
2647.429120,44.123819,0.735397,284.2377,310.9355,20.574,22.7865,-9999,-59994.03,-9999,159.599,145.8044,175.166,-0.0353,-0.1859,-0.3264,-35.6264,-0.5806
2653.839360,44.230656,0.737178,285.0261,311.7503,20.6571,22.6684,-9999,-59994.03,-9999,160.3135,146.7399,175.6071,-0.0384,-0.1927,-0.3322,-35.5707,-0.5829
2660.249600,44.337493,0.738958,285.7905,312.5865,20.4005,22.5304,-9999,-59994.03,-9999,161.2187,147.2938,176.6033,-0.0383,-0.1903,-0.3322,-35.4538,-0.5799
2666.659840,44.444331,0.740739,286.7349,313.4036,20.3797,22.7437,-9999,-59994.03,-9999,162.0516,148.0023,177.2232,-0.0374,-0.1883,-0.3315,-35.0069,-0.5754
2673.070080,44.551168,0.742519,287.4639,314.3227,20.7069,22.8158,-9999,-59994.03,-9999,163.0997,148.787,178.172,-0.0397,-0.1902,-0.3325,-34.9223,-0.573
2679.480320,44.658005,0.744300,288.2797,315.1174,20.3778,22.8724,-9999,-59994.03,-9999,163.9288,149.4922,178.9145,-0.0374,-0.1924,-0.3327,-34.9663,-0.5676
2685.890560,44.764843,0.746081,289.0464,315.8839,20.2722,22.7978,-9999,-59994.03,-9999,165.1569,150.1178,179.8232,-0.0357,-0.1919,-0.331,-34.7525,-0.5615
2692.300800,44.871680,0.747861,290.0109,316.8203,20.6064,22.8089,-9999,-59994.03,-9999,165.8902,150.8357,180.5576,-0.0353,-0.1976,-0.3378,-35.3548,-0.5662
2698.711040,44.978517,0.749642,290.6809,317.6445,20.1888,22.9614,-9999,-59994.03,-9999,166.6354,151.7704,181.352,-0.034,-0.1931,-0.336,-35.237,-0.5657
2705.121280,45.085355,0.751423,291.5483,318.4965,20.3343,22.8595,-9999,-59994.03,-9999,167.5656,152.3988,182.2536,-0.0349,-0.1888,-0.3295,-34.3793,-0.557
2711.531520,45.192192,0.753203,292.3564,319.3589,20.2222,22.8574,-9999,-59994.03,-9999,168.594,153.1917,182.7294,-0.0326,-0.1853,-0.324,-33.9398,-0.5495
2717.941760,45.299029,0.754984,293.1704,320.2199,20.3577,22.8355,-9999,-59994.03,-9999,169.4321,154.1196,183.6367,-0.031,-0.1844,-0.3256,-33.8245,-0.5478
2724.352000,45.405867,0.756764,293.9889,321.0936,20.3854,22.7791,-9999,-59994.03,-9999,170.1132,154.8604,184.3488,-0.031,-0.1856,-0.3269,-34.046,-0.5482
2730.762240,45.512704,0.758545,294.8076,321.9856,20.6247,22.6765,-9999,-59994.03,-9999,171.392,155.312,185.2834,-0.0347,-0.1855,-0.3234,-34.0288,-0.5487
2737.172480,45.619541,0.760326,295.6345,322.7412,20.2013,22.771,-9999,-59994.03,-9999,172.3357,156.255,186.0559,-0.0317,-0.1813,-0.3145,-33.7213,-0.5477
2743.582720,45.726379,0.762106,296.4467,323.5591,20.2958,22.8096,-9999,-59994.03,-9999,172.9865,157.1264,187.0758,-0.0317,-0.1796,-0.3117,-33.5363,-0.5466
2749.992960,45.833216,0.763887,297.3535,324.3716,20.7117,22.8329,-9999,-59994.03,-9999,173.7706,157.9833,187.6894,-0.0306,-0.1784,-0.3124,-33.8103,-0.5498
2756.403200,45.940053,0.765668,298.1093,325.2134,20.6177,22.6522,-9999,-59994.03,-9999,174.595,158.3582,188.7288,-0.0361,-0.1859,-0.3189,-33.9882,-0.5535
2762.813440,46.046891,0.767448,298.9814,326.0674,20.3637,22.8281,-9999,-59994.03,-9999,175.4951,159.4507,189.182,-0.0397,-0.1892,-0.3204,-33.7397,-0.5511
2769.223680,46.153728,0.769229,299.7491,326.7994,20.1432,22.8426,-9999,-59994.03,-9999,176.4594,160.0969,190.1125,-0.0402,-0.1875,-0.3186,-33.7293,-0.5521
2775.633920,46.260565,0.771009,300.6385,327.7352,20.2842,22.6596,-9999,-59994.03,-9999,177.3795,160.8379,190.9626,-0.0449,-0.1914,-0.3202,-33.9894,-0.5573
2782.044160,46.367403,0.772790,301.4725,328.6825,20.6909,22.7229,-9999,-59994.03,-9999,178.5168,161.3202,191.8278,-0.0451,-0.1906,-0.3215,-34.0338,-0.5585
2788.454400,46.474240,0.774571,302.2696,329.4736,20.0952,23.0716,-9999,-59994.03,-9999,179.099,162.5665,192.5084,-0.0434,-0.1881,-0.3202,-33.6303,-0.5559
2794.864640,46.581077,0.776351,303.0108,330.2219,20.2814,22.8371,-9999,-59994.03,-9999,179.7666,163.2651,193.2015,-0.0401,-0.1845,-0.3203,-33.6462,-0.5552
2801.274880,46.687915,0.778132,303.801,331.067,20.2872,22.9108,-9999,-59994.03,-9999,180.8452,163.7429,194.3145,-0.0386,-0.1861,-0.3262,-34.4318,-0.5551
2807.685120,46.794752,0.779913,304.7285,332.0701,20.7414,22.734,-9999,-59994.03,-9999,182.0641,164.6074,194.9036,-0.0439,-0.1949,-0.3339,-35.0508,-0.5601
2814.095360,46.901589,0.781693,305.4378,332.8877,20.667,22.8655,-9999,-59994.03,-9999,182.6686,165.4796,195.5961,-0.047,-0.2043,-0.3407,-35.9352,-0.5682
2820.505600,47.008427,0.783474,306.2989,333.6092,20.1052,23.0217,-9999,-59994.03,-9999,183.725,165.9394,196.6177,-0.0412,-0.2024,-0.3394,-36.1749,-0.5717
2826.915840,47.115264,0.785254,307.1012,334.6027,20.3648,23.0051,-9999,-59994.03,-9999,184.6185,167.0109,197.0945,-0.039,-0.2003,-0.3408,-36.2198,-0.5698
2833.326080,47.222101,0.787035,307.9677,335.4623,20.674,23.0351,-9999,-59994.03,-9999,185.8839,167.5196,198.1326,-0.041,-0.2021,-0.3413,-36.1319,-0.5653
2839.736320,47.328939,0.788816,308.8088,336.1746,20.3245,22.9718,-9999,-59994.03,-9999,186.571,168.1146,198.9024,-0.0366,-0.1942,-0.3346,-35.3411,-0.5585
2846.146560,47.435776,0.790596,309.66,337.1152,20.3678,22.9069,-9999,-59994.03,-9999,187.4242,168.9779,199.7595,-0.0285,-0.1858,-0.3228,-34.1778,-0.5491
2852.556800,47.542613,0.792377,310.4075,338.0446,20.6821,22.8498,-9999,-59994.03,-9999,188.5353,169.8872,200.3226,-0.0232,-0.176,-0.3136,-33.5068,-0.5453
2858.967040,47.649451,0.794158,311.2881,338.777,20.3035,22.9774,-9999,-59994.03,-9999,189.0077,170.9175,201.0828,-0.0229,-0.1699,-0.3067,-32.7373,-0.5401
2865.377280,47.756288,0.795938,312.0063,339.6525,20.5654,23.0155,-9999,-59994.03,-9999,190.1731,171.5785,202.0929,-0.0249,-0.1652,-0.3041,-32.3421,-0.5345
2871.787520,47.863125,0.797719,312.9675,340.5018,20.158,23.0894,-9999,-59994.03,-9999,190.9144,172.4095,202.6089,-0.0238,-0.1628,-0.3016,-31.9044,-0.5313
2878.197760,47.969963,0.799499,313.6527,341.4076,20.4994,22.9129,-9999,-59994.03,-9999,192.0811,172.9995,203.4761,-0.0232,-0.156,-0.292,-31.1418,-0.5232
2884.608000,48.076800,0.801280,314.4959,342.1672,20.3292,23.2433,-9999,-59994.03,-9999,193.0123,173.6533,204.2731,-0.0216,-0.1505,-0.2812,-30.3831,-0.5137
2891.018240,48.183637,0.803061,315.2747,343.02,20.4547,23.1435,-9999,-59994.03,-9999,193.9179,174.5989,205.2541,-0.0245,-0.151,-0.2788,-29.735,-0.5057
2897.428480,48.290475,0.804841,316.1431,343.9322,20.6587,22.9251,-9999,-59994.03,-9999,194.8836,175.316,205.7199,-0.0286,-0.1552,-0.2832,-29.6568,-0.505
2903.838720,48.397312,0.806622,316.9171,344.6858,20.3926,23.0104,-9999,-59994.03,-9999,195.6537,176.0818,206.7822,-0.034,-0.1614,-0.287,-30.0635,-0.5071
2910.248960,48.504149,0.808402,317.8093,345.5691,20.6351,23.2243,-9999,-59994.03,-9999,196.3676,177.0214,207.3069,-0.0315,-0.1651,-0.2891,-30.2993,-0.5055
2916.659200,48.610987,0.810183,318.6198,346.4459,20.5091,23.2609,-9999,-59994.03,-9999,197.5027,177.5582,208.4627,-0.0315,-0.1657,-0.293,-30.6559,-0.5073
2923.069440,48.717824,0.811964,319.3572,347.2861,20.5469,23.2403,-9999,-59994.03,-9999,198.6486,178.4341,208.9782,-0.0336,-0.1716,-0.2982,-31.1165,-0.5102
2929.479680,48.824661,0.813744,320.2142,348.1004,20.5473,23.1858,-9999,-59994.03,-9999,199.316,179.1268,209.9572,-0.0358,-0.1748,-0.3008,-31.0435,-0.5075
2935.889920,48.931499,0.815525,320.9811,348.9464,20.6837,23.1167,-9999,-59994.03,-9999,200.567,179.7316,210.7378,-0.0348,-0.172,-0.3001,-31.0015,-0.5064
2942.300160,49.038336,0.817306,321.7432,349.7842,20.5346,23.25,-9999,-59994.03,-9999,201.3827,180.6718,211.6754,-0.0342,-0.1718,-0.2968,-30.9032,-0.5041
2948.710400,49.145173,0.819086,322.5926,350.6207,20.7761,23.1553,-9999,-59994.03,-9999,202.3106,181.5267,212.2739,-0.0371,-0.173,-0.2964,-30.6384,-0.5008
2955.120640,49.252011,0.820867,323.5323,351.5272,20.4876,23.2849,-9999,-59994.03,-9999,202.9179,182.4362,213.0981,-0.0323,-0.1698,-0.2978,-30.745,-0.502
2961.530880,49.358848,0.822647,324.3509,352.4394,20.3797,23.2424,-9999,-59994.03,-9999,204.2383,182.9573,214.029,-0.0324,-0.169,-0.2999,-30.804,-0.5024
2967.941120,49.465685,0.824428,325.2249,353.3537,20.674,23.4136,-9999,-59994.03,-9999,205.0368,183.8825,214.7679,-0.0337,-0.1703,-0.2991,-30.9937,-0.5069
2974.351360,49.572523,0.826209,326.0737,354.1013,20.59,23.332,-9999,-59994.03,-9999,206.1371,184.656,215.5042,-0.0362,-0.1719,-0.2996,-31.2327,-0.5093
2980.761600,49.679360,0.827989,326.8918,355.3903,20.6786,23.0058,-9999,-59994.03,-9999,206.6682,185.4988,216.4674,-0.0413,-0.1765,-0.2994,-31.1538,-0.513
2987.171840,49.786197,0.829770,328.0868,357.206,20.4709,23.3302,-9999,-59994.03,-9999,207.5524,186.2835,217.092,-0.0424,-0.1828,-0.3047,-31.3248,-0.517
2993.582080,49.893035,0.831551,328.994,358.5984,20.6689,23.2387,-9999,-59994.03,-9999,208.6935,186.8987,217.9237,-0.0424,-0.184,-0.3055,-31.4859,-0.5235
2999.992320,49.999872,0.833331,329.9225,359.5774,20.5409,23.466,-9999,-59994.03,-9999,209.897,187.8843,218.5357,-0.0409,-0.184,-0.306,-31.766,-0.5312
3006.402560,50.106709,0.835112,330.7717,360.5263,20.4895,23.2992,-9999,-59994.03,-9999,210.7492,188.4711,219.567,-0.0381,-0.188,-0.3131,-32.379,-0.5358
3012.812800,50.213547,0.836892,331.5923,361.3106,20.2757,23.5152,-9999,-59994.03,-9999,211.4578,189.1977,220.4581,-0.0386,-0.1934,-0.3197,-32.8528,-0.5405
3019.223040,50.320384,0.838673,332.3888,362.2621,20.6196,23.3868,-9999,-59994.03,-9999,212.4362,189.96,221.0942,-0.0388,-0.1947,-0.3261,-33.7199,-0.5465
3025.633280,50.427221,0.840454,333.2806,363.1803,20.7537,23.3891,-9999,-59994.03,-9999,213.3918,190.9068,222.032,-0.0379,-0.195,-0.3289,-34.1979,-0.5506
3032.043520,50.534059,0.842234,334.0571,363.9151,20.3299,23.5291,-9999,-59994.03,-9999,214.5487,191.6457,222.6509,-0.0394,-0.1934,-0.3284,-34.3408,-0.5565
3038.453760,50.640896,0.844015,334.8415,364.8332,20.9514,23.2036,-9999,-59994.03,-9999,215.3666,192.5712,223.4126,-0.0423,-0.1954,-0.3318,-34.7929,-0.5613
3044.864000,50.747733,0.845796,335.6443,365.6361,20.5115,23.5388,-9999,-59994.03,-9999,216.1421,193.3121,224.2299,-0.0411,-0.1966,-0.3349,-35.2426,-0.5619
3051.274240,50.854571,0.847576,336.543,366.5119,20.6664,23.4332,-9999,-59994.03,-9999,217.283,194.0674,225.1187,-0.038,-0.1942,-0.3394,-35.6508,-0.566
3057.684480,50.961408,0.849357,337.3112,367.3692,20.9708,23.3336,-9999,-59994.03,-9999,217.9955,194.9428,225.9117,-0.0358,-0.1922,-0.3373,-35.7566,-0.565
3064.094720,51.068245,0.851137,338.1809,368.1195,20.5279,23.3484,-9999,-59994.03,-9999,218.8207,195.7982,226.5567,-0.0366,-0.1924,-0.3379,-35.582,-0.5656
3070.504960,51.175083,0.852918,339.1707,369.0125,20.7715,23.5741,-9999,-59994.03,-9999,219.858,196.3774,227.5576,-0.0337,-0.1897,-0.3371,-35.9026,-0.5683
3076.915200,51.281920,0.854699,339.7826,369.871,20.7946,23.3103,-9999,-59994.03,-9999,221.0496,197.1379,228.3266,-0.0353,-0.1913,-0.3389,-36.6241,-0.5743
3083.325440,51.388757,0.856479,340.6403,370.6195,20.6659,23.4632,-9999,-59994.03,-9999,221.8963,197.9839,228.96,-0.0459,-0.2022,-0.3442,-37.3549,-0.5818
3089.735680,51.495595,0.858260,341.5178,371.465,20.6256,23.4852,-9999,-59994.03,-9999,222.7712,198.6336,230.1608,-0.0439,-0.2,-0.337,-36.5769,-0.578
3096.145920,51.602432,0.860041,342.2723,372.2566,20.587,23.524,-9999,-59994.03,-9999,223.8328,199.4748,230.7462,-0.0422,-0.2002,-0.3338,-35.8633,-0.5735
3102.556160,51.709269,0.861821,343.1744,373.1652,20.931,23.4796,-9999,-59994.03,-9999,224.4126,200.5366,231.2697,-0.0407,-0.1989,-0.3301,-35.206,-0.5668
3108.966400,51.816107,0.863602,343.8976,374.0416,20.9349,23.3616,-9999,-59994.03,-9999,225.5946,201.1565,232.278,-0.0387,-0.1993,-0.3318,-35.1408,-0.5651
3115.376640,51.922944,0.865382,344.7808,374.7672,20.636,23.6879,-9999,-59994.03,-9999,226.7176,201.909,233.0966,-0.0406,-0.1985,-0.3304,-34.7594,-0.5599
3121.786880,52.029781,0.867163,345.5382,375.5646,20.5362,23.6314,-9999,-59994.03,-9999,227.5855,202.7472,234.1544,-0.0435,-0.1991,-0.3272,-34.1549,-0.553
3128.197120,52.136619,0.868944,346.3069,376.3654,20.7784,23.6669,-9999,-59994.03,-9999,228.4136,203.3719,234.7486,-0.0402,-0.1973,-0.3288,-33.7749,-0.5465
3134.607360,52.243456,0.870724,347.1194,377.1865,20.4332,23.5965,-9999,-59994.03,-9999,229.3705,204.4603,235.5323,-0.0367,-0.192,-0.3246,-33.4154,-0.5415
3141.017600,52.350293,0.872505,347.9595,377.9875,20.3396,23.6519,-9999,-59994.03,-9999,230.3348,204.9036,236.4201,-0.0306,-0.1878,-0.3269,-33.8514,-0.544
3147.427840,52.457131,0.874286,348.7733,378.8354,20.5793,23.5863,-9999,-59994.03,-9999,231.1891,205.8402,236.9592,-0.0297,-0.1851,-0.3236,-33.5859,-0.5407
3153.838080,52.563968,0.876066,349.5314,379.6203,20.6523,23.542,-9999,-59994.03,-9999,232.1067,206.6388,237.8366,-0.0323,-0.1823,-0.322,-32.9978,-0.534
3160.248320,52.670805,0.877847,350.3045,380.4257,20.4438,23.6062,-9999,-59994.03,-9999,232.936,207.565,238.7863,-0.0329,-0.1799,-0.3139,-32.4085,-0.5257
3166.658560,52.777643,0.879627,351.1407,381.2385,20.5888,23.8029,-9999,-59994.03,-9999,234.3961,207.9653,239.7758,-0.0328,-0.1759,-0.3078,-31.8421,-0.5168
3173.068800,52.884480,0.881408,351.9383,382.1446,20.8553,23.3385,-9999,-59994.03,-9999,234.8366,209.0131,240.5565,-0.036,-0.1782,-0.3063,-31.5445,-0.5174
3179.479040,52.991317,0.883189,352.7032,382.8824,20.637,23.5244,-9999,-59994.03,-9999,236.0255,209.9396,241.1745,-0.0349,-0.1795,-0.3049,-31.2159,-0.5167
3185.889280,53.098155,0.884969,353.5839,383.5915,20.3924,23.6425,-9999,-59994.03,-9999,237.0586,210.6064,241.8934,-0.0349,-0.177,-0.3055,-30.936,-0.5125
3192.299520,53.204992,0.886750,354.3148,384.4662,20.8095,23.7013,-9999,-59994.03,-9999,237.9184,211.4259,242.6539,-0.036,-0.177,-0.3027,-30.9597,-0.5107
3198.709760,53.311829,0.888530,355.1467,385.2819,20.743,23.4831,-9999,-59994.03,-9999,238.9846,212.3943,243.3751,-0.0351,-0.1772,-0.3041,-30.9419,-0.5117
3205.120000,53.418667,0.890311,355.8943,386.0417,20.6881,23.3401,-9999,-59994.03,-9999,239.7316,213.0442,244.2369,-0.0388,-0.1792,-0.3044,-30.6597,-0.5095
3211.530240,53.525504,0.892092,356.7312,386.7868,20.6747,23.4676,244.2807,-59994.03,-9999,241.0273,213.8318,245.1628,-0.0411,-0.1808,-0.304,-30.3361,-0.5063
3217.940480,53.632341,0.893872,357.4693,387.6033,20.6793,23.5036,-9999,-59994.03,-9999,241.6934,214.406,246.0775,-0.0404,-0.1845,-0.3092,-31.1432,-0.513
3224.350720,53.739179,0.895653,358.2902,388.4645,20.6789,23.5796,-9999,-59994.03,-9999,242.6543,215.2249,246.7386,-0.0441,-0.189,-0.3153,-32.0405,-0.5214
3230.760960,53.846016,0.897434,359.0965,389.3552,20.5777,23.6759,-9999,-59994.03,-9999,243.4984,216.2088,247.7304,-0.041,-0.1924,-0.3162,-32.2184,-0.5206
3237.171200,53.952853,0.899214,359.9298,390.0752,20.6571,23.4274,-9999,-59994.03,-9999,244.3917,217.0576,248.333,-0.0396,-0.1986,-0.3234,-32.6789,-0.5219
3243.581440,54.059691,0.900995,360.7107,390.8682,20.514,23.6281,-9999,-59994.03,-9999,245.3708,217.917,248.9414,-0.0342,-0.1966,-0.3254,-32.6506,-0.5186
3249.991680,54.166528,0.902775,361.5223,391.7726,20.9514,23.43,-9999,-59994.03,-9999,246.3883,218.4161,249.9527,-0.0306,-0.194,-0.3246,-32.5897,-0.5157
3256.401920,54.273365,0.904556,362.3052,392.5211,20.5418,23.5164,-9999,-59994.03,-9999,247.2368,219.5248,250.4469,-0.0309,-0.1911,-0.3257,-32.7011,-0.5181
3262.812160,54.380203,0.906337,363.0816,393.2162,20.3422,23.5759,-9999,-59994.03,-9999,248.3119,220.2353,251.6805,-0.0304,-0.1868,-0.3236,-32.4387,-0.5184
3269.222400,54.487040,0.908117,363.9478,394.1909,20.705,23.693,-9999,-59994.03,-9999,249.0804,221.1635,252.2734,-0.0339,-0.1859,-0.3226,-32.4198,-0.5137
3275.632640,54.593877,0.909898,364.6539,394.8605,20.6742,23.6191,-9999,-59994.03,-9999,250.4207,221.546,253.279,-0.0344,-0.183,-0.3207,-32.2918,-0.5101
3282.042880,54.700715,0.911679,365.5085,395.6346,20.637,23.5203,-9999,-59994.03,-9999,251.4934,222.415,253.8013,-0.0342,-0.1832,-0.3185,-32.5018,-0.5142
3288.453120,54.807552,0.913459,366.3073,396.4962,20.6379,23.5722,-9999,-59994.03,-9999,252.3057,223.2246,254.8764,-0.0375,-0.1826,-0.3179,-32.7479,-0.5169
3294.863360,54.914389,0.915240,367.0436,397.2997,20.7159,23.5069,-9999,-59994.03,-9999,253.0011,224.1666,255.5893,-0.0342,-0.1807,-0.3173,-32.5171,-0.5153
3301.273600,55.021227,0.917020,367.7789,398.0942,20.5619,23.7226,-9999,-59994.03,-9999,254.0925,224.9752,256.3668,-0.0312,-0.1747,-0.3105,-32.0081,-0.5143
3307.683840,55.128064,0.918801,368.7143,398.8495,20.4406,23.5905,-9999,-59994.03,-9999,254.9126,225.5823,257.2562,-0.0297,-0.1725,-0.3101,-32.061,-0.5164
3314.094080,55.234901,0.920582,369.4148,399.684,20.856,23.7101,-9999,-59994.03,-9999,255.8952,226.656,257.9152,-0.0297,-0.169,-0.3066,-31.6605,-0.5137
3320.504320,55.341739,0.922362,370.2708,400.4738,20.4295,23.6117,-9999,-59994.03,-9999,257.0896,227.3446,258.5553,-0.0286,-0.1675,-0.3029,-31.5447,-0.514
3326.914560,55.448576,0.924143,371.0109,401.2549,20.7696,23.566,-9999,-59994.03,-9999,257.9554,228.0277,259.6703,-0.0326,-0.1697,-0.3032,-31.6038,-0.5163
3333.324800,55.555413,0.925924,371.8798,402.0405,20.5344,23.8136,-9999,-59994.03,-9999,258.7285,228.9836,260.2137,-0.0276,-0.1691,-0.3011,-31.3943,-0.5169
3339.735040,55.662251,0.927704,372.6788,402.9324,20.7109,23.8561,-9999,-59994.03,-9999,259.5866,229.7762,261.0466,-0.0236,-0.1621,-0.2918,-30.9519,-0.5175
3346.145280,55.769088,0.929485,373.4782,403.6501,20.6277,23.5792,-9999,-59994.03,-9999,260.5058,230.5972,261.6941,-0.0234,-0.1636,-0.2926,-30.9663,-0.5187
3352.555520,55.875925,0.931265,374.2613,404.4683,20.7833,23.5344,-9999,-59994.03,-9999,261.75,231.1486,262.7898,-0.0287,-0.1698,-0.2951,-31.0416,-0.5185
3358.965760,55.982763,0.933046,375.0166,405.2601,20.8989,23.5864,-9999,-59994.03,-9999,262.3615,232.0395,263.4789,-0.0309,-0.1719,-0.2957,-30.9937,-0.5166
3365.376000,56.089600,0.934827,375.8414,406.0201,20.6363,23.8365,-9999,-59994.03,-9999,263.654,232.7309,264.1613,-0.0296,-0.1693,-0.2969,-31.13,-0.5156
3371.786240,56.196437,0.936607,376.5563,406.8848,20.7683,23.9198,-9999,-59994.03,-9999,264.2659,233.6722,265.0828,-0.0284,-0.1713,-0.2994,-31.1047,-0.514
3378.196480,56.303275,0.938388,377.4017,407.589,20.8387,23.7549,-9999,-59994.03,-9999,265.6255,234.2861,266.0186,-0.0349,-0.183,-0.3106,-32.028,-0.5199
3384.606720,56.410112,0.940169,378.206,408.3546,20.6321,23.7628,-9999,-59994.03,-9999,266.3474,235.1921,266.7459,-0.0372,-0.1837,-0.3152,-32.5464,-0.5223
3391.016960,56.516949,0.941949,378.7582,409.2536,20.6724,23.8122,-9999,-59994.03,-9999,267.4016,235.8777,267.5063,-0.0254,-0.1788,-0.3128,-32.5197,-0.5211
3397.427200,56.623787,0.943730,379.6188,410.0518,20.8076,23.7951,-9999,-59994.03,-9999,268.3209,236.9135,268.1047,-0.0269,-0.1786,-0.3147,-32.4371,-0.5173
3403.837440,56.730624,0.945510,380.3078,410.847,20.6509,23.815,-9999,-59994.03,-9999,269.185,237.6,269.088,-0.0331,-0.1863,-0.3252,-33.0491,-0.5239
3410.247680,56.837461,0.947291,381.1914,411.5167,20.6027,23.7533,-9999,-59994.03,-9999,269.9376,238.451,269.9396,-0.0355,-0.1862,-0.3298,-33.2895,-0.5268
3416.657920,56.944299,0.949072,382.04,412.3084,20.6548,23.7882,-9999,-59994.03,-9999,270.9463,239.3036,270.6534,-0.036,-0.1887,-0.329,-33.3212,-0.5253
3423.068160,57.051136,0.950852,382.8345,413.1011,20.7894,23.7566,-9999,-59994.03,-9999,272.2322,240.1204,271.3758,-0.0355,-0.1901,-0.3302,-33.7114,-0.5289
3429.478400,57.157973,0.952633,383.2906,414.0394,20.4767,23.9004,-9999,-59994.03,-9999,272.9004,240.8123,272.196,-0.0379,-0.1923,-0.3386,-34.7667,-0.5383
3435.888640,57.264811,0.954414,384.1919,414.7866,20.7081,23.6395,-9999,-59994.03,-9999,273.7176,241.5543,273.0384,-0.0434,-0.1997,-0.3447,-35.5681,-0.5466
3442.298880,57.371648,0.956194,384.9527,415.5359,20.6493,23.6614,-9999,-59994.03,-9999,274.7149,242.6147,273.6622,-0.0471,-0.2038,-0.3476,-36.37,-0.555
3448.709120,57.478485,0.957975,385.9998,416.2952,20.4626,23.9041,-9999,-59994.03,-9999,275.8437,243.2767,274.5692,-0.0456,-0.2028,-0.347,-36.7474,-0.5655
3455.119360,57.585323,0.959755,386.7458,417.0509,20.8447,23.657,-9999,-59994.03,-9999,276.6862,243.9696,275.1958,-0.0417,-0.2007,-0.3464,-36.952,-0.5694
3461.529600,57.692160,0.961536,387.4829,417.8288,20.643,23.9062,-9999,-59994.03,-9999,277.5792,244.8734,275.9359,-0.047,-0.2094,-0.3548,-37.4799,-0.5772
3467.939840,57.798997,0.963317,388.3374,418.6971,21.0204,23.5901,-9999,-59994.03,-9999,278.6879,245.5796,276.9171,-0.0494,-0.2186,-0.3632,-38.1138,-0.5823
3474.350080,57.905835,0.965097,389.0377,419.5118,20.8167,23.9161,-9999,-59994.03,-9999,279.2166,246.5362,277.7862,-0.0464,-0.2168,-0.367,-38.3,-0.5866
3480.760320,58.012672,0.966878,389.7933,420.1995,21.003,23.6901,-9999,-59994.03,-9999,280.5731,247.1947,278.5648,-0.043,-0.2127,-0.3654,-38.4662,-0.5927
3487.170560,58.119509,0.968658,390.6321,420.9833,20.7965,23.9006,-9999,-59994.03,-9999,281.3546,248.0433,279.0972,-0.0419,-0.214,-0.364,-38.3805,-0.5987
3493.580800,58.226347,0.970439,391.3718,421.7187,20.5127,23.6843,-9999,-59994.03,-9999,282.6117,248.7242,280.0124,-0.0428,-0.215,-0.3675,-38.9677,-0.6072
3499.991040,58.333184,0.972220,392.1335,422.581,20.8792,23.7506,-9999,-59994.03,-9999,283.0326,249.5743,281.1772,-0.0449,-0.2151,-0.3691,-39.3253,-0.6122
3506.401280,58.440021,0.974000,392.8841,423.2827,20.6664,23.7346,-9999,-59994.03,-9999,284.1026,250.3026,281.7,-0.0368,-0.2121,-0.3701,-39.4448,-0.6143
3512.811520,58.546859,0.975781,393.6907,424.1172,20.9618,23.6272,-9999,-59994.03,-9999,285.0003,251.0998,282.5323,-0.0387,-0.2121,-0.3688,-39.7027,-0.6184
3519.221760,58.653696,0.977562,394.4729,424.8443,20.75,23.6757,-9999,-59994.03,-9999,286.2485,251.7713,283.1104,-0.0381,-0.2116,-0.3687,-40.229,-0.6207
3525.632000,58.760533,0.979342,395.1848,425.5733,20.5122,23.9856,-9999,-59994.03,-9999,287.2022,252.489,284.0873,-0.0348,-0.204,-0.3621,-39.6482,-0.6171
3532.042240,58.867371,0.981123,395.9355,426.3156,20.6388,23.5094,-9999,-59994.03,-9999,287.9653,253.3017,284.8062,-0.036,-0.1972,-0.3541,-39.1904,-0.616
3538.452480,58.974208,0.982903,396.8335,427.14,20.7974,23.606,-9999,-59994.03,-9999,288.774,254.0875,285.6458,-0.0322,-0.1935,-0.3475,-38.7372,-0.6142
3544.862720,59.081045,0.984684,397.5523,427.9825,20.6882,23.9431,-9999,-59994.03,-9999,290.1555,254.9012,286.4516,-0.0311,-0.1885,-0.337,-37.8573,-0.6106
3551.272960,59.187883,0.986465,398.3053,428.7431,20.9067,23.8577,-9999,-59994.03,-9999,290.6973,255.8827,287.2476,-0.0337,-0.186,-0.3322,-37.2054,-0.6031
3557.683200,59.294720,0.988245,399.0481,429.4421,20.3385,23.896,-9999,-59994.03,-9999,291.5989,256.4804,287.886,-0.0397,-0.191,-0.3367,-37.1735,-0.5995
3564.093440,59.401557,0.990026,399.7495,430.2305,20.7115,23.5152,-9999,-59994.03,-9999,292.695,257.5346,288.5052,-0.0418,-0.1943,-0.3377,-37.1801,-0.597
3570.503680,59.508395,0.991807,400.6313,431.0951,20.5342,23.8002,-9999,-59994.03,-9999,293.6473,258.1207,289.7522,-0.0473,-0.1998,-0.3391,-36.5207,-0.5912
3576.913920,59.615232,0.993587,401.344,431.813,20.7393,23.7055,-9999,-59994.03,-9999,294.2451,259.0906,290.1472,-0.0468,-0.2043,-0.3409,-36.0705,-0.5837
3583.324160,59.722069,0.995368,402.0938,432.696,20.7389,23.924,-9999,-59994.03,-9999,295.5298,259.69,291.0781,-0.0424,-0.2047,-0.3409,-35.92,-0.5787
3589.734400,59.828907,0.997148,403.0041,433.4109,20.3987,24.0184,-9999,-59994.03,-9999,296.3106,260.4073,292.0424,-0.0437,-0.2072,-0.347,-36.3048,-0.58
3596.144640,59.935744,0.998929,403.6822,434.2092,21.0297,23.7554,-9999,-59994.03,-9999,297.5286,261.3335,292.4521,-0.0414,-0.2046,-0.3489,-36.6456,-0.5784
3602.554880,60.042581,1.000710,404.3687,435.0128,20.816,23.9916,-9999,-59994.03,-9999,298.3239,262.0327,293.3203,-0.0416,-0.2024,-0.3516,-37.0739,-0.579
3608.965120,60.149419,1.002490,405.2262,435.8319,20.8898,24.0318,-9999,-59994.03,-9999,299.2147,262.8193,294.2569,-0.0427,-0.2067,-0.3566,-37.5488,-0.5865
3615.375360,60.256256,1.004271,405.8478,436.4888,20.5305,23.9531,-9999,-59994.03,-9999,300.287,263.6504,294.9932,-0.0474,-0.2145,-0.3634,-38.4171,-0.592
3621.785600,60.363093,1.006052,406.7742,437.3339,20.5631,24.1511,-9999,-59994.03,-9999,300.9954,264.7276,295.8763,-0.0479,-0.217,-0.3653,-38.7461,-0.5973
3628.195840,60.469931,1.007832,407.417,438.1321,21.0565,23.8715,-9999,-59994.03,-9999,301.9535,265.2036,296.7442,-0.0491,-0.2209,-0.3698,-39.0922,-0.5989
3634.606080,60.576768,1.009613,408.2139,438.883,20.8917,23.8697,-9999,-59994.03,-9999,302.8988,265.8497,297.3943,-0.0501,-0.2204,-0.3699,-39.0929,-0.6014
3641.016320,60.683605,1.011393,409.0523,439.6712,21.0891,23.9678,-9999,-59994.03,-9999,303.75,267.1003,298.0164,-0.0476,-0.2169,-0.3648,-38.7783,-0.6045
3647.426560,60.790443,1.013174,409.6823,440.3807,20.4839,23.9884,-9999,-59994.03,-9999,305.2202,267.5152,298.8911,-0.0472,-0.2176,-0.3684,-39.4691,-0.6102
3653.836800,60.897280,1.014955,410.5338,441.2002,20.7935,24.2042,-9999,-59994.03,-9999,306.039,268.2683,299.6751,-0.0516,-0.2225,-0.3735,-40.0686,-0.6151
3660.247040,61.004117,1.016735,411.279,441.9629,21.0287,23.9731,-9999,-59994.03,-9999,306.6916,269.1652,300.5826,-0.0486,-0.2174,-0.3699,-40.007,-0.6175
3666.657280,61.110955,1.018516,412.0531,442.715,20.5013,24.0415,-9999,-59994.03,-9999,307.6739,269.8706,301.3278,-0.0419,-0.2124,-0.3687,-40.1593,-0.6191
3673.067520,61.217792,1.020297,412.7471,443.4863,20.8704,24.0468,-9999,-59994.03,-9999,308.8634,270.7826,301.9487,-0.0455,-0.218,-0.3715,-40.3154,-0.6222
3679.477760,61.324629,1.022077,413.6084,444.2315,20.7947,24.1292,-9999,-59994.03,-9999,309.9059,271.46,302.8192,-0.0475,-0.2206,-0.375,-40.4692,-0.6249
3685.888000,61.431467,1.023858,414.3226,445.0177,21.0493,23.9634,-9999,-59994.03,-9999,310.6666,272.1341,303.9487,-0.0473,-0.2212,-0.3764,-40.5112,-0.6258
3692.298240,61.538304,1.025638,415.0196,445.7963,20.8271,23.9577,-9999,-59994.03,-9999,311.5164,273.016,304.6285,-0.0471,-0.2214,-0.3779,-40.8358,-0.6246
3698.708480,61.645141,1.027419,415.9284,446.58,21.0028,23.8746,-9999,-59994.03,-9999,312.5035,273.7869,305.0609,-0.0446,-0.2187,-0.376,-40.9232,-0.6245
3705.118720,61.751979,1.029200,416.5739,447.3303,20.7588,24.0858,-9999,-59994.03,-9999,313.5101,274.7122,306.0257,-0.0423,-0.2142,-0.37,-40.5934,-0.6175
3711.528960,61.858816,1.030980,417.3219,448.0542,20.7509,24.2543,-9999,-59994.03,-9999,314.5251,275.3074,306.7117,-0.0334,-0.2065,-0.3579,-39.4561,-0.6073
3717.939200,61.965653,1.032761,418.0526,448.8465,20.5891,24.2901,942.4546,-59994.03,-9999,315.3239,276.1653,307.7097,-0.0313,-0.1967,-0.3488,-38.7882,-0.6027
3724.349440,62.072491,1.034542,418.9761,449.6271,20.8148,24.2319,-9999,-59994.03,-9999,316.2264,276.8946,308.4683,-0.0381,-0.1983,-0.3491,-38.3864,-0.5989
3730.759680,62.179328,1.036322,419.6757,450.3157,20.8639,24.0202,-9999,-59994.03,-9999,317.3018,277.6793,309.0073,-0.0432,-0.2044,-0.3508,-38.4849,-0.6013
3737.169920,62.286165,1.038103,420.3367,451.1046,20.9169,24.092,-9999,-59994.03,-9999,318.1667,278.4676,309.826,-0.0439,-0.2095,-0.3519,-38.4695,-0.6037
3743.580160,62.393003,1.039883,421.1022,451.9055,21.0403,24.0348,-9999,-59994.03,-9999,319.156,279.4215,310.5805,-0.0394,-0.2047,-0.3456,-37.7706,-0.5948
3749.990400,62.499840,1.041664,421.8488,452.5952,20.499,24.4657,-9999,-59994.03,-9999,319.9841,279.8929,311.5626,-0.0353,-0.1939,-0.3379,-36.8778,-0.5879
3756.400640,62.606677,1.043445,422.6645,453.3528,20.5319,24.3999,-9999,-59994.03,-9999,320.6306,280.9738,311.9348,-0.0376,-0.193,-0.3392,-36.3894,-0.5846
3762.810880,62.713515,1.045225,423.4199,454.1165,20.7486,24.3589,-9999,-59994.03,-9999,321.9363,281.4616,313.0474,-0.037,-0.1913,-0.3385,-35.8277,-0.581
3769.221120,62.820352,1.047006,424.1324,454.8892,21.1299,24.0777,-9999,-59994.03,-9999,322.5305,282.5756,313.5878,-0.0385,-0.196,-0.3447,-36.2951,-0.5832
3775.631360,62.927189,1.048786,424.8705,455.7014,21.2194,23.9868,-9999,-59994.03,-9999,323.8702,283.0588,314.5531,-0.0382,-0.1985,-0.3494,-36.9964,-0.5882
3782.041600,63.034027,1.050567,425.6256,456.4671,20.8674,24.4191,-9999,-59994.03,-9999,324.8595,283.8263,315.4914,-0.0426,-0.2031,-0.3522,-37.2366,-0.5868
3788.451840,63.140864,1.052348,426.4283,457.039,20.6555,24.3118,-9999,-59994.03,-9999,325.8622,284.6044,316.2446,-0.0429,-0.2077,-0.3553,-37.6235,-0.5916
3794.862080,63.247701,1.054128,427.1287,457.8828,20.8482,24.2164,-9999,-59994.03,-9999,326.5761,285.5158,316.9333,-0.0477,-0.2138,-0.3587,-38.013,-0.5934
3801.272320,63.354539,1.055909,427.8772,458.6523,20.7836,24.3115,-9999,-59994.03,-9999,327.1774,286.3209,317.5634,-0.0494,-0.2192,-0.3633,-38.3318,-0.5975
3807.682560,63.461376,1.057690,428.5743,459.3864,20.7685,24.5169,-9999,-59994.03,-9999,328.4447,286.558,318.4047,-0.0473,-0.2188,-0.3623,-38.2912,-0.5967
3814.092800,63.568213,1.059470,429.4175,460.1628,20.8127,24.1839,-9999,-59994.03,-9999,329.326,287.4138,319.302,-0.0462,-0.214,-0.3529,-37.409,-0.5871
3820.503040,63.675051,1.061251,430.1645,460.8771,20.9366,24.3637,-9999,-59994.03,-9999,330.0327,288.4059,319.9178,-0.0469,-0.2127,-0.3514,-37.285,-0.584
3826.913280,63.781888,1.063031,430.8581,461.6394,21.0699,24.123,-9999,-59994.03,-9999,331.0524,288.8534,321.0072,-0.0475,-0.2138,-0.3541,-37.371,-0.5815
3833.323520,63.888725,1.064812,431.6025,462.3595,20.716,24.3709,-9999,-59994.03,-9999,332.2397,289.7842,321.4691,-0.046,-0.217,-0.3609,-37.5099,-0.5821
3839.733760,63.995563,1.066593,432.4397,463.0811,20.7171,24.3554,-9999,-59994.03,-9999,333.2646,290.3446,322.4021,-0.0435,-0.2155,-0.3611,-37.7019,-0.5881
3846.144000,64.102400,1.068373,433.0927,463.8436,20.637,24.5003,-9999,-59994.03,-9999,334.1122,291.2713,323.2733,-0.0442,-0.2141,-0.3603,-37.7846,-0.5852
3852.554240,64.209237,1.070154,433.8181,464.5993,20.8299,24.4989,-9999,-59994.03,-9999,334.6825,292.2574,323.8806,-0.0466,-0.2132,-0.3596,-37.9367,-0.5851
3858.964480,64.316075,1.071935,434.5261,465.4599,20.9222,24.4417,-9999,-59994.03,-9999,335.8969,292.9375,324.6756,-0.05,-0.2175,-0.367,-38.4778,-0.5918
3865.374720,64.422912,1.073715,435.2853,466.0453,20.7451,24.4147,-9999,-59994.03,-9999,336.7759,293.6244,325.4255,-0.048,-0.2131,-0.3591,-38.171,-0.5913
3871.784960,64.529749,1.075496,436.0436,466.8373,20.9989,24.3709,-9999,-59994.03,-9999,337.8895,294.6054,326.0052,-0.0455,-0.2089,-0.3573,-37.9804,-0.5902
3878.195200,64.636587,1.077276,436.9453,467.7515,20.9644,24.5084,-9999,-59994.03,-9999,338.727,295.2557,326.9972,-0.0402,-0.2074,-0.3578,-38.1712,-0.5918
3884.605440,64.743424,1.079057,437.5392,468.3587,20.9431,24.4187,-9999,-59994.03,-9999,339.7338,295.7905,327.8326,-0.0359,-0.2064,-0.3562,-37.974,-0.593
3891.015680,64.850261,1.080838,438.2973,469.1133,20.9174,24.4046,-9999,-59994.03,-9999,340.5264,296.7965,328.3264,-0.0363,-0.2037,-0.3519,-37.619,-0.5907
3897.425920,64.957099,1.082618,439.0856,469.8637,20.9878,24.3875,-9999,-59994.03,-9999,341.5387,297.6313,329.3352,-0.0333,-0.1989,-0.3452,-37.2933,-0.5889
3903.836160,65.063936,1.084399,439.8166,470.6008,21.1096,24.5045,-9999,-59994.03,-9999,342.432,298.4897,330.1698,-0.0341,-0.1967,-0.3438,-36.9513,-0.5842
3910.246400,65.170773,1.086180,440.6028,471.4775,21.1385,24.5659,-9999,-59994.03,-9999,343.5737,298.9856,331.0482,-0.0371,-0.1982,-0.3453,-37.0625,-0.5846
3916.656640,65.277611,1.087960,441.2406,472.0649,20.7118,24.5749,-9999,-59994.03,-9999,344.3962,299.8785,331.6077,-0.0371,-0.1977,-0.3441,-37.08,-0.5866
3923.066880,65.384448,1.089741,441.9241,472.7943,20.9158,24.3305,-9999,-59994.03,-9999,345.2189,300.9339,332.3576,-0.0378,-0.1977,-0.3435,-37.2397,-0.5891
3929.477120,65.491285,1.091521,442.6883,473.4811,20.7007,24.4438,-9999,-59994.03,-9999,346.1569,301.4187,333.1751,-0.0398,-0.1984,-0.3444,-37.3578,-0.5891
3935.887360,65.598123,1.093302,443.5034,474.3836,20.9704,24.7772,-9999,-59994.03,-9999,347.0582,302.2448,333.9833,-0.0405,-0.1983,-0.3448,-37.1454,-0.5858
3942.297600,65.704960,1.095083,444.2399,475.0396,20.8188,24.7306,-9999,-59994.03,-9999,347.9619,303.0913,334.6916,-0.0412,-0.2004,-0.3453,-36.9992,-0.5861
3948.707840,65.811797,1.096863,444.9373,475.7708,20.7547,24.4934,-9999,-59994.03,-9999,349.0162,303.8898,335.3886,-0.0432,-0.2094,-0.349,-36.9709,-0.5843
3955.118080,65.918635,1.098644,445.6296,476.518,20.9853,24.4962,-9999,-59994.03,-9999,349.6278,304.6877,336.2215,-0.04,-0.2035,-0.3434,-36.3284,-0.5767
3961.528320,66.025472,1.100425,446.3468,477.2148,20.86,24.4925,-9999,-59994.03,-9999,350.6967,305.4764,336.9773,-0.0383,-0.2025,-0.3424,-36.0195,-0.5731
3967.938560,66.132309,1.102205,447.1639,478.0033,20.8433,24.6079,-9999,-59994.03,-9999,351.7954,306.2865,337.7923,-0.0342,-0.1986,-0.3378,-35.412,-0.5697
3974.348800,66.239147,1.103986,447.79,478.6458,20.842,24.7228,-9999,-59994.03,-9999,352.4944,307.0779,338.4353,-0.0345,-0.1913,-0.3319,-34.8179,-0.5629
3980.759040,66.345984,1.105766,448.7122,479.3964,20.9184,24.3707,-9999,-59994.03,-9999,353.7762,307.8094,339.2222,-0.0388,-0.1967,-0.3319,-34.3489,-0.5576
3987.169280,66.452821,1.107547,449.3397,480.1246,20.587,24.699,-9999,-59994.03,-9999,354.2822,308.6543,340.0736,-0.0383,-0.1996,-0.3324,-34.4152,-0.5548
3993.579520,66.559659,1.109328,450.0309,480.8486,21.0503,24.5456,-9999,-59994.03,-9999,355.6661,309.4471,340.672,-0.0322,-0.1954,-0.3283,-34.0867,-0.5478
3999.989760,66.666496,1.111108,450.7861,481.5761,20.7556,24.7039,-9999,-59994.03,-9999,356.1759,310.3747,341.731,-0.0307,-0.1841,-0.3172,-32.9825,-0.5327
4006.400000,66.773333,1.112889,451.4935,482.2659,20.625,24.8077,-9999,-59994.03,-9999,357.2817,310.8017,342.425,-0.0321,-0.1798,-0.3128,-32.0781,-0.5232
4012.810240,66.880171,1.114670,452.2736,483.0613,21.2477,24.466,-9999,-59994.03,-9999,357.898,311.8557,343.0281,-0.0335,-0.1804,-0.3116,-32.0731,-0.5253
4019.220480,66.987008,1.116450,452.9759,483.7324,20.6227,24.7299,-9999,-59994.03,-9999,359.1318,312.5169,343.96,-0.0401,-0.1831,-0.3127,-32.7522,-0.5288
4025.630720,67.093845,1.118231,453.6466,484.4441,20.9193,24.6524,-9999,-59994.03,-9999,360.2565,313.2003,344.742,-0.0439,-0.1881,-0.3184,-33.3826,-0.535
4032.040960,67.200683,1.120011,454.1743,485.2411,21.1906,24.6787,-9999,-59994.03,-9999,360.7893,314.249,345.4547,-0.0497,-0.192,-0.325,-33.7432,-0.5372
4038.451200,67.307520,1.121792,455.1814,485.9133,20.7225,24.7742,-9999,-59994.03,-9999,362.1167,314.8704,346.2928,-0.042,-0.1902,-0.3248,-33.9258,-0.5385
4044.861440,67.414357,1.123573,455.8994,486.6976,21.1396,24.7175,-9999,-59994.03,-9999,362.7722,315.5987,347.001,-0.0357,-0.1868,-0.3197,-33.6169,-0.5402
4051.271680,67.521195,1.125353,456.6533,487.472,21.0818,24.7984,-9999,-59994.03,-9999,363.5705,316.4542,347.9825,-0.035,-0.1844,-0.315,-33.5354,-0.5392
4057.681920,67.628032,1.127134,457.2504,487.9712,20.6097,24.7276,-9999,-59994.03,-9999,364.8055,317.0995,348.4804,-0.0314,-0.1812,-0.3157,-33.2841,-0.5366
4064.092160,67.734869,1.128914,458.1157,488.8997,21.1021,24.6233,-9999,-59994.03,-9999,365.2912,318.0048,349.5317,-0.0312,-0.1801,-0.3173,-33.1802,-0.5333
4070.502400,67.841707,1.130695,458.9092,489.5565,20.9241,24.8737,-9999,-59994.03,-9999,366.2282,318.9941,349.9568,-0.0262,-0.1743,-0.3159,-33.1983,-0.5333
4076.912640,67.948544,1.132476,459.5631,490.2686,21.2639,24.5262,-9999,-59994.03,-9999,367.1128,319.8658,350.6437,-0.0255,-0.1686,-0.3122,-33.2867,-0.5355
4083.322880,68.055381,1.134256,460.3318,491,20.9429,24.7553,-9999,-59994.03,-9999,368.2858,320.379,351.4943,-0.0273,-0.1668,-0.3086,-32.9286,-0.5317
4089.733120,68.162219,1.136037,460.8936,491.6906,20.9364,24.8972,-9999,-59994.03,-9999,369.3337,321.0828,352.4262,-0.0261,-0.1628,-0.2994,-31.9481,-0.5237
4096.143360,68.269056,1.137818,461.6666,492.404,21.0001,24.5885,-9999,-59994.03,-9999,370.1866,321.8415,353.1002,-0.024,-0.1586,-0.292,-31.0024,-0.519
4102.553600,68.375893,1.139598,462.2522,493.0415,20.9739,24.5456,-9999,-59994.03,-9999,371.0147,322.762,353.7066,-0.0233,-0.1565,-0.2901,-30.8612,-0.5163
4108.963840,68.482731,1.141379,463.2639,493.7932,20.8683,24.6187,-9999,-59994.03,-9999,372.0632,323.5632,354.5586,-0.0259,-0.1569,-0.2882,-30.4977,-0.5107
4115.374080,68.589568,1.143159,463.9161,494.5232,20.8711,24.9004,-9999,-59994.03,-9999,373.0935,324.1889,355.346,-0.0269,-0.1575,-0.2882,-30.2626,-0.5086
4121.784320,68.696405,1.144940,464.577,495.2278,20.91,24.8017,-9999,-59994.03,-9999,373.5783,325.2098,356.1611,-0.0284,-0.1582,-0.2857,-29.6254,-0.4989
4128.194560,68.803243,1.146721,465.32,495.9216,20.892,24.771,-9999,-59994.03,-9999,374.8732,325.8384,356.8587,-0.0279,-0.159,-0.282,-28.8823,-0.4897
4134.604800,68.910080,1.148501,465.9492,496.6078,20.7186,24.7034,-9999,-59994.03,-9999,375.5532,326.6425,357.4868,-0.0268,-0.1582,-0.2803,-28.3374,-0.4839
4141.015040,69.016917,1.150282,466.6935,497.4437,21.3028,24.507,-9999,-59994.03,-9999,376.5424,327.3624,358.4907,-0.0295,-0.1627,-0.2837,-28.3806,-0.481
4147.425280,69.123755,1.152063,467.5378,498.1388,20.9309,24.7274,-9999,-59994.03,-9999,377.3552,328.0104,359.1281,-0.0321,-0.1647,-0.287,-28.8084,-0.4815
4153.835520,69.230592,1.153843,468.1928,498.7717,20.8656,24.5712,-9999,-59994.03,-9999,378.5734,328.9924,359.827,-0.0317,-0.1666,-0.2877,-28.8792,-0.4814
4160.245760,69.337429,1.155624,468.9664,499.5486,21.0869,24.5239,325.7243,-59994.03,-9999,379.2641,329.7556,360.8655,-0.0335,-0.1691,-0.2895,-29.2914,-0.4848
4166.656000,69.444267,1.157404,469.6343,500.2342,21.0225,24.6344,-9999,-59994.03,-9999,380.0636,330.416,361.6742,-0.0348,-0.1692,-0.2919,-29.9244,-0.4931
4173.066240,69.551104,1.159185,470.3534,500.9201,20.6676,24.9943,-9999,-59994.03,-9999,381.0846,331.5827,362.1277,-0.0349,-0.1737,-0.3001,-31.1437,-0.5053
4179.476480,69.657941,1.160966,471.1287,501.6329,21.1929,24.696,-9999,-59994.03,-9999,382.0657,332.0131,363.0175,-0.0344,-0.1798,-0.3064,-31.9177,-0.5159
4185.886720,69.764779,1.162746,471.7773,502.3386,20.8589,24.559,-9999,-59994.03,-9999,383.0601,332.8654,363.847,-0.038,-0.1847,-0.3097,-32.3903,-0.5219
4192.296960,69.871616,1.164527,472.6259,503.0658,21.1357,24.5363,-9999,-59994.03,-9999,383.7087,333.7389,364.5799,-0.044,-0.1913,-0.3146,-32.6293,-0.5263
4198.707200,69.978453,1.166308,473.306,503.7107,20.854,24.6896,-9999,-59994.03,-9999,384.6337,334.7564,365.1586,-0.0412,-0.1925,-0.3174,-32.9782,-0.5339
4205.117440,70.085291,1.168088,473.9033,504.5034,21.191,24.5216,-9999,-59994.03,-9999,385.5358,335.2089,366.0941,-0.0426,-0.1957,-0.3248,-33.4759,-0.5399
4211.527680,70.192128,1.169869,474.7324,505.2798,21.0369,24.622,-9999,-59994.03,-9999,386.5679,335.9443,366.8157,-0.042,-0.1999,-0.3347,-34.4299,-0.5503
4217.937920,70.298965,1.171649,475.3378,505.8899,20.6857,24.6789,-9999,-59994.03,-9999,387.303,336.9977,367.3422,-0.0413,-0.2048,-0.3444,-35.6132,-0.5598
4224.348160,70.405803,1.173430,476.1384,506.5904,21.0568,24.7814,-9999,-59994.03,-9999,388.0688,337.7042,368.2457,-0.0401,-0.2073,-0.3487,-36.0665,-0.5623
4230.758400,70.512640,1.175211,476.7943,507.283,20.9086,24.6102,-9999,-59994.03,-9999,388.9032,338.3824,369.2408,-0.0387,-0.2044,-0.3463,-36.4023,-0.5676
4237.168640,70.619477,1.176991,477.4893,508.0414,20.9607,24.5338,-9999,-59994.03,-9999,389.9652,339.2548,369.9185,-0.034,-0.196,-0.343,-36.2972,-0.5636
4243.578880,70.726315,1.178772,478.2814,508.7052,20.7135,24.7758,-9999,-59994.03,-9999,390.7333,340.1075,370.3429,-0.0357,-0.1968,-0.3422,-35.7972,-0.5615
4249.989120,70.833152,1.180553,479.0059,509.4729,20.7801,24.879,-9999,-59994.03,-9999,392.1016,340.7879,371.1806,-0.0371,-0.1961,-0.3401,-35.7663,-0.5642
4256.399360,70.939989,1.182333,479.6289,510.181,21.1716,24.7883,-9999,-59994.03,-9999,392.8235,341.674,372.02,-0.0352,-0.1935,-0.3376,-35.6798,-0.5643
4262.809600,71.046827,1.184114,480.3225,510.8361,20.7762,24.9495,-9999,-59994.03,-9999,393.4991,342.4556,372.6084,-0.0321,-0.1898,-0.3288,-34.7771,-0.5613
4269.219840,71.153664,1.185894,481.0879,511.6529,21.0957,24.6921,-9999,-59994.03,-9999,394.2553,343.0963,373.759,-0.0316,-0.1913,-0.3274,-34.6996,-0.5608
4275.630080,71.260501,1.187675,481.7066,512.3057,20.9383,24.6386,-9999,-59994.03,-9999,395.4541,343.8395,374.3434,-0.0331,-0.1952,-0.3294,-34.7249,-0.5648
4282.040320,71.367339,1.189456,482.5939,513.0689,20.9102,24.9339,-9999,-59994.03,-9999,396.4883,344.8246,375.0589,-0.0364,-0.1953,-0.3287,-34.9738,-0.5655
4288.450560,71.474176,1.191236,483.2885,513.7314,20.8609,24.855,-9999,-59994.03,-9999,397.3048,345.2116,376.0535,-0.0339,-0.1952,-0.3331,-35.1956,-0.5643
4294.860800,71.581013,1.193017,483.9886,514.3889,20.6817,24.7403,-9999,-59994.03,-9999,398.0002,346.4544,376.491,-0.0312,-0.1923,-0.3324,-34.9419,-0.5581
4301.271040,71.687851,1.194798,484.7191,515.2082,20.8591,24.8153,-9999,-59994.03,-9999,399.2513,347.032,377.2644,-0.0337,-0.1967,-0.3363,-35.5381,-0.5633
4307.681280,71.794688,1.196578,485.371,515.8312,20.9795,24.9929,-9999,-59994.03,-9999,399.8422,347.865,377.928,-0.0365,-0.1972,-0.3371,-35.4876,-0.563
4314.091520,71.901525,1.198359,486.125,516.5559,20.8767,24.8061,-9999,-59994.03,-9999,400.8419,348.4756,378.9565,-0.0358,-0.1939,-0.3336,-35.4571,-0.5606
4320.501760,72.008363,1.200139,486.7844,517.1677,20.5701,24.804,-9999,-59994.03,-9999,401.9109,349.1158,379.5637,-0.0363,-0.1945,-0.3341,-35.5121,-0.5621
4326.912000,72.115200,1.201920,487.4803,517.8827,20.562,24.7918,-9999,-59994.03,-9999,402.7277,349.9594,380.4227,-0.0332,-0.189,-0.3276,-35.1569,-0.5626
4333.322240,72.222037,1.203701,488.2733,518.7043,21.0234,24.9705,-9999,-59994.03,-9999,403.6831,350.6689,381.0333,-0.032,-0.1859,-0.3292,-35.0156,-0.5616
4339.732480,72.328875,1.205481,488.924,519.3549,20.8811,24.8464,-9999,-59994.03,-9999,404.3893,351.6321,381.6173,-0.0342,-0.1863,-0.3293,-34.9502,-0.5621
4346.142720,72.435712,1.207262,489.5889,519.9528,20.8345,24.819,-9999,-59994.03,-9999,405.3725,352.5028,382.4156,-0.0352,-0.1856,-0.3269,-34.9044,-0.5635
4352.552960,72.542549,1.209042,490.2455,520.7439,20.976,24.7484,-9999,-59994.03,-9999,405.919,353.3474,383.2375,-0.0327,-0.1815,-0.3216,-34.474,-0.5582
4358.963200,72.649387,1.210823,490.9976,521.3959,20.6778,24.8905,-9999,-59994.03,-9999,407.0842,353.8175,384.1276,-0.031,-0.178,-0.3169,-33.8354,-0.553
4365.373440,72.756224,1.212604,491.6439,522.1339,20.873,24.9994,-9999,-59994.03,-9999,407.8935,354.8316,384.8687,-0.036,-0.1853,-0.3196,-33.6946,-0.5477
4371.783680,72.863061,1.214384,492.4838,522.761,20.807,24.8047,-9999,-59994.03,-9999,408.7366,355.5291,385.4957,-0.0353,-0.1903,-0.3232,-33.6393,-0.5454
4378.193920,72.969899,1.216165,493.1317,523.4331,20.7197,24.7085,-9999,-59994.03,-9999,409.6141,356.3448,386.2086,-0.0365,-0.1869,-0.3216,-33.867,-0.5481
4384.604160,73.076736,1.217946,493.878,524.236,21.0306,24.6462,-9999,-59994.03,-9999,410.6685,357.151,386.8844,-0.0367,-0.1928,-0.331,-34.5125,-0.5523
4391.014400,73.183573,1.219726,494.6734,524.8734,20.7593,25.0506,-9999,-59994.03,-9999,411.3156,357.9399,387.7242,-0.038,-0.1972,-0.3331,-34.5902,-0.5518
4397.424640,73.290411,1.221507,495.2119,525.5593,20.669,25.025,-9999,-59994.03,-9999,412.4366,358.2822,388.507,-0.0361,-0.1963,-0.3351,-34.7112,-0.5526
4403.834880,73.397248,1.223287,495.938,526.2577,21.0623,24.8711,-9999,-59994.03,-9999,412.994,359.3968,389.2112,-0.0291,-0.1897,-0.3335,-34.5614,-0.5521
4410.245120,73.504085,1.225068,496.6536,526.996,21.1892,24.702,-9999,-59994.03,-9999,414.3035,360.1768,389.8839,-0.029,-0.1844,-0.3267,-34.1568,-0.5497
4416.655360,73.610923,1.226849,497.3358,527.6821,21.0429,24.8471,-9999,-59994.03,-9999,415.0742,360.9348,390.553,-0.0313,-0.18,-0.3196,-33.3828,-0.5404
4423.065600,73.717760,1.228629,498.0276,528.3414,20.6634,24.8986,-9999,-59994.03,-9999,415.8763,361.4802,391.488,-0.0314,-0.1757,-0.3166,-32.9867,-0.5371
4429.475840,73.824597,1.230410,498.7798,529.0363,20.751,24.7692,-9999,-59994.03,-9999,416.66,362.2402,392.3423,-0.0295,-0.1766,-0.3155,-32.8655,-0.5356
4435.886080,73.931435,1.232191,499.3382,529.7555,20.9665,24.9306,-9999,-59994.03,-9999,417.3919,363.2513,393.0299,-0.029,-0.1739,-0.3088,-32.7368,-0.5335
4442.296320,74.038272,1.233971,500.0511,530.3948,21.0348,24.9832,-9999,-59994.03,-9999,418.5696,363.9269,393.541,-0.0291,-0.1681,-0.299,-31.933,-0.5279
4448.706560,74.145109,1.235752,500.7406,531.0784,20.6225,25.0586,-9999,-59994.03,-9999,419.5653,364.6568,394.5895,-0.0281,-0.1628,-0.2889,-30.829,-0.5169
4455.116800,74.251947,1.237532,501.4512,531.766,20.7556,24.9837,-9999,-59994.03,-9999,420.1859,365.7143,395.278,-0.0292,-0.16,-0.2866,-30.1417,-0.5083
4461.527040,74.358784,1.239313,502.1914,532.4857,20.9857,24.9193,-9999,-59994.03,-9999,420.9737,366.3517,395.6629,-0.0262,-0.1607,-0.2881,-29.9811,-0.5062
4467.937280,74.465621,1.241094,502.9229,533.1674,20.9102,25.0706,-9999,-59994.03,-9999,422.2538,367.1605,396.3742,-0.0266,-0.1561,-0.2844,-30.0331,-0.5032
4474.347520,74.572459,1.242874,503.5465,533.7728,20.832,24.744,-9999,-59994.03,-9999,422.4079,367.8432,397.4336,-0.0275,-0.1573,-0.2859,-30.2343,-0.5037
4480.757760,74.679296,1.244655,504.231,534.4673,20.9619,25.0515,-9999,-59994.03,-9999,423.7794,368.5381,398.0481,-0.0281,-0.1591,-0.2873,-30.4126,-0.5077
4487.168000,74.786133,1.246436,505.0104,535.2879,21.2584,24.8854,-9999,-59994.03,-9999,424.4701,369.3931,398.8864,-0.0332,-0.1656,-0.2932,-30.8942,-0.516
4493.578240,74.892971,1.248216,505.6354,535.8857,20.8514,25.2328,-9999,-59994.03,-9999,425.238,370.1802,399.6077,-0.0365,-0.1688,-0.2937,-30.8912,-0.5179
4499.988480,74.999808,1.249997,506.3248,536.5383,20.6563,25.1783,-9999,-59994.03,-9999,426.5406,370.8427,400.3267,-0.0377,-0.1743,-0.2933,-30.5938,-0.5138
4506.398720,75.106645,1.251777,507.1391,537.3317,21.2149,25.1465,-9999,-59994.03,-9999,427.1948,371.6687,400.9901,-0.0381,-0.1802,-0.2984,-30.6665,-0.5104
4512.808960,75.213483,1.253558,507.6724,537.939,21.1688,24.9546,-9999,-59994.03,-9999,428.3135,372.4254,401.7704,-0.0345,-0.1759,-0.2925,-29.6294,-0.4999
4519.219200,75.320320,1.255339,508.3949,538.6371,21.1052,25.147,-9999,-59994.03,-9999,429.0198,373.2135,402.371,-0.0306,-0.1722,-0.2935,-29.4461,-0.4962
4525.629440,75.427157,1.257119,509.0771,539.2347,20.9366,24.9625,-9999,-59994.03,-9999,429.9468,373.9037,403.1626,-0.0294,-0.1718,-0.2917,-29.259,-0.4989
4532.039680,75.533995,1.258900,509.8243,540.0527,21.2774,24.9736,-9999,-59994.03,-9999,430.6365,374.8548,403.7743,-0.0316,-0.1749,-0.2946,-29.6575,-0.4975
4538.449920,75.640832,1.260681,510.4878,540.6678,21.0371,25.1083,-9999,-59994.03,-9999,431.5117,375.7431,404.6797,-0.0328,-0.1758,-0.2973,-30.0749,-0.4999
4544.860160,75.747669,1.262461,511.1371,541.3503,20.8918,25.0642,-9999,-59994.03,-9999,432.5309,376.2001,405.4009,-0.0323,-0.1742,-0.3023,-30.959,-0.5051
4551.270400,75.854507,1.264242,511.86,542.0222,21.245,25.2628,-9999,-59994.03,-9999,432.9886,377.2815,406.1402,-0.0282,-0.1685,-0.3025,-30.8031,-0.4999
4557.680640,75.961344,1.266022,512.5974,542.7274,20.8378,25.4477,-9999,-59994.03,-9999,434.325,377.9495,406.8031,-0.0265,-0.1627,-0.3009,-30.461,-0.4963
4564.090880,76.068181,1.267803,513.1985,543.3606,20.9994,25.1424,-9999,-59994.03,-9999,435.0603,378.7275,407.5479,-0.0251,-0.1624,-0.2995,-30.7683,-0.5008
4570.501120,76.175019,1.269584,514.0562,544.0525,20.729,25.3409,-9999,-59994.03,-9999,435.7767,379.5078,408.1873,-0.0274,-0.1676,-0.3057,-31.677,-0.5112
4576.911360,76.281856,1.271364,514.5626,544.8325,21.4051,25.2642,-9999,-59994.03,-9999,436.8589,379.8864,409.0129,-0.0258,-0.1665,-0.3036,-31.8149,-0.5166
4583.321600,76.388693,1.273145,515.2437,545.3618,20.7633,25.568,-9999,-59994.03,-9999,437.4702,380.8528,409.7053,-0.0279,-0.167,-0.3057,-31.5315,-0.5132
4589.731840,76.495531,1.274926,516.147,546.1183,21.2156,25.2819,-9999,-59994.03,-9999,438.166,381.5979,410.715,-0.0306,-0.1653,-0.2977,-30.975,-0.5102
4596.142080,76.602368,1.276706,516.6658,546.7493,20.9508,25.4793,-9999,-59994.03,-9999,439.2405,382.2862,410.9607,-0.0273,-0.1628,-0.2913,-30.4948,-0.5076
4602.552320,76.709205,1.278487,517.3071,547.4573,20.9346,25.4389,-9999,-59994.03,-9999,439.9261,383.1988,411.9266,-0.0228,-0.1575,-0.2844,-29.5647,-0.4997
4608.962560,76.816043,1.280267,518.1108,548.085,21.2017,25.4318,-9999,-59994.03,-9999,440.7779,383.9712,412.4209,-0.0216,-0.1566,-0.2797,-28.8986,-0.4904
4615.372800,76.922880,1.282048,518.6466,548.7812,21.0608,25.4548,-9999,-59994.03,-9999,441.7493,384.6404,413.4812,-0.0244,-0.1575,-0.2773,-28.4418,-0.4833
4621.783040,77.029717,1.283829,519.3733,549.3411,20.8913,25.5976,-9999,-59994.03,-9999,442.6892,385.674,413.941,-0.0284,-0.1646,-0.2822,-28.5715,-0.4868
4628.193280,77.136555,1.285609,520.0225,550.121,21.2279,25.2605,-9999,-59994.03,-9999,443.2701,386.4062,414.5941,-0.0284,-0.1666,-0.2881,-29.4414,-0.4918
4634.603520,77.243392,1.287390,520.7382,550.7796,21.3063,25.2768,-9999,-59994.03,-9999,444.213,387.0549,415.4683,-0.0295,-0.1681,-0.293,-30.1325,-0.4973
4641.013760,77.350229,1.289170,521.3054,551.3911,21.133,25.2651,-9999,-59994.03,-9999,445.2166,387.8008,416.1955,-0.0298,-0.1677,-0.2907,-29.9506,-0.4959
4647.424000,77.457067,1.290951,522.0135,552.0226,21.1339,25.3894,-9999,-59994.03,-9999,446.0603,388.2589,416.9772,-0.0266,-0.1592,-0.284,-29.2444,-0.4912
4653.834240,77.563904,1.292732,522.7064,552.6597,20.8124,25.4505,-9999,-59994.03,-9999,447.1338,389.0606,417.7399,-0.026,-0.1545,-0.2807,-29.115,-0.4908
4660.244480,77.670741,1.294512,523.386,553.3839,21.1182,25.6845,-9999,-59994.03,-9999,447.5138,390.0656,418.4224,-0.0276,-0.1543,-0.2791,-29.1549,-0.4921
4666.654720,77.777579,1.296293,523.9474,553.9614,20.8415,25.5471,-9999,-59994.03,-9999,448.5762,390.5869,419.228,-0.0241,-0.1494,-0.2757,-28.7387,-0.4871
4673.064960,77.884416,1.298074,524.6357,554.7129,21.0728,25.4664,-9999,-59994.03,-9999,449.2103,391.5197,420.0844,-0.0216,-0.1456,-0.2723,-28.2462,-0.4829
4679.475200,77.991253,1.299854,525.3451,555.3298,21.0577,25.4774,-9999,-59994.03,-9999,450.2184,392.137,420.5201,-0.0224,-0.1501,-0.2777,-28.7533,-0.4881
4685.885440,78.098091,1.301635,526.0143,555.8779,20.9811,25.5805,-9999,-59994.03,-9999,451.3781,392.9331,421.1808,-0.0259,-0.1542,-0.2785,-28.8221,-0.4894
4692.295680,78.204928,1.303415,526.7352,556.6804,21.3098,25.4661,-9999,-59994.03,-9999,451.9424,393.7491,421.8375,-0.0281,-0.1553,-0.2757,-28.6615,-0.4892
4698.705920,78.311765,1.305196,527.2415,557.2993,21.136,25.3956,-9999,-59994.03,-9999,452.8321,394.3571,422.6158,-0.0242,-0.1561,-0.2762,-28.6107,-0.4893
4705.116160,78.418603,1.306977,527.8908,557.9581,21.2168,25.485,-9999,-59994.03,-9999,453.8701,394.9841,423.5384,-0.024,-0.1565,-0.2763,-28.9069,-0.4904
4711.526400,78.525440,1.308757,528.8011,558.5495,21.0999,25.4276,-9999,-59994.03,-9999,454.6846,396.1135,424.0251,-0.0296,-0.1623,-0.2821,-29.5132,-0.4906
4717.936640,78.632277,1.310538,529.2875,559.277,21.1249,25.7315,-9999,-59994.03,-9999,455.366,396.9391,424.8526,-0.0361,-0.1697,-0.2914,-29.7522,-0.4929
4724.346880,78.739115,1.312319,529.9974,560.0283,21.1768,25.7195,-9999,-59994.03,-9999,456.1858,397.6601,425.8197,-0.0389,-0.1758,-0.295,-29.8951,-0.4961
4730.757120,78.845952,1.314099,530.6971,560.7141,21.4272,25.6052,-9999,-59994.03,-9999,456.9399,398.275,426.3549,-0.0364,-0.1752,-0.3014,-30.3309,-0.5051
4737.167360,78.952789,1.315880,531.2862,561.293,21.4209,25.5955,-9999,-59994.03,-9999,457.9476,398.9395,426.9338,-0.0359,-0.1812,-0.3126,-31.2414,-0.5123
4743.577600,79.059627,1.317660,531.9607,561.9059,21.1203,25.59,-9999,-59994.03,-9999,458.9005,399.6511,427.8393,-0.0402,-0.1848,-0.3148,-31.5329,-0.5151
4749.987840,79.166464,1.319441,532.6529,562.5001,20.8069,25.6914,-9999,-59994.03,-9999,459.6517,400.6294,428.4826,-0.0454,-0.188,-0.3191,-32.276,-0.522
4756.398080,79.273301,1.321222,533.2802,563.2297,21.2564,25.6368,-9999,-59994.03,-9999,460.3017,401.3364,429.1055,-0.0418,-0.1883,-0.3246,-32.8955,-0.5285
4762.808320,79.380139,1.323002,534.0033,563.8764,21.2754,25.6912,-9999,-59994.03,-9999,461.2371,402.1897,429.6826,-0.0407,-0.1906,-0.3276,-33.5626,-0.5382
4769.218560,79.486976,1.324783,534.5861,564.5363,20.8569,25.8067,-9999,-59994.03,-9999,462.0942,402.7704,430.365,-0.0396,-0.1942,-0.3338,-34.0836,-0.5432
4775.628800,79.593813,1.326564,535.2103,565.1119,20.8874,25.7117,-9999,-59994.03,-9999,462.8198,403.368,431.4659,-0.0427,-0.1983,-0.3343,-34.4806,-0.5466
4782.039040,79.700651,1.328344,535.9795,565.7614,20.8145,25.8057,-9999,-59994.03,-9999,463.7351,404.2386,431.9573,-0.042,-0.2003,-0.3379,-34.9396,-0.5514
4788.449280,79.807488,1.330125,536.552,566.5075,21.3675,25.7861,-9999,-59994.03,-9999,464.6761,405.1115,432.4714,-0.0432,-0.2043,-0.3408,-35.0988,-0.5559
4794.859520,79.914325,1.331905,537.2019,567.1545,21.1092,25.6591,-9999,-59994.03,-9999,465.2569,405.6133,433.5323,-0.0445,-0.2035,-0.3382,-34.8862,-0.5572
4801.269760,80.021163,1.333686,537.9807,567.7665,21.0073,25.7207,-9999,-59994.03,-9999,466.1032,406.5468,433.9606,-0.0425,-0.1988,-0.332,-35.0794,-0.5595
4807.680000,80.128000,1.335467,538.6244,568.5051,21.4609,25.5607,-9999,-59994.03,-9999,466.779,407.4244,434.8182,-0.0411,-0.1983,-0.3327,-34.9875,-0.5605
4814.090240,80.234837,1.337247,539.2261,569.0423,20.9981,25.9316,-9999,-59994.03,-9999,467.7504,408.0634,435.4811,-0.0382,-0.198,-0.3374,-35.3763,-0.5643
4820.500480,80.341675,1.339028,539.8338,569.6747,20.8441,25.756,-9999,-59994.03,-9999,468.3766,408.8759,436.0749,-0.0353,-0.1943,-0.3408,-36.0823,-0.572
4826.910720,80.448512,1.340809,540.4196,570.3369,20.8439,25.6863,-9999,-59994.03,-9999,469.4443,409.6787,436.8506,-0.0349,-0.1959,-0.3435,-36.5502,-0.5765
4833.320960,80.555349,1.342589,541.1257,570.9481,20.8386,25.726,-9999,-59994.03,-9999,469.9786,410.3626,437.429,-0.0383,-0.1983,-0.3459,-36.8993,-0.5778
4839.731200,80.662187,1.344370,541.8194,571.6216,20.8045,25.9924,-9999,-59994.03,-9999,471.0903,410.96,438.5802,-0.0441,-0.2036,-0.3451,-36.8055,-0.5805
4846.141440,80.769024,1.346150,542.4244,572.2452,21.1511,25.5515,-9999,-59994.03,-9999,471.9179,411.5427,439.3409,-0.0434,-0.2038,-0.3501,-37.3108,-0.5837
4852.551680,80.875861,1.347931,543.1699,572.8993,21.1377,25.6621,-9999,-59994.03,-9999,472.9685,412.3934,439.9585,-0.0458,-0.2085,-0.3537,-37.7286,-0.5832
4858.961920,80.982699,1.349712,543.6359,573.463,21.0821,25.7629,-9999,-59994.03,-9999,473.5691,413.3483,440.4645,-0.0443,-0.2109,-0.3527,-37.5259,-0.5805
4865.372160,81.089536,1.351492,544.3127,574.1844,20.8518,25.7813,-9999,-59994.03,-9999,474.5005,413.9275,441.3327,-0.0403,-0.2085,-0.35,-37.0831,-0.5777
4871.782400,81.196373,1.353273,544.9683,574.9095,21.2987,25.9171,-9999,-59994.03,-9999,475.1426,414.6908,442.064,-0.0358,-0.2039,-0.3448,-36.7191,-0.5748
4878.192640,81.303211,1.355054,545.8094,575.4896,20.9103,26.0042,-9999,-59994.03,-9999,476.2622,415.4075,442.5197,-0.0366,-0.1996,-0.3444,-36.7385,-0.5755
4884.602880,81.410048,1.356834,546.209,576.0358,20.9411,25.7707,-9999,-59994.03,-9999,477.0898,416.0974,443.302,-0.0364,-0.1986,-0.3473,-36.8877,-0.5763
4891.013120,81.516885,1.358615,546.8434,576.7277,21.089,25.5879,-9999,-59994.03,-9999,477.929,416.9547,443.7952,-0.0325,-0.1952,-0.3435,-36.9569,-0.5762
4897.423360,81.623723,1.360395,547.5864,577.3975,21.18,25.6651,-9999,-59994.03,-9999,478.2176,417.6657,444.8255,-0.0289,-0.1888,-0.3338,-36.1827,-0.569
4903.833600,81.730560,1.362176,548.249,578.0032,21.2478,25.7198,-9999,-59994.03,-9999,479.3223,418.5703,445.2618,-0.0294,-0.1823,-0.3256,-35.3959,-0.5643
4910.243840,81.837397,1.363957,548.9442,578.7264,21.4093,25.569,-9999,-59994.03,-9999,479.8708,419.118,446.0681,-0.0331,-0.1823,-0.3249,-35.4968,-0.5656
4916.654080,81.944235,1.365737,549.5182,579.304,21.4154,25.8025,-9999,-59994.03,-9999,480.974,419.768,446.9431,-0.0374,-0.1846,-0.3236,-35.3822,-0.5606
4923.064320,82.051072,1.367518,550.0961,579.9621,21.2006,25.8249,-9999,-59994.03,-9999,481.8538,420.4908,447.6504,-0.0356,-0.1864,-0.3248,-35.3307,-0.5601
4929.474560,82.157909,1.369298,550.798,580.6281,21.2258,25.9489,-9999,-59994.03,-9999,482.6274,421.3618,448.1579,-0.0318,-0.1841,-0.3216,-35.006,-0.5564
4935.884800,82.264747,1.371079,551.2624,581.183,21.1247,25.8424,-9999,-59994.03,-9999,483.195,422.247,448.8972,-0.0329,-0.1834,-0.3205,-34.4825,-0.5508
4942.295040,82.371584,1.372860,552.1071,581.9052,21.3384,25.6864,-9999,-59994.03,-9999,484.3566,422.7487,449.4968,-0.0317,-0.1858,-0.3246,-34.3463,-0.5509
4948.705280,82.478421,1.374640,552.7181,582.5446,21.0919,25.9099,-9999,-59994.03,-9999,485.0437,423.7684,450.2205,-0.0357,-0.1884,-0.3241,-34.183,-0.5513
4955.115520,82.585259,1.376421,553.386,583.1626,21.1875,25.9164,-9999,-59994.03,-9999,485.9727,424.4874,450.7305,-0.0342,-0.1869,-0.3205,-34.2714,-0.552
4961.525760,82.692096,1.378202,553.8629,583.8442,21.5288,25.8459,-9999,-59994.03,-9999,486.6995,424.9377,451.6228,-0.0314,-0.1794,-0.3161,-33.7503,-0.5464
4967.936000,82.798933,1.379982,554.6155,584.4752,21.4999,26.0332,-9999,-59994.03,-9999,487.5797,425.699,452.5972,-0.0302,-0.1785,-0.3158,-33.6781,-0.5431
4974.346240,82.905771,1.381763,555.2221,585.0427,21.3104,25.9948,-9999,-59994.03,-9999,488.3618,426.6089,453.0182,-0.0328,-0.1782,-0.3132,-33.4985,-0.5417
4980.756480,83.012608,1.383543,555.8644,585.7782,21.5475,25.7873,-9999,-59994.03,-9999,488.9093,427.184,453.9154,-0.0335,-0.1772,-0.3134,-33.3861,-0.5391
4987.166720,83.119445,1.385324,556.5433,586.4276,21.4453,26.1162,-9999,-59994.03,-9999,489.6645,427.971,454.4735,-0.0379,-0.1826,-0.3183,-33.7631,-0.5418
4993.576960,83.226283,1.387105,557.0825,586.9696,21.2002,25.9938,-9999,-59994.03,-9999,490.4259,428.6999,455.011,-0.0384,-0.1835,-0.3165,-33.6362,-0.5394
4999.987200,83.333120,1.388885,557.718,587.6144,21.1409,25.9551,-9999,-59994.03,-9999,491.1805,429.6149,455.8885,-0.0376,-0.1815,-0.3142,-33.1275,-0.5358
5006.397440,83.439957,1.390666,558.4193,588.2718,21.3453,25.963,-9999,-59994.03,-9999,492.5392,430.1492,456.5484,-0.0346,-0.1803,-0.3136,-32.9239,-0.5363
5012.807680,83.546795,1.392447,559.1822,588.8661,21.2176,25.8927,-9999,-59994.03,-9999,493.1522,430.8623,457.1612,-0.0327,-0.181,-0.3134,-32.8788,-0.5379
5019.217920,83.653632,1.394227,559.6698,589.5052,21.2775,26.0508,-9999,-59994.03,-9999,493.681,431.6381,458.0787,-0.0355,-0.181,-0.3084,-32.3176,-0.5334
5025.628160,83.760469,1.396008,560.2446,590.2263,21.2069,26.2219,-9999,-59994.03,-9999,494.6188,432.4479,458.4948,-0.0385,-0.1888,-0.3151,-32.849,-0.5337
5032.038400,83.867307,1.397788,560.8578,590.6742,21.1664,25.8821,-9999,-59994.03,-9999,495.168,433.3692,459.1155,-0.0363,-0.1964,-0.323,-33.375,-0.5358
5038.448640,83.974144,1.399569,561.5919,591.3864,21.5621,25.7618,-9999,-59994.03,-9999,496.1478,433.9752,459.9972,-0.0365,-0.198,-0.3313,-34.1658,-0.541
5044.858880,84.080981,1.401350,562.2054,592.0303,21.4443,25.9565,-9999,-59994.03,-9999,497.0305,434.5605,460.7696,-0.0381,-0.1994,-0.3361,-34.5078,-0.547
5051.269120,84.187819,1.403130,562.7896,592.7203,21.5776,26.0344,-9999,-59994.03,-9999,497.5143,435.361,461.4045,-0.0366,-0.1958,-0.3362,-34.8477,-0.553
5057.679360,84.294656,1.404911,563.4496,593.2827,21.1976,26.2044,-9999,-59994.03,-9999,498.4107,436.0066,462.2216,-0.0359,-0.1979,-0.339,-35.3673,-0.5565
5064.089600,84.401493,1.406692,564.0405,593.8245,21.2472,26.0178,-9999,-59994.03,-9999,499.3519,436.8256,462.9261,-0.0338,-0.194,-0.3375,-35.9011,-0.5613
5070.499840,84.508331,1.408472,564.5261,594.7264,21.5135,26.2514,-9999,-59994.03,-9999,500.1068,437.5177,463.5417,-0.0313,-0.1897,-0.3363,-36.3279,-0.5671
5076.910080,84.615168,1.410253,565.2443,595.3262,21.7042,26.1618,-9999,-59994.03,-9999,500.6748,438.2447,464.2264,-0.03,-0.1872,-0.3372,-36.6792,-0.5733
5083.320320,84.722005,1.412033,565.8795,595.9196,21.4753,26.0328,-9999,-59994.03,-9999,501.8654,438.9793,464.9423,-0.029,-0.1854,-0.3347,-36.3057,-0.5735
5089.730560,84.828843,1.413814,566.4929,596.5811,21.3657,26.089,-9999,-59994.03,-9999,502.3927,439.7941,465.6354,-0.0334,-0.1835,-0.3307,-35.8192,-0.5706
5096.140800,84.935680,1.415595,567.1091,597.2174,21.2409,26.2487,-9999,-59994.03,-9999,503.0802,440.5555,466.1574,-0.0339,-0.1836,-0.3256,-35.1654,-0.5666
5102.551040,85.042517,1.417375,567.6848,597.8361,21.29,26.2901,-9999,-59994.03,-9999,504.2875,440.9826,466.7401,-0.0324,-0.1777,-0.3127,-33.8349,-0.5574
5108.961280,85.149355,1.419156,568.4763,598.2484,21.306,25.9911,-9999,-59994.03,-9999,504.7323,441.781,467.7544,-0.0348,-0.1766,-0.3089,-33.3183,-0.5497
5115.371520,85.256192,1.420937,568.9496,599.0122,21.2097,26.3083,-9999,-59994.03,-9999,505.6382,442.3746,468.2368,-0.033,-0.1783,-0.3077,-32.7092,-0.5422
5121.781760,85.363029,1.422717,569.5768,599.6923,21.7069,26.0885,-9999,-59994.03,-9999,506.5356,443.1576,469.0777,-0.0317,-0.172,-0.3034,-32.2644,-0.5359
5128.192000,85.469867,1.424498,570.2148,600.2548,21.5741,25.918,-9999,-59994.03,-9999,507.1069,443.8242,469.5763,-0.0285,-0.1661,-0.2984,-31.9068,-0.5286
5134.602240,85.576704,1.426278,571.0897,600.7414,21.3437,25.9763,-9999,-59994.03,-9999,508.0449,444.6675,470.4053,-0.0281,-0.1645,-0.2941,-31.7717,-0.5252
5141.012480,85.683541,1.428059,571.6682,601.4441,21.4476,26.0623,-9999,-59994.03,-9999,508.8985,445.2413,470.9739,-0.0289,-0.1708,-0.3002,-31.8251,-0.524
5147.422720,85.790379,1.429840,572.484,602.0365,21.237,26.0254,-9999,-59994.03,-9999,509.4188,446.1488,471.6542,-0.0269,-0.1686,-0.2946,-31.2481,-0.5182
5153.832960,85.897216,1.431620,572.9965,602.6248,21.3094,25.9201,-9999,-59994.03,-9999,510.3796,446.8485,472.2187,-0.0204,-0.1619,-0.2928,-30.9866,-0.5172
5160.243200,86.004053,1.433401,573.6137,603.3064,21.3164,26.16,-9999,-59994.03,-9999,511.1395,447.8171,472.7587,-0.0214,-0.1612,-0.2916,-30.534,-0.5157
5166.653440,86.110891,1.435182,574.1918,603.8602,21.5249,26.0243,-9999,-59994.03,-9999,511.7205,448.3026,473.7392,-0.027,-0.163,-0.2908,-30.1571,-0.5113
5173.063680,86.217728,1.436962,574.8414,604.468,20.9532,26.1222,-9999,-59994.03,-9999,512.7992,448.9957,474.2997,-0.0272,-0.165,-0.2881,-29.738,-0.5074
5179.473920,86.324565,1.438743,575.4581,605.1178,21.2118,26.0291,-9999,-59994.03,-9999,513.497,449.8197,474.9697,-0.0303,-0.1692,-0.2912,-30.0283,-0.5039
5185.884160,86.431403,1.440523,576.2388,605.6782,21.3745,25.9692,-9999,-59994.03,-9999,514.0534,450.6478,475.6985,-0.0309,-0.1698,-0.2935,-29.7926,-0.5006
5192.294400,86.538240,1.442304,576.7023,606.3265,21.2301,26.1623,-9999,-59994.03,-9999,515.2273,450.9118,476.6594,-0.0283,-0.1642,-0.287,-29.2229,-0.4942
5198.704640,86.645077,1.444085,577.3633,606.9801,20.8919,26.1528,-9999,-59994.03,-9999,515.6964,451.817,477.1723,-0.023,-0.1593,-0.2829,-28.8474,-0.4902
5205.114880,86.751915,1.445865,578.0065,607.5236,20.965,26.2701,-9999,-59994.03,-9999,516.705,452.4994,477.7885,-0.0214,-0.159,-0.2801,-28.6305,-0.4869
5211.525120,86.858752,1.447646,578.563,608.1314,21.3307,26.0093,-9999,-59994.03,-9999,517.7252,453.1294,478.6311,-0.0228,-0.1561,-0.2793,-28.3169,-0.4855
5217.935360,86.965589,1.449426,579.2657,608.8698,21.3821,26.2768,-9999,-59994.03,-9999,518.2365,453.9622,479.012,-0.0265,-0.1609,-0.2834,-28.528,-0.4878
5224.345600,87.072427,1.451207,579.8563,609.4832,21.4543,26.2139,-9999,-59994.03,-9999,519.2023,454.7306,479.6852,-0.029,-0.1663,-0.2874,-29.1773,-0.4867
5230.755840,87.179264,1.452988,580.5377,610.0161,20.9815,26.4537,-9999,-59994.03,-9999,519.7214,455.713,480.4279,-0.0307,-0.1716,-0.2945,-29.8096,-0.4904
5237.166080,87.286101,1.454768,581.1121,610.6489,21.1947,26.0605,-9999,-59994.03,-9999,520.1674,456.3545,481.1311,-0.0307,-0.1753,-0.2989,-30.128,-0.4949
5243.576320,87.392939,1.456549,581.6843,611.3462,21.4708,26.0137,-9999,-59994.03,-9999,521.4456,456.7781,481.8389,-0.0306,-0.1778,-0.3012,-30.6857,-0.5012
5249.986560,87.499776,1.458330,582.3815,611.9497,21.2489,26.4528,-9999,-59994.03,-9999,522.2542,457.5663,482.4006,-0.0317,-0.1786,-0.3069,-31.2464,-0.5064
5256.396800,87.606613,1.460110,583.0027,612.5837,21.1736,26.1874,-9999,-59994.03,-9999,522.6567,458.3885,483.2273,-0.029,-0.1746,-0.3044,-31.3097,-0.5072
5262.807040,87.713451,1.461891,583.5754,613.0968,21.2257,26.3247,-9999,-59994.03,-9999,523.6212,459.0889,483.903,-0.0284,-0.173,-0.3044,-31.0919,-0.5107
5269.217280,87.820288,1.463671,584.2774,613.8327,21.3509,26.4528,-9999,-59994.03,-9999,524.4757,459.7946,484.5396,-0.0257,-0.1686,-0.301,-31.0858,-0.5096
5275.627520,87.927125,1.465452,584.8121,614.3761,21.2951,26.4943,-9999,-59994.03,-9999,525.2633,460.445,485.5442,-0.0258,-0.1682,-0.2997,-30.6982,-0.508
5282.037760,88.033963,1.467233,585.2979,615.0662,21.3879,26.4339,-9999,-59994.03,-9999,526.0045,461.3468,485.9955,-0.0279,-0.1688,-0.2992,-30.578,-0.5096
5288.448000,88.140800,1.469013,585.954,615.7874,21.5497,26.5873,-9999,-59994.03,-9999,526.6884,461.8315,486.6505,-0.0258,-0.166,-0.295,-30.136,-0.5067
5294.858240,88.247637,1.470794,586.6201,616.2458,21.481,26.2708,-9999,-59994.03,-9999,527.5892,462.5482,487.3687,-0.0208,-0.157,-0.2827,-28.9697,-0.4956
5301.268480,88.354475,1.472575,587.367,616.7941,21.3708,26.1549,-9999,-59994.03,-9999,528.179,463.2643,488.0096,-0.0213,-0.1516,-0.2763,-28.2857,-0.4858
5307.678720,88.461312,1.474355,588.025,617.3625,21.0186,26.4759,-9999,-59994.03,-9999,529.2844,463.9802,488.5157,-0.0212,-0.1469,-0.2702,-27.8296,-0.4785
5314.088960,88.568149,1.476136,588.5752,618.0345,21.4807,26.172,-9999,-59994.03,-9999,529.6456,464.7156,489.3993,-0.0214,-0.1454,-0.2675,-27.4472,-0.4748
5320.499200,88.674987,1.477916,589.2107,618.663,21.5293,26.1697,792.1049,-59994.03,-9999,530.7437,465.2976,489.836,-0.0166,-0.1407,-0.265,-27.0381,-0.4692
5326.909440,88.781824,1.479697,589.8521,619.2686,21.43,26.181,527.9999,-59994.03,-9999,531.5734,466.1624,490.5656,-0.0228,-0.1435,-0.2649,-26.5768,-0.4647
5333.319680,88.888661,1.481478,590.3934,619.8527,21.402,26.4194,-9999,-59994.03,-9999,532.2372,466.6987,491.1474,-0.0282,-0.1479,-0.2643,-26.4991,-0.4627
5339.729920,88.995499,1.483258,591.0903,620.526,21.6188,26.1794,-9999,-59994.03,-9999,532.9442,467.5908,491.9623,-0.0221,-0.1452,-0.2607,-25.9381,-0.4535
5346.140160,89.102336,1.485039,591.6356,621.0845,21.2956,26.3496,-9999,-59994.03,-9999,533.7553,468.0839,492.6234,-0.0176,-0.1439,-0.2622,-25.5841,-0.4502
5352.550400,89.209173,1.486820,592.3018,621.6898,21.576,26.3434,-9999,-59994.03,-9999,534.265,468.9688,493.2172,-0.0172,-0.1432,-0.2643,-25.7395,-0.4525
5358.960640,89.316011,1.488600,592.8787,622.3121,21.2977,26.3837,-9999,-59994.03,-9999,535.1871,469.4855,494.1331,-0.0209,-0.141,-0.2647,-25.8368,-0.4518
5365.370880,89.422848,1.490381,593.4669,622.9274,21.1963,26.4892,-9999,-59994.03,-9999,535.8399,470.5337,494.6395,-0.0241,-0.1399,-0.2672,-26.4542,-0.4548
5371.781120,89.529685,1.492161,594.0829,623.4885,20.9938,26.4217,-9999,-59994.03,-9999,536.5295,471.0787,495.1868,-0.0178,-0.1365,-0.2695,-26.543,-0.4543
5378.191360,89.636523,1.493942,594.7872,624.1199,21.3717,26.1655,-9999,-59994.03,-9999,537.7604,471.6104,495.8745,-0.0216,-0.1385,-0.2672,-26.2952,-0.451
5384.601600,89.743360,1.495723,595.3955,624.7966,21.4729,26.5606,-9999,-59994.03,-9999,538.3919,472.2766,496.725,-0.0238,-0.1394,-0.2627,-25.7683,-0.4461
5391.011840,89.850197,1.497503,595.9924,625.364,21.5756,26.3697,-9999,-59994.03,-9999,539.1597,473.1201,497.249,-0.0212,-0.135,-0.2522,-25.0186,-0.4422
5397.422080,89.957035,1.499284,596.46,625.9356,21.5025,26.2851,-9999,-59994.03,-9999,539.8441,473.827,497.9079,-0.021,-0.1381,-0.2499,-24.5608,-0.4415
5403.832320,90.063872,1.501065,597.1414,626.6324,21.5663,26.3243,-9999,-59994.03,-9999,540.4216,474.6176,498.6106,-0.0218,-0.1401,-0.2446,-24.0337,-0.4372
5410.242560,90.170709,1.502845,597.8126,627.2485,21.5821,26.5447,-9999,-59994.03,-9999,541.3506,475.2515,499.0343,-0.0175,-0.1362,-0.2429,-23.8582,-0.435
5416.652800,90.277547,1.504626,598.3562,627.8137,21.5212,26.5498,-9999,-59994.03,-9999,541.8896,475.8982,499.9171,-0.0142,-0.1335,-0.2389,-23.5707,-0.4289
5423.063040,90.384384,1.506406,598.9207,628.3545,21.2058,26.6281,-9999,-59994.03,-9999,542.6768,476.7218,500.52,-0.0186,-0.1297,-0.2342,-23.1262,-0.4225
5429.473280,90.491221,1.508187,599.666,628.9452,21.3821,26.4989,-9999,-59994.03,-9999,543.5544,477.3524,501.1476,-0.0214,-0.1352,-0.2408,-23.2162,-0.4209
5435.883520,90.598059,1.509968,600.2791,629.6085,21.4101,26.3003,-9999,-59994.03,-9999,544.2446,477.9161,501.9773,-0.024,-0.1416,-0.2462,-23.9708,-0.427
5442.293760,90.704896,1.511748,600.9143,630.1251,21.1429,26.6415,-9999,-59994.03,-9999,545.1307,478.8374,502.4351,-0.0272,-0.1485,-0.2556,-25.0117,-0.4377
5448.704000,90.811733,1.513529,601.4491,630.8269,21.4497,26.5901,-9999,-59994.03,-9999,545.9794,479.2579,503.3827,-0.0293,-0.1556,-0.2638,-25.9648,-0.4456
5455.114240,90.918571,1.515310,602.015,631.3697,21.225,26.3844,-9999,-59994.03,-9999,546.5601,480.353,503.7028,-0.0255,-0.1546,-0.2656,-25.9407,-0.4479
5461.524480,91.025408,1.517090,602.6359,631.9835,21.2454,26.2609,-9999,-59994.03,-9999,547.5229,480.7603,504.6945,-0.0279,-0.1531,-0.2621,-25.7586,-0.4487
5467.934720,91.132245,1.518871,603.2269,632.573,21.0922,26.714,-9999,-59994.03,-9999,548.0321,481.7519,504.9418,-0.0299,-0.1606,-0.2703,-26.3699,-0.4523
5474.344960,91.239083,1.520651,603.9186,633.2467,21.7123,26.5088,-9999,-59994.03,-9999,548.9809,482.2025,505.8514,-0.0303,-0.1675,-0.2811,-27.5471,-0.4615
5480.755200,91.345920,1.522432,604.4811,633.855,21.3757,26.7504,-9999,-59994.03,-9999,549.9513,482.7923,506.4715,-0.0309,-0.1726,-0.2886,-28.4066,-0.4705
5487.165440,91.452757,1.524213,605.1592,634.4861,21.5116,26.8276,-9999,-59994.03,-9999,550.4175,483.6797,507.0907,-0.0291,-0.1706,-0.2916,-28.9766,-0.4784
5493.575680,91.559595,1.525993,605.6008,634.9437,21.0787,26.7658,-9999,-59994.03,-9999,551.1556,484.4184,507.5877,-0.0261,-0.1677,-0.2937,-29.3552,-0.4878
5499.985920,91.666432,1.527774,606.2042,635.5371,21.0996,26.7032,-9999,-59994.03,-9999,551.6747,485.0915,508.4081,-0.0274,-0.1696,-0.2939,-29.7442,-0.4928
5506.396160,91.773269,1.529554,606.8535,636.1797,21.7371,26.4549,-9999,-59994.03,-9999,552.857,485.5938,509.1283,-0.0282,-0.1702,-0.2968,-30.038,-0.4996
5512.806400,91.880107,1.531335,607.3953,636.8148,21.2389,26.5712,-9999,-59994.03,-9999,553.1864,486.61,509.5511,-0.0289,-0.1704,-0.2995,-30.2936,-0.5038
5519.216640,91.986944,1.533116,608.077,637.335,21.1927,26.6178,-9999,-59994.03,-9999,554.117,487.0751,510.2058,-0.0276,-0.1717,-0.3,-30.3363,-0.5057
5525.626880,92.093781,1.534896,608.6593,638.0052,21.3496,26.89,-9999,-59994.03,-9999,554.8893,487.9249,510.9112,-0.0299,-0.1733,-0.303,-30.7641,-0.5093
5532.037120,92.200619,1.536677,609.301,638.6308,21.6053,26.5653,-9999,-59994.03,-9999,555.3183,488.6724,511.5986,-0.0316,-0.177,-0.306,-31.2979,-0.5127
5538.447360,92.307456,1.538458,609.9476,639.2017,21.3713,26.7011,-9999,-59994.03,-9999,556.4335,488.9796,512.3306,-0.0344,-0.1841,-0.3124,-32.152,-0.5215
5544.857600,92.414293,1.540238,610.4031,639.8426,21.5004,26.5779,-9999,-59994.03,-9999,557.0555,489.7661,513.2542,-0.0408,-0.1908,-0.3211,-32.8965,-0.5318
5551.267840,92.521131,1.542019,611.0844,640.3832,21.273,26.7368,-9999,-59994.03,-9999,557.7373,490.6553,513.5043,-0.0422,-0.1963,-0.3274,-33.5016,-0.54
5557.678080,92.627968,1.543799,611.5314,641.0748,21.7008,26.6463,-9999,-59994.03,-9999,558.3809,491.3667,514.1563,-0.041,-0.2019,-0.3329,-33.6974,-0.543
5564.088320,92.734805,1.545580,612.2849,641.6037,21.4058,26.7548,-9999,-59994.03,-9999,559.2631,491.8692,515.0938,-0.0415,-0.2044,-0.334,-33.8009,-0.5404
5570.498560,92.841643,1.547361,612.8637,642.2015,21.6744,26.7064,-9999,-59994.03,-9999,559.7621,492.6695,515.6954,-0.0353,-0.2022,-0.3365,-34.3356,-0.5424
5576.908800,92.948480,1.549141,613.4544,642.7682,21.0566,26.919,-9999,-59994.03,-9999,560.6619,493.3938,516.0059,-0.028,-0.1934,-0.3355,-34.5482,-0.5465
5583.319040,93.055317,1.550922,614.108,643.3877,21.6585,26.7223,-9999,-59994.03,-9999,561.6322,493.9488,517.0338,-0.0289,-0.1872,-0.334,-34.5808,-0.5444
5589.729280,93.162155,1.552703,614.6697,644.0627,21.7593,26.5273,-9999,-59994.03,-9999,562.0615,494.7241,517.3025,-0.0348,-0.1912,-0.3375,-35.0442,-0.5521
5596.139520,93.268992,1.554483,615.2208,644.5922,21.6779,26.5844,-9999,-59994.03,-9999,562.7591,495.5672,518.1437,-0.0343,-0.1917,-0.3373,-35.3822,-0.5575
5602.549760,93.375829,1.556264,615.8869,645.1783,21.3915,26.7981,-9999,-59994.03,-9999,563.6772,495.9845,518.8262,-0.0314,-0.1898,-0.334,-35.5461,-0.5592
5608.960000,93.482667,1.558044,616.3168,645.7736,21.6464,26.8953,-9999,-59994.03,-9999,564.0829,496.7446,519.582,-0.0357,-0.1921,-0.3351,-35.8284,-0.565
5615.370240,93.589504,1.559825,617.0712,646.4393,21.5007,26.9544,-9999,-59994.03,-9999,565.1229,497.2336,520.4316,-0.0453,-0.2026,-0.3415,-36.1893,-0.5679
5621.780480,93.696341,1.561606,617.5829,646.8824,21.441,26.5257,-9999,-59994.03,-9999,565.4254,498.1872,520.9369,-0.0496,-0.2123,-0.3511,-36.8731,-0.5765
5628.190720,93.803179,1.563386,618.1968,647.4692,21.3933,26.7299,-9999,-59994.03,-9999,566.267,498.9245,521.5305,-0.0479,-0.2125,-0.3523,-37.3384,-0.5799
5634.600960,93.910016,1.565167,618.7532,648.1147,21.819,26.6148,-9999,-59994.03,-9999,567.096,499.4696,522.1245,-0.0455,-0.2158,-0.3556,-37.4114,-0.5829
5641.011200,94.016853,1.566948,619.3219,648.6921,21.4414,26.7198,-9999,-59994.03,-9999,567.9779,499.9558,522.7425,-0.0402,-0.2116,-0.3524,-37.3424,-0.587
5647.421440,94.123691,1.568728,620.114,649.3811,21.4141,27.1085,-9999,-59994.03,-9999,568.3354,500.9881,523.3216,-0.0416,-0.2106,-0.3523,-37.499,-0.5907
5653.831680,94.230528,1.570509,620.6815,649.919,21.7325,26.6687,-9999,-59994.03,-9999,569.2237,501.6654,523.8991,-0.0405,-0.2065,-0.3524,-37.5007,-0.5867
5660.241920,94.337365,1.572289,621.2041,650.3878,21.3359,26.7774,-9999,-59994.03,-9999,570.3524,501.976,524.9137,-0.0395,-0.2028,-0.3513,-37.4442,-0.5864
5666.652160,94.444203,1.574070,621.7747,651.1589,21.7422,26.5878,-9999,-59994.03,-9999,570.9778,502.8515,525.4199,-0.0365,-0.1993,-0.3508,-37.4376,-0.5872
5673.062400,94.551040,1.575851,622.3839,651.6475,21.2438,26.9252,-9999,-59994.03,-9999,571.6827,503.4699,525.9285,-0.0347,-0.1967,-0.3435,-36.618,-0.5843
5679.472640,94.657877,1.577631,622.8745,652.2462,21.7158,26.8591,-9999,-59994.03,-9999,572.1056,504.1016,526.9119,-0.04,-0.2022,-0.3443,-36.5618,-0.579
5685.882880,94.764715,1.579412,623.4979,652.8456,21.3762,26.8529,-9999,-59994.03,-9999,572.6686,504.8878,527.4781,-0.0447,-0.2068,-0.3521,-37.2494,-0.5796
5692.293120,94.871552,1.581193,624.2435,653.4405,21.7561,26.7283,-9999,-59994.03,-9999,573.4023,505.7229,528.0695,-0.0413,-0.2041,-0.3517,-37.5337,-0.5847
5698.703360,94.978389,1.582973,624.77,653.954,21.5206,26.8904,-9999,-59994.03,-9999,574.3843,506.1154,528.8997,-0.0376,-0.1995,-0.3475,-37.2354,-0.5854
5705.113600,95.085227,1.584754,625.3231,654.6544,21.5881,26.9613,-9999,-59994.03,-9999,575.3242,506.9296,528.9327,-0.0388,-0.2012,-0.3506,-36.986,-0.5841
5711.523840,95.192064,1.586534,625.8148,655.2086,21.4861,26.9445,-9999,-59994.03,-9999,575.9996,507.6619,529.7996,-0.043,-0.2077,-0.3507,-36.7146,-0.5818
5717.934080,95.298901,1.588315,626.4804,655.707,21.2832,27.073,-9999,-59994.03,-9999,576.5527,508.1601,530.6794,-0.0386,-0.2049,-0.3474,-36.4186,-0.5787
5724.344320,95.405739,1.590096,627.0822,656.3529,21.6113,26.7898,-9999,-59994.03,-9999,577.1888,509.033,531.2031,-0.0326,-0.1977,-0.3406,-35.8388,-0.5712
5730.754560,95.512576,1.591876,627.6058,656.8962,21.3382,26.756,-9999,-59994.03,-9999,577.8713,509.8086,531.743,-0.031,-0.1933,-0.3345,-35.3352,-0.5615
5737.164800,95.619413,1.593657,628.3241,657.5409,21.4886,27.1315,-9999,-59994.03,-9999,578.4563,510.3763,532.7079,-0.0309,-0.1866,-0.3284,-34.3113,-0.55
5743.575040,95.726251,1.595438,629.0356,658.1101,21.5752,26.8018,-9999,-59994.03,-9999,579.3505,510.8888,533.1376,-0.0304,-0.18,-0.3215,-33.3023,-0.5424
5749.985280,95.833088,1.597218,629.4617,658.6545,21.6987,26.7935,-9999,-59994.03,-9999,580.084,511.6143,533.8192,-0.0328,-0.1765,-0.3105,-32.4068,-0.5337
5756.395520,95.939925,1.598999,629.9991,659.2755,21.5153,26.9772,-9999,-59994.03,-9999,580.389,512.3061,534.4862,-0.0341,-0.1738,-0.3079,-32.2595,-0.5304
5762.805760,96.046763,1.600779,630.7756,659.8542,21.4308,26.767,-9999,-59994.03,-9999,581.629,513.0358,534.8147,-0.0391,-0.1796,-0.3152,-32.793,-0.5337
5769.216000,96.153600,1.602560,631.2984,660.4091,21.4674,27.0226,-9999,-59994.03,-9999,582.028,513.6389,535.8302,-0.0398,-0.1817,-0.3171,-32.8242,-0.5348
5775.626240,96.260437,1.604341,631.9537,661.0352,21.367,27.0928,-9999,-59994.03,-9999,582.9101,514.537,536.2102,-0.0399,-0.185,-0.3216,-33.204,-0.5364
5782.036480,96.367275,1.606121,632.4377,661.5707,21.5107,27.0086,-9999,-59994.03,-9999,583.4562,515.0493,536.9623,-0.04,-0.1865,-0.3248,-33.9889,-0.5396
5788.446720,96.474112,1.607902,633.1149,662.2684,21.5854,27.042,-9999,-59994.03,-9999,584.004,515.856,537.6015,-0.0344,-0.1832,-0.3252,-34.2078,-0.5439
5794.856960,96.580949,1.609682,633.7023,662.8291,21.6287,27.132,-9999,-59994.03,-9999,584.7178,516.5599,538.0772,-0.0336,-0.1857,-0.3302,-34.5099,-0.5489
5801.267200,96.687787,1.611463,634.3234,663.4589,21.7573,26.8055,-9999,-59994.03,-9999,585.5281,516.9563,538.7137,-0.031,-0.1876,-0.3337,-34.6703,-0.5504
5807.677440,96.794624,1.613244,634.813,663.8947,21.2802,27.0869,-9999,-59994.03,-9999,586.2031,517.6254,539.6375,-0.0311,-0.1855,-0.3289,-34.2929,-0.5513
5814.087680,96.901461,1.615024,635.4199,664.4537,21.3795,26.8709,-9999,-59994.03,-9999,586.688,518.3084,540.09,-0.0324,-0.1842,-0.3304,-34.4268,-0.5545
5820.497920,97.008299,1.616805,635.9861,665.1436,21.4607,27.2102,-9999,-59994.03,-9999,587.5645,519.0999,540.9487,-0.0346,-0.1866,-0.3265,-34.3505,-0.553
5826.908160,97.115136,1.618586,636.6592,665.6955,21.6227,26.9549,-9999,-59994.03,-9999,588.4708,519.5883,541.4536,-0.033,-0.1904,-0.3298,-34.5475,-0.5526
5833.318400,97.221973,1.620366,637.2742,666.3139,21.7305,27.0259,-9999,-59994.03,-9999,589.0065,520.5073,541.9583,-0.0301,-0.1833,-0.3208,-33.9478,-0.5505
5839.728640,97.328811,1.622147,637.8144,666.9295,21.866,26.8981,-9999,-59994.03,-9999,589.7624,521.2369,542.4114,-0.0271,-0.1771,-0.3192,-33.6903,-0.5515
5846.138880,97.435648,1.623927,638.3702,667.497,21.6187,27.0903,-9999,-59994.03,-9999,590.3163,521.7537,543.255,-0.0286,-0.1766,-0.3157,-33.5796,-0.5493
5852.549120,97.542485,1.625708,638.9478,667.9388,21.4311,27.053,-9999,-59994.03,-9999,590.9902,522.4584,543.6428,-0.0284,-0.1738,-0.3147,-33.8051,-0.5473
5858.959360,97.649323,1.627489,639.5505,668.6578,21.5648,27.3276,681.7673,-59994.03,-9999,591.9985,523.1195,544.6043,-0.0287,-0.1721,-0.3117,-33.6088,-0.5464
5865.369600,97.756160,1.629269,640.0839,669.1665,21.7138,27.0249,-9999,-59994.03,-9999,592.5313,523.6002,545.2455,-0.0277,-0.1724,-0.3125,-33.6105,-0.5462
5871.779840,97.862997,1.631050,640.7638,669.6792,21.5306,27.1387,-9999,-59994.03,-9999,593.1703,524.5325,545.6652,-0.0282,-0.1755,-0.3122,-33.3091,-0.5418
5878.190080,97.969835,1.632831,641.2781,670.2704,21.218,27.251,-9999,-59994.03,-9999,594.114,524.8649,546.3726,-0.0319,-0.1793,-0.3133,-32.9893,-0.5374
5884.600320,98.076672,1.634611,641.8032,670.9247,21.6148,27.3709,-9999,-59994.03,-9999,594.7338,525.6451,547.1901,-0.0314,-0.1781,-0.3085,-32.7059,-0.5338
5891.010560,98.183509,1.636392,642.4243,671.4678,21.8103,27.2885,-9999,-59994.03,-9999,595.1442,526.3358,547.7609,-0.0329,-0.1801,-0.3101,-32.6789,-0.5338
5897.420800,98.290347,1.638172,643.0724,672.0957,21.8237,27.0166,-9999,-59994.03,-9999,595.6721,527.2953,548.3346,-0.0314,-0.1729,-0.3086,-32.2018,-0.5281
5903.831040,98.397184,1.639953,643.5848,672.5635,21.5463,27.0367,-9999,-59994.03,-9999,596.3955,527.8002,549.0855,-0.0304,-0.1677,-0.3032,-31.7401,-0.5197
5910.241280,98.504021,1.641734,644.1654,673.1708,21.8762,27.021,-9999,-59994.03,-9999,597.1586,528.4499,549.5413,-0.0283,-0.1655,-0.298,-31.1708,-0.5103
5916.651520,98.610859,1.643514,644.7306,673.69,21.417,27.2641,464.9909,-59994.03,-9999,597.8482,529.1119,550.4996,-0.0286,-0.1601,-0.2933,-30.7844,-0.5055
5923.061760,98.717696,1.645295,645.3412,674.2679,21.2592,27.2703,-9999,-59994.03,-9999,598.4058,529.7433,550.9579,-0.0311,-0.1609,-0.2946,-30.9221,-0.5066
5929.472000,98.824533,1.647076,645.9338,674.9276,21.8952,26.948,-9999,-59994.03,-9999,599.3267,530.5821,551.5513,-0.0321,-0.1668,-0.3,-31.1618,-0.509
5935.882240,98.931371,1.648856,646.6307,675.4069,21.5866,27.0579,-9999,-59994.03,-9999,599.741,531.3049,551.8901,-0.033,-0.1714,-0.3036,-31.0487,-0.508
5942.292480,99.038208,1.650637,647.0714,676.0646,21.8887,27.0424,-9999,-59994.03,-9999,600.9139,531.7202,552.4535,-0.0287,-0.1715,-0.3035,-31.1496,-0.5062
5948.702720,99.145045,1.652417,647.7353,676.6003,21.6629,27.3051,-9999,-59994.03,-9999,601.1351,532.6777,553.1709,-0.0293,-0.1753,-0.3098,-31.6132,-0.5105
5955.112960,99.251883,1.654198,648.2261,677.1883,21.566,27.2611,-9999,-59994.03,-9999,602.3069,532.8639,554.003,-0.0343,-0.184,-0.3188,-32.4269,-0.5209
5961.523200,99.358720,1.655979,648.8053,677.6866,21.2312,27.2305,-9999,-59994.03,-9999,602.5711,533.7211,554.8547,-0.0389,-0.1896,-0.324,-33.1773,-0.5318
5967.933440,99.465557,1.657759,649.4566,678.3055,21.6632,27.3161,-9999,-59994.03,-9999,603.6119,534.4829,555.1108,-0.036,-0.1925,-0.3277,-33.8403,-0.5424
5974.343680,99.572395,1.659540,649.9841,678.8126,21.5484,27.3674,-9999,-59994.03,-9999,604.186,535.0828,555.6493,-0.0354,-0.1938,-0.334,-34.2978,-0.5424
5980.753920,99.679232,1.661321,650.5353,679.4814,21.6001,27.2573,-9999,-59994.03,-9999,604.9451,535.6431,556.574,-0.0342,-0.1901,-0.3343,-34.1292,-0.5394
5987.164160,99.786069,1.663101,651.2571,680.0586,21.3675,27.5882,-9999,-59994.03,-9999,605.2385,536.4991,556.8715,-0.032,-0.1851,-0.3297,-33.9565,-0.5416
5993.574400,99.892907,1.664882,651.832,680.6567,21.5297,27.3314,-9999,-59994.03,-9999,606.2399,537.1747,557.7319,-0.0302,-0.1776,-0.3233,-33.7319,-0.5415
5999.984640,99.999744,1.666662,652.4091,681.1846,21.802,27.1921,-9999,-59994.03,-9999,606.9825,537.8875,558.2841,-0.0264,-0.1707,-0.317,-33.6495,-0.5404
6006.394880,100.106581,1.668443,652.9483,681.8226,21.6847,27.4299,-9999,-59994.03,-9999,607.3868,538.4904,559.0339,-0.0269,-0.1704,-0.3169,-33.9572,-0.5391
6012.805120,100.213419,1.670224,653.5421,682.3487,21.623,27.3912,-9999,-59994.03,-9999,608.1636,539.1815,559.3954,-0.0283,-0.173,-0.3156,-33.8571,-0.5386
6019.215360,100.320256,1.672004,653.998,682.9417,21.777,27.4724,-9999,-59994.03,-9999,609.1987,539.5654,560.0821,-0.0261,-0.1718,-0.3066,-32.7011,-0.5317
6025.625600,100.427093,1.673785,654.6472,683.4421,21.6593,27.4628,-9999,-59994.03,-9999,609.3619,540.2873,561.098,-0.0256,-0.1664,-0.2994,-31.6371,-0.5246
6032.035840,100.533931,1.675566,655.2175,684.1266,21.9336,27.2455,-9999,-59994.03,-9999,610.5493,540.9333,561.2606,-0.0257,-0.1691,-0.3012,-31.5884,-0.5247
6038.446080,100.640768,1.677346,655.842,684.6865,21.8601,27.4266,-9999,-59994.03,-9999,611.1473,541.428,562.2754,-0.0271,-0.1703,-0.2973,-31.361,-0.523
6044.856320,100.747605,1.679127,656.3376,685.18,21.691,27.3818,-9999,-59994.03,-9999,611.8659,542.2288,562.6282,-0.0233,-0.1667,-0.2974,-31.391,-0.5222
6051.266560,100.854443,1.680907,656.9061,685.7527,21.8432,27.2144,-9999,-59994.03,-9999,612.0494,542.8387,563.1357,-0.0264,-0.1707,-0.2989,-31.69,-0.5205
6057.676800,100.961280,1.682688,657.5084,686.3337,21.5519,27.3263,-9999,-59994.03,-9999,612.8508,543.7303,563.9324,-0.0293,-0.1702,-0.2969,-31.5738,-0.5205
6064.087040,101.068117,1.684469,658.0273,686.7919,21.567,27.2098,-9999,-59994.03,-9999,613.5836,544.0093,564.679,-0.0289,-0.1681,-0.294,-31.2927,-0.5219
6070.497280,101.174955,1.686249,658.5582,687.3463,21.5836,27.5233,-9999,-59994.03,-9999,614.1151,545.0473,565.4061,-0.0329,-0.1678,-0.2946,-31.5251,-0.5275
6076.907520,101.281792,1.688030,659.2382,688.0566,21.7171,27.426,-9999,-59994.03,-9999,615.0842,545.552,565.9075,-0.0316,-0.1697,-0.2967,-31.5669,-0.5277
6083.317760,101.388629,1.689810,659.765,688.4532,21.5029,27.5571,-9999,-59994.03,-9999,615.2798,546.2821,566.4506,-0.0303,-0.1685,-0.2946,-31.0419,-0.523
6089.728000,101.495467,1.691591,660.4166,689.088,21.4522,27.7131,-9999,-59994.03,-9999,616.1966,546.7944,567.2784,-0.0252,-0.1634,-0.2899,-30.6011,-0.5224
6096.138240,101.602304,1.693372,660.9088,689.571,21.5445,27.5159,-9999,-59994.03,-9999,616.9549,547.398,567.7749,-0.0228,-0.1617,-0.2852,-30.2522,-0.5203
6102.548480,101.709141,1.695152,661.3766,690.1965,21.3374,27.6142,-9999,-59994.03,-9999,617.4982,548.2039,568.1184,-0.0192,-0.1554,-0.2779,-29.3963,-0.5114
6108.958720,101.815979,1.696933,662.0354,690.8052,21.913,27.405,-9999,-59994.03,-9999,618.3084,548.8289,568.8402,-0.0205,-0.1528,-0.2736,-28.9565,-0.5051
6115.368960,101.922816,1.698714,662.6146,691.3215,21.4828,27.6561,-9999,-59994.03,-9999,618.986,549.3757,569.4949,-0.0245,-0.1539,-0.2719,-28.5611,-0.5029
6121.779200,102.029653,1.700494,663.2356,691.8736,21.5165,27.5198,-9999,-59994.03,-9999,619.6701,550.2098,570.1022,-0.0269,-0.1566,-0.2735,-28.2724,-0.4962
6128.189440,102.136491,1.702275,663.675,692.4213,21.4393,27.7191,-9999,-59994.03,-9999,620.2532,550.8428,570.5515,-0.0306,-0.1602,-0.2787,-28.5523,-0.498
6134.599680,102.243328,1.704055,664.2184,692.9175,21.4943,27.3659,-9999,-59994.03,-9999,620.9478,551.1694,571.6901,-0.0329,-0.1626,-0.2849,-29.2444,-0.5007
6141.009920,102.350165,1.705836,664.7748,693.575,21.6526,27.622,-9999,-59994.03,-9999,621.399,552.2076,571.7969,-0.0349,-0.1658,-0.289,-29.4988,-0.4996
6147.420160,102.457003,1.707617,665.4137,694.0786,21.9561,27.2101,-9999,-59994.03,-9999,622.2304,552.6478,572.5164,-0.0326,-0.1681,-0.2937,-29.7536,-0.496
6153.830400,102.563840,1.709397,665.9802,694.5923,21.3768,27.8615,-9999,-59994.03,-9999,623.0336,553.0711,573.522,-0.0291,-0.1637,-0.29,-29.1672,-0.4884
6160.240640,102.670677,1.711178,666.5995,695.2473,21.6089,27.7028,-9999,-59994.03,-9999,623.4628,553.8931,573.8925,-0.0266,-0.1636,-0.2898,-28.7897,-0.4848
6166.650880,102.777515,1.712959,667.1431,695.782,21.6213,27.5123,-9999,-59994.03,-9999,623.9056,554.6228,574.3218,-0.0267,-0.1623,-0.2868,-28.794,-0.4829
6173.061120,102.884352,1.714739,667.6483,696.2899,21.7354,27.53,-9999,-59994.03,-9999,625.0359,555.1089,575.2695,-0.0265,-0.1618,-0.2876,-29.2189,-0.4854
6179.471360,102.991189,1.716520,668.1631,696.8496,21.4976,27.6811,-9999,-59994.03,-9999,625.5638,555.8254,575.7169,-0.0243,-0.1648,-0.2917,-29.7851,-0.4905
6185.881600,103.098027,1.718300,668.7656,697.4278,21.9015,27.3498,-9999,-59994.03,-9999,625.8587,556.7833,576.0944,-0.0281,-0.1656,-0.2937,-30.0886,-0.4934
6192.291840,103.204864,1.720081,669.263,698.0081,21.7828,27.4713,-9999,-59994.03,-9999,626.6823,557.1178,576.8934,-0.0303,-0.1674,-0.2931,-30.0347,-0.4929
6198.702080,103.311701,1.721862,669.926,698.5077,21.7759,27.3304,-9999,-59994.03,-9999,627.6853,557.6395,577.8524,-0.0297,-0.1688,-0.2906,-29.9119,-0.4956
6205.112320,103.418539,1.723642,670.3371,699.1023,21.6486,27.4858,-9999,-59994.03,-9999,627.8558,558.488,578.5291,-0.0292,-0.1692,-0.2971,-30.6186,-0.5015
6211.522560,103.525376,1.725423,670.9169,699.6243,21.6544,27.7497,-9999,-59994.03,-9999,628.6897,559.1508,579.1939,-0.0289,-0.1692,-0.2973,-30.9578,-0.5037
6217.932800,103.632213,1.727204,671.4288,700.2451,22.0474,27.6335,-9999,-59994.03,-9999,629.5533,559.6782,579.7726,-0.0332,-0.1753,-0.3033,-31.4073,-0.5117
6224.343040,103.739051,1.728984,672.141,700.8271,21.9718,27.4359,-9999,-59994.03,-9999,630.1938,560.3819,580.1675,-0.0357,-0.1804,-0.3106,-31.6952,-0.5193
6230.753280,103.845888,1.730765,672.6616,701.2195,21.5834,27.4934,-136.5208,-59994.03,-9999,630.9128,561.0179,580.6159,-0.0358,-0.1816,-0.3143,-32.1442,-0.5262
6237.163520,103.952725,1.732545,673.2914,701.8727,21.5732,27.6356,-9999,-59994.03,-9999,631.1418,561.566,581.3337,-0.0345,-0.1834,-0.3185,-32.4796,-0.5323
6243.573760,104.059563,1.734326,673.8054,702.3983,21.849,27.6324,-9999,-59994.03,-9999,632.2578,562.0609,582.0959,-0.0342,-0.1827,-0.3137,-32.4449,-0.5326
6249.984000,104.166400,1.736107,674.3302,703.01,21.6995,27.6163,-9999,-59994.03,-9999,632.738,563.0997,582.4977,-0.0328,-0.1837,-0.3109,-32.3537,-0.5303
6256.394240,104.273237,1.737887,674.8604,703.4379,21.3016,27.8284,-9999,-59994.03,-9999,633.5067,563.6339,583.1011,-0.033,-0.185,-0.3141,-32.2443,-0.5282
6262.804480,104.380075,1.739668,675.5427,704.0864,22.038,27.4918,-9999,-59994.03,-9999,634.2146,563.9636,583.8562,-0.0337,-0.1889,-0.3211,-32.9454,-0.5315
6269.214720,104.486912,1.741449,676.0167,704.6223,21.7651,27.6842,-9999,-59994.03,-9999,634.9611,564.9097,584.2253,-0.0383,-0.1946,-0.3299,-33.6485,-0.5372
6275.624960,104.593749,1.743229,676.525,705.2089,21.8521,27.6198,-9999,-59994.03,-9999,635.3467,565.4939,585.0416,-0.0409,-0.1928,-0.3259,-33.79,-0.5373
6282.035200,104.700587,1.745010,677.1824,705.8088,21.7887,27.7804,-9999,-59994.03,-9999,635.9499,566.1433,585.6299,-0.0395,-0.1954,-0.3277,-33.9735,-0.54
6288.445440,104.807424,1.746790,677.7461,706.2614,21.7052,27.7571,-9999,-59994.03,-9999,636.7,566.7169,586.2465,-0.0401,-0.199,-0.333,-34.2277,-0.5439
6294.855680,104.914261,1.748571,678.2199,706.8459,21.8585,27.5337,-9999,-59994.03,-9999,637.3457,567.6112,586.7462,-0.0389,-0.1998,-0.3384,-34.8049,-0.5519
6301.265920,105.021099,1.750352,678.787,707.3948,21.8916,27.9556,-9999,-59994.03,-9999,638.0551,568.012,587.1625,-0.0365,-0.1982,-0.3403,-35.4994,-0.5563
6307.676160,105.127936,1.752132,679.2113,707.8893,21.7156,27.8678,-9999,-59994.03,-9999,638.3657,568.6713,587.8375,-0.0339,-0.195,-0.3406,-35.7235,-0.5615
6314.086400,105.234773,1.753913,679.8235,708.4292,21.5948,27.8595,-9999,-59994.03,-9999,638.9977,569.4739,588.4135,-0.0324,-0.1909,-0.3375,-36.0275,-0.5648
6320.496640,105.341611,1.755694,680.4078,708.9238,21.4153,27.9892,-9999,-59994.03,-9999,640.2063,570.018,589.2783,-0.0352,-0.1915,-0.3326,-35.4632,-0.559
6326.906880,105.448448,1.757474,681.0697,709.6529,21.9557,27.7817,-9999,-59994.03,-9999,640.3489,570.4796,589.8659,-0.037,-0.197,-0.3333,-35.5303,-0.5604
6333.317120,105.555285,1.759255,681.4211,710.0597,21.3502,28.0049,-9999,-59994.03,-9999,640.967,571.3555,590.2311,-0.0383,-0.1995,-0.3328,-35.1975,-0.5617
6339.727360,105.662123,1.761035,682.084,710.6964,21.8597,27.5581,-9999,-59994.03,-9999,641.9309,571.8177,591.2813,-0.0355,-0.1927,-0.3271,-34.6424,-0.5598
6346.137600,105.768960,1.762816,682.5152,711.0981,21.5298,27.6646,-9999,-59994.03,-9999,642.3872,572.8261,591.4135,-0.0327,-0.1909,-0.3287,-34.8196,-0.5655
6352.547840,105.875797,1.764597,683.2009,711.7787,21.7288,27.8337,-9999,-59994.03,-9999,643.258,572.9415,592.4931,-0.0373,-0.1917,-0.337,-36.1553,-0.5714
6358.958080,105.982635,1.766377,683.7388,712.2688,21.8014,27.8284,-9999,-59994.03,-9999,643.7945,573.8081,592.8992,-0.0344,-0.1912,-0.3436,-36.8143,-0.5737
6365.368320,106.089472,1.768158,684.1992,712.7913,21.6765,27.8029,-9999,-59994.03,-9999,644.3945,574.3082,593.7048,-0.035,-0.1956,-0.3475,-37.4277,-0.5829
6371.778560,106.196309,1.769938,684.7547,713.3956,21.7565,28.0624,-9999,-59994.03,-9999,645.0491,575.0739,594.1193,-0.0381,-0.2052,-0.3543,-38.0853,-0.5888
6378.188800,106.303147,1.771719,685.3329,713.8152,21.7535,27.669,-9999,-59994.03,-9999,645.7158,575.6754,594.854,-0.038,-0.2075,-0.3576,-37.8885,-0.586
6384.599040,106.409984,1.773500,685.8821,714.4741,21.6723,27.9041,-9999,-59994.03,-9999,646.5919,576.2188,595.436,-0.034,-0.2008,-0.3504,-37.3181,-0.5821
6391.009280,106.516821,1.775280,686.4511,714.9961,21.6328,28.0125,-9999,-59994.03,-9999,647.0369,577.1846,595.9508,-0.033,-0.1956,-0.3471,-37.0269,-0.5782
6397.419520,106.623659,1.777061,686.853,715.4785,21.4944,27.7553,-9999,-59994.03,-9999,647.5428,577.7919,596.4492,-0.0324,-0.1921,-0.3433,-36.8136,-0.5785
6403.829760,106.730496,1.778842,687.5565,716.0381,21.7655,27.9609,-9999,-59994.03,-9999,648.5972,577.9398,597.2206,-0.0351,-0.19,-0.3381,-36.1647,-0.5744
6410.240000,106.837333,1.780622,688.0715,716.6138,21.7024,27.9448,-9999,-59994.03,-9999,649.0281,578.9306,597.7325,-0.0396,-0.1909,-0.3358,-36.1199,-0.5744
6416.650240,106.944171,1.782403,688.4879,717.1392,21.7558,27.8146,-9999,-59994.03,-9999,649.5505,579.3077,598.7083,-0.0366,-0.1926,-0.3359,-36.024,-0.5717
6423.060480,107.051008,1.784183,689.1162,717.5825,21.7301,27.8289,-9999,-59994.03,-9999,650.3071,579.9914,599.1871,-0.0351,-0.1896,-0.3344,-35.8166,-0.5733
6429.470720,107.157845,1.785964,689.4999,718.2184,21.8694,27.8885,-9999,-59994.03,-9999,650.8014,580.5601,599.4825,-0.0308,-0.1854,-0.3312,-36.0835,-0.5756
6435.880960,107.264683,1.787745,690.196,718.7976,21.9064,27.8579,-9999,-59994.03,-9999,651.1705,581.3523,600.4004,-0.0346,-0.1859,-0.3302,-36.1109,-0.5747
6442.291200,107.371520,1.789525,690.7954,719.2873,21.7218,28.0732,-9999,-59994.03,-9999,652.1058,582.0404,600.6791,-0.0367,-0.1889,-0.3324,-36.023,-0.5739
6448.701440,107.478357,1.791306,691.2444,719.8335,22.1203,27.7794,-9999,-59994.03,-9999,652.9225,582.4653,601.6066,-0.0386,-0.1868,-0.3256,-35.5133,-0.5717
6455.111680,107.585195,1.793087,691.8877,720.3588,21.4384,28.1633,-9999,-59994.03,-9999,653.3146,583.3146,601.9274,-0.0359,-0.1827,-0.3177,-34.7147,-0.5665
6461.521920,107.692032,1.794867,692.3284,720.9227,21.8678,27.6124,-9999,-59994.03,-9999,653.9902,583.7417,602.4594,-0.0334,-0.1883,-0.3216,-34.7105,-0.566
6467.932160,107.798869,1.796648,692.8632,721.321,21.5416,27.7369,-9999,-59994.03,-9999,654.5641,584.5281,603.1265,-0.0366,-0.1928,-0.3259,-34.9075,-0.5636
6474.342400,107.905707,1.798428,693.4476,721.9919,21.7554,27.5206,-9999,-59994.03,-9999,655.0449,585.1216,603.8043,-0.0371,-0.1914,-0.3267,-34.5555,-0.555
6480.752640,108.012544,1.800209,693.9479,722.4307,21.7116,27.8958,-9999,-59994.03,-9999,655.6435,585.8797,604.2115,-0.0358,-0.1886,-0.3234,-34.0675,-0.5466
6487.162880,108.119381,1.801990,694.5895,723.0917,21.6055,28.0012,-9999,-59994.03,-9999,656.7793,586.2703,604.9111,-0.0396,-0.1908,-0.3281,-34.1471,-0.5484
6493.573120,108.226219,1.803770,695.0591,723.5302,21.481,27.8549,-9999,-59994.03,-9999,657.2956,587.0759,605.7003,-0.039,-0.19,-0.3252,-34.0945,-0.5499
6499.983360,108.333056,1.805551,695.5698,724.0612,21.5465,28.0946,-9999,-59994.03,-9999,657.8622,587.5327,606.303,-0.0369,-0.1875,-0.3249,-34.2534,-0.5522
6506.393600,108.439893,1.807332,696.27,724.5667,21.5011,28.0454,-9999,-59994.03,-9999,658.3152,588.2954,606.6268,-0.0354,-0.1913,-0.3307,-35.1288,-0.5632
6512.803840,108.546731,1.809112,696.7237,725.0963,21.4597,28.2089,-9999,-59994.03,-9999,659.1208,588.7135,607.7056,-0.0353,-0.1959,-0.3339,-35.6893,-0.5663
6519.214080,108.653568,1.810893,697.2539,725.671,21.8708,27.8018,-9999,-59994.03,-9999,660.0165,589.3142,608.3267,-0.0418,-0.2005,-0.3363,-35.6127,-0.5697
6525.624320,108.760405,1.812673,697.6817,726.1574,21.592,27.9616,-9999,-59994.03,-9999,660.0341,590.2455,608.5986,-0.0455,-0.2066,-0.3392,-35.9524,-0.5748
6532.034560,108.867243,1.814454,698.3398,726.7104,21.5187,28.1702,-9999,-59994.03,-9999,660.9623,590.6886,609.1014,-0.0482,-0.2137,-0.3492,-36.7944,-0.5809
6538.444800,108.974080,1.816235,698.769,727.2673,22.0248,27.9009,-9999,-59994.03,-9999,661.3716,591.3875,609.8687,-0.0446,-0.2157,-0.3552,-37.2321,-0.5834
6544.855040,109.080917,1.818015,699.3998,727.9155,22.1632,28.0095,-9999,-59994.03,-9999,662.0333,592.1376,610.5558,-0.0467,-0.2189,-0.3593,-37.6273,-0.5881
6551.265280,109.187755,1.819796,699.86,728.3788,21.6897,28.2368,-9999,-59994.03,-9999,662.8863,592.4358,611.2411,-0.0436,-0.2143,-0.3567,-37.4983,-0.5875
6557.675520,109.294592,1.821577,700.3412,728.8945,21.8697,28.1517,-9999,-59994.03,-9999,663.3478,593.0952,611.8574,-0.041,-0.21,-0.3542,-37.6544,-0.5892
6564.085760,109.401429,1.823357,700.9285,729.4307,21.875,27.9465,-9999,-59994.03,-9999,664.1569,593.9648,612.1606,-0.0446,-0.2135,-0.3621,-38.0947,-0.5933
6570.496000,109.508267,1.825138,701.5123,730.0031,21.8056,28.306,-9999,-59994.03,-9999,664.6309,594.6771,613.0879,-0.0473,-0.2181,-0.3672,-38.6297,-0.5969
6576.906240,109.615104,1.826918,702.085,730.4642,21.7448,28.0765,-9999,-59994.03,-9999,665.2737,595.2335,613.5231,-0.0474,-0.2223,-0.3733,-39.6092,-0.605
6583.316480,109.721941,1.828699,702.5023,730.9465,21.6497,27.8407,-9999,-59994.03,-9999,665.8236,595.7295,614.3983,-0.0485,-0.222,-0.3779,-40.3209,-0.6135
6589.726720,109.828779,1.830480,702.957,731.5079,21.7318,28.1179,-9999,-59994.03,-9999,666.2799,596.5453,614.7902,-0.0465,-0.2239,-0.3846,-41.0646,-0.6222
6596.136960,109.935616,1.832260,703.6057,731.9998,21.7971,27.9555,-9999,-59994.03,-9999,667.1255,597.07,615.665,-0.0495,-0.2248,-0.3858,-41.4702,-0.6266
6602.547200,110.042453,1.834041,704.1575,732.6088,21.6506,28.1613,-9999,-59994.03,-9999,667.6257,597.6057,616.2419,-0.0485,-0.2277,-0.3877,-41.5588,-0.6262
6608.957440,110.149291,1.835822,704.6611,733.1324,21.7698,28.1873,-9999,-59994.03,-9999,668.3436,598.1628,616.7866,-0.0436,-0.2265,-0.3882,-41.6757,-0.6301
6615.367680,110.256128,1.837602,705.1547,733.602,21.9483,28.0707,-9999,-59994.03,-9999,669.0787,598.7851,617.2764,-0.0388,-0.2222,-0.3826,-41.221,-0.6275
6621.777920,110.362965,1.839383,705.7007,734.1252,21.4984,28.1087,-9999,-59994.03,-9999,669.7002,599.6226,617.716,-0.0328,-0.2101,-0.3723,-40.5618,-0.6239
6628.188160,110.469803,1.841163,706.239,734.6767,21.5248,28.0477,-9999,-59994.03,-9999,670.2759,600.1297,618.4819,-0.0308,-0.2005,-0.36,-39.5761,-0.6185
6634.598400,110.576640,1.842944,706.8557,735.2175,21.7924,27.9877,-9999,-59994.03,-9999,670.9136,600.7168,618.7825,-0.028,-0.1939,-0.3502,-38.6127,-0.6109
6641.008640,110.683477,1.844725,707.3461,735.65,21.6215,27.9904,-9999,-59994.03,-9999,671.6381,601.1738,619.8438,-0.0281,-0.1861,-0.3399,-37.5928,-0.5998
6647.418880,110.790315,1.846505,707.8295,736.2102,21.724,27.9702,-9999,-59994.03,-9999,672.1984,601.8794,620.2311,-0.0294,-0.1813,-0.332,-36.4829,-0.5892
6653.829120,110.897152,1.848286,708.405,736.7281,21.7603,28.2784,-9999,-59994.03,-9999,672.658,602.3862,620.8921,-0.0296,-0.1802,-0.3242,-35.4843,-0.5815
6660.239360,111.003989,1.850066,708.9186,737.2503,21.4565,28.4694,-9999,-59994.03,-9999,673.2112,603.2327,621.6388,-0.0321,-0.1769,-0.3166,-34.2983,-0.5718
6666.649600,111.110827,1.851847,709.383,737.8526,21.9039,28.3414,-9999,-59994.03,-9999,673.7988,603.9692,621.9801,-0.0343,-0.1768,-0.3104,-33.2626,-0.5641
6673.059840,111.217664,1.853628,709.7955,738.2149,21.7108,28.2673,-9999,-59994.03,-9999,674.7195,604.4831,622.5969,-0.0342,-0.1781,-0.3098,-33.0065,-0.5607
6679.470080,111.324501,1.855408,710.4303,738.7479,21.4776,28.4717,-9999,-59994.03,-9999,675.3004,605.0575,623.3738,-0.0321,-0.1788,-0.3087,-32.8247,-0.5564
6685.880320,111.431339,1.857189,710.9512,739.2768,21.9141,28.0197,-9999,-59994.03,-9999,675.4268,605.727,623.7439,-0.031,-0.1792,-0.3089,-32.5493,-0.5466
6692.290560,111.538176,1.858970,711.5197,739.8098,21.6092,28.372,-9999,-59994.03,-9999,676.3708,606.2511,624.2585,-0.0296,-0.1749,-0.3049,-32.1232,-0.5364
6698.700800,111.645013,1.860750,711.9302,740.2862,21.4891,28.1721,-9999,-59994.03,-9999,676.8622,606.7471,625.3177,-0.0308,-0.1715,-0.3008,-31.5372,-0.5329
6705.111040,111.751851,1.862531,712.5426,740.8801,21.9243,28.176,-9999,-59994.03,-9999,677.3829,607.495,625.7343,-0.0338,-0.1771,-0.3043,-31.5799,-0.5322
6711.521280,111.858688,1.864311,713.0009,741.3954,21.5875,28.4087,-9999,-59994.03,-9999,677.7714,608.1815,626.1491,-0.0314,-0.1784,-0.3042,-31.6442,-0.5309
6717.931520,111.965525,1.866092,713.5323,741.9523,22.0945,28.053,-9999,-59994.03,-9999,678.534,608.8693,626.7465,-0.0263,-0.1755,-0.3026,-31.4554,-0.5245
6724.341760,112.072363,1.867873,714.0017,742.443,21.841,28.0944,-9999,-59994.03,-9999,679.397,609.2833,627.6402,-0.0332,-0.1844,-0.3083,-31.8714,-0.5289
6730.752000,112.179200,1.869653,714.4653,742.8459,21.6078,28.3034,-9999,-59994.03,-9999,680.129,609.9066,628.0626,-0.0338,-0.1905,-0.3192,-32.7635,-0.5367
6737.162240,112.286037,1.871434,715.0782,743.4536,22.1001,28.2381,-9999,-59994.03,-9999,680.7676,610.4077,628.4727,-0.0318,-0.1933,-0.324,-33.276,-0.5397
6743.572480,112.392875,1.873215,715.7128,743.9113,21.5639,28.4145,-9999,-59994.03,-9999,681.0587,611.2082,629.1597,-0.0352,-0.1975,-0.3296,-34.209,-0.5481
6749.982720,112.499712,1.874995,716.1439,744.496,21.7964,28.2207,-9999,-59994.03,-9999,681.602,611.8448,629.9805,-0.0421,-0.2018,-0.3393,-35.6186,-0.5583
6756.392960,112.606549,1.876776,716.7063,745.0303,21.8123,28.2938,-9999,-59994.03,-9999,682.4227,612.2623,630.5661,-0.041,-0.2036,-0.3478,-36.5653,-0.5689
6762.803200,112.713387,1.878556,717.2252,745.5151,21.9509,28.1473,-9999,-59994.03,-9999,682.8876,613.1748,630.8652,-0.0445,-0.2111,-0.3555,-37.1076,-0.5735
6769.213440,112.820224,1.880337,717.702,745.9429,21.8655,27.9978,-9999,-59994.03,-9999,683.4785,613.5248,631.6304,-0.0445,-0.2163,-0.3624,-37.4374,-0.5795
6775.623680,112.927061,1.882118,718.3043,746.4334,21.677,28.1979,-9999,-59994.03,-9999,684.0084,614.3916,632.2924,-0.0427,-0.218,-0.3638,-38.1781,-0.5895
6782.033920,113.033899,1.883898,718.8091,747.0441,21.5414,28.3232,-9999,-59994.03,-9999,684.7315,614.6924,633.0151,-0.0361,-0.2142,-0.3605,-38.5388,-0.5957
6788.444160,113.140736,1.885679,719.2227,747.4965,21.5609,28.2712,-9999,-59994.03,-9999,685.3986,615.3163,633.6747,-0.0339,-0.2092,-0.3562,-38.0964,-0.5945
6794.854400,113.247573,1.887460,719.8171,748.0568,22.0691,28.3632,-9999,-59994.03,-9999,685.9673,616.1263,634.2566,-0.0326,-0.2017,-0.3483,-37.4903,-0.5893
6801.264640,113.354411,1.889240,720.4051,748.5632,21.615,28.2386,-9999,-59994.03,-9999,686.64,616.7211,634.8218,-0.0363,-0.2028,-0.3511,-37.4352,-0.5885
6807.674880,113.461248,1.891021,720.86,749.0982,21.8544,28.4901,-9999,-59994.03,-9999,687.4247,617.417,635.4263,-0.0414,-0.2073,-0.3556,-37.5144,-0.588
6814.085120,113.568085,1.892801,721.4351,749.6296,21.829,28.4055,-9999,-59994.03,-9999,688.044,617.924,635.7115,-0.0423,-0.2091,-0.3554,-37.6381,-0.5886
6820.495360,113.674923,1.894582,721.7905,750.0284,21.4977,28.2906,-9999,-59994.03,-9999,688.3113,618.6677,636.5878,-0.0409,-0.2072,-0.3557,-37.8769,-0.5876
6826.905600,113.781760,1.896363,722.4233,750.6946,21.8286,28.4079,-9999,-59994.03,-9999,688.8466,619.1596,637.19,-0.0429,-0.2119,-0.3545,-37.8916,-0.5899
6833.315840,113.888597,1.898143,723.0603,751.182,21.6389,28.3318,-9999,-59994.03,-9999,689.6119,619.939,637.2845,-0.0425,-0.21,-0.3528,-38.0061,-0.5941
6839.726080,113.995435,1.899924,723.3645,751.6196,21.7326,28.5812,-9999,-59994.03,-9999,690.4365,620.4547,637.9794,-0.0449,-0.2147,-0.3641,-39.0667,-0.6058
6846.136320,114.102272,1.901705,724.0043,752.1658,21.7729,28.6992,-9999,-59994.03,-9999,690.4296,621.0446,639.007,-0.043,-0.2191,-0.372,-40.1756,-0.6142
6852.546560,114.209109,1.903485,724.4573,752.6691,21.8936,28.1706,-9999,-59994.03,-9999,691.5161,621.5727,639.4648,-0.0441,-0.2251,-0.382,-40.9529,-0.6224
6858.956800,114.315947,1.905266,724.981,753.1751,22.1725,28.1793,-9999,-59994.03,-9999,692.247,622.1291,640.1371,-0.0429,-0.2286,-0.3869,-41.2314,-0.6271
6865.367040,114.422784,1.907046,725.4483,753.6308,21.9015,28.175,-9999,-59994.03,-9999,692.576,622.9387,640.5992,-0.0425,-0.2316,-0.3877,-41.1806,-0.6309
6871.777280,114.529621,1.908827,725.9892,754.1388,21.8332,28.1257,-9999,-59994.03,-9999,693.1606,623.485,640.8959,-0.043,-0.2323,-0.388,-41.4964,-0.6342
6878.187520,114.636459,1.910608,726.525,754.6762,21.622,28.6631,-9999,-59994.03,-9999,693.7889,623.9952,641.9842,-0.0462,-0.2332,-0.3917,-41.9038,-0.636
6884.597760,114.743296,1.912388,726.8205,755.1535,22.0009,28.5169,-9999,-59994.03,-9999,694.5975,624.4974,642.5621,-0.0436,-0.2287,-0.3904,-42.222,-0.6392
6891.008000,114.850133,1.914169,727.4885,755.665,21.6526,28.4074,-9999,-59994.03,-9999,694.7661,625.4091,643.0453,-0.0412,-0.2229,-0.3853,-41.7087,-0.6402
6897.418240,114.956971,1.915950,728.0263,756.1162,21.5547,28.6684,-9999,-59994.03,-9999,695.7357,625.935,643.4902,-0.0395,-0.219,-0.3812,-41.6296,-0.6446
6903.828480,115.063808,1.917730,728.4534,756.6287,21.551,28.6012,-9999,-59994.03,-9999,696.1987,626.56,643.9867,-0.0369,-0.2198,-0.3845,-41.986,-0.6526
6910.238720,115.170645,1.919511,728.9689,757.1517,21.9801,28.4081,-9999,-59994.03,-9999,696.881,627.0212,644.9706,-0.0399,-0.2223,-0.3848,-42.4436,-0.6575
6916.648960,115.277483,1.921291,729.6996,757.7457,21.8406,28.4428,-9999,-59994.03,-9999,697.3049,627.9919,645.4489,-0.0434,-0.2234,-0.3836,-42.4121,-0.6571
6923.059200,115.384320,1.923072,730.1967,758.287,22.198,28.2727,-9999,-59994.03,-9999,697.8943,628.2269,645.9156,-0.0425,-0.2267,-0.39,-42.8852,-0.6604
6929.469440,115.491157,1.924853,730.5419,758.6993,22.0678,28.5624,-9999,-59994.03,-9999,698.5022,629.101,646.425,-0.0454,-0.2341,-0.3993,-43.894,-0.6665
6935.879680,115.597995,1.926633,731.0171,759.1282,21.7125,28.673,-9999,-59994.03,-9999,699.2322,629.6628,646.7657,-0.0476,-0.2391,-0.4054,-44.6515,-0.6722
6942.289920,115.704832,1.928414,731.5731,759.67,21.706,28.7532,-9999,-59994.03,-9999,699.6679,630.1719,647.8712,-0.0516,-0.24,-0.4075,-44.9834,-0.6757
6948.700160,115.811669,1.930194,732.1807,760.1393,21.6225,28.6309,-9999,-59994.03,-9999,700.1846,630.8263,648.2431,-0.0514,-0.2441,-0.4118,-44.9633,-0.676
6955.110400,115.918507,1.931975,732.625,760.7151,21.8138,28.7764,-9999,-59994.03,-9999,701.2322,631.4504,649.1422,-0.0496,-0.2386,-0.4054,-44.4366,-0.6738
6961.520640,116.025344,1.933756,733.2464,761.2599,22.2639,28.73,-9999,-59994.03,-9999,701.2882,632.3304,649.562,-0.0482,-0.2321,-0.4014,-43.9219,-0.6725
6967.930880,116.132181,1.935536,733.6189,761.7072,21.8483,28.9628,-9999,-59994.03,-9999,702.3781,632.6394,650.2358,-0.0487,-0.2309,-0.3996,-43.9219,-0.676
6974.341120,116.239019,1.937317,734.081,762.2507,21.9496,28.8879,-9999,-59994.03,-9999,702.6603,633.5846,650.6891,-0.0534,-0.2338,-0.4014,-44.2266,-0.6777
6980.751360,116.345856,1.939098,734.5897,762.6409,21.7546,28.7796,-9999,-59994.03,-9999,702.9258,633.9434,651.4019,-0.0535,-0.2388,-0.4057,-44.3296,-0.6784
6987.161600,116.452693,1.940878,735.103,763.1573,21.4466,28.6387,-9999,-59994.03,-9999,703.601,634.5233,651.5816,-0.0495,-0.2364,-0.3997,-43.955,-0.6756
6993.571840,116.559531,1.942659,735.6333,763.6523,21.7932,28.587,-9999,-59994.03,-9999,704.3887,635.2821,652.5226,-0.0514,-0.2367,-0.3976,-43.9425,-0.6727
6999.982080,116.666368,1.944439,736.0349,764.2076,22.1304,28.6132,-9999,-59994.03,-9999,704.8237,635.9323,653.0266,-0.0531,-0.237,-0.3949,-43.5629,-0.6727
7006.392320,116.773205,1.946220,736.5378,764.6857,21.9658,28.6417,-9999,-59994.03,-9999,705.4959,636.4126,653.4543,-0.0531,-0.2366,-0.3955,-43.0669,-0.6681
7012.802560,116.880043,1.948001,737.051,765.1766,22.0495,28.4969,-9999,-59994.03,-9999,706.0081,637.0016,654.1906,-0.0483,-0.2308,-0.3898,-42.3155,-0.6545
7019.212800,116.986880,1.949781,737.5424,765.5756,21.7587,28.6203,-9999,-59994.03,-9999,706.6728,637.6143,654.5972,-0.0403,-0.2217,-0.3811,-41.5373,-0.646
7025.623040,117.093717,1.951562,738.0913,766.1347,21.9253,28.7883,-9999,-59994.03,-9999,707.1041,638.1962,655.3422,-0.0318,-0.2087,-0.3668,-40.5351,-0.633
7032.033280,117.200555,1.953343,738.568,766.6464,21.8624,28.5297,-9999,-59994.03,-9999,708.4027,638.7648,655.7299,-0.0349,-0.2056,-0.3616,-39.7431,-0.6252
7038.443520,117.307392,1.955123,739.116,767.1359,21.9503,28.6925,-9999,-59994.03,-9999,708.9664,639.2899,656.4766,-0.0366,-0.2069,-0.3629,-39.4791,-0.6196
7044.853760,117.414229,1.956904,739.5907,767.5696,21.7641,28.5679,-9999,-59994.03,-9999,709.1774,639.8871,656.9666,-0.0317,-0.2043,-0.3605,-38.898,-0.613
7051.264000,117.521067,1.958684,740.1397,768.1039,21.985,28.5465,-9999,-59994.03,-9999,710.1938,640.3496,657.8771,-0.0316,-0.1992,-0.3525,-38.2067,-0.6077
7057.674240,117.627904,1.960465,740.5933,768.5517,21.4087,28.6182,-9999,-59994.03,-9999,710.1633,641.1717,658.4627,-0.0312,-0.1951,-0.3477,-37.8599,-0.6036
7064.084480,117.734741,1.962246,741.1762,769.0902,21.7722,28.4718,-9999,-59994.03,-9999,710.6695,641.8698,658.8094,-0.0286,-0.1866,-0.3388,-36.917,-0.5945
7070.494720,117.841579,1.964026,741.4744,769.5148,21.628,28.593,-9999,-59994.03,-9999,711.4309,642.6397,659.3675,-0.0269,-0.1775,-0.3284,-36.088,-0.586
7076.904960,117.948416,1.965807,742.1282,770.1126,22.0449,28.6332,-9999,-59994.03,-9999,712.1481,643.2363,659.8657,-0.0299,-0.176,-0.3243,-35.4606,-0.5749
7083.315200,118.055253,1.967588,742.5678,770.5475,22.0351,28.6235,-9999,-59994.03,-9999,712.9891,643.5255,660.6896,-0.0282,-0.1744,-0.3184,-34.7329,-0.564
7089.725440,118.162091,1.969368,743.0577,771.0702,21.6396,28.8237,-9999,-59994.03,-9999,712.9304,644.4943,661.0614,-0.0322,-0.176,-0.3172,-34.3564,-0.556
7096.135680,118.268928,1.971149,743.5878,771.5788,21.7564,28.8405,-9999,-59994.03,-9999,713.8666,645.0196,661.767,-0.0284,-0.1711,-0.3113,-33.7255,-0.549
7102.545920,118.375765,1.972929,744.1223,772.0332,21.8409,28.5732,-9999,-59994.03,-9999,714.3219,645.4811,662.567,-0.0281,-0.1721,-0.309,-33.2675,-0.5501
7108.956160,118.482603,1.974710,744.5665,772.5719,21.7779,28.9917,-9999,-59994.03,-9999,714.9157,646.2698,662.6635,-0.0323,-0.181,-0.3151,-33.6651,-0.5521
7115.366400,118.589440,1.976491,745.0537,773.0084,21.7446,28.9469,-9999,-59994.03,-9999,716.1122,646.6114,663.596,-0.032,-0.1818,-0.3172,-33.6922,-0.546
7121.776640,118.696277,1.978271,745.6121,773.5594,22.0668,28.6681,-9999,-59994.03,-9999,716.7868,647.363,664.1348,-0.0334,-0.1817,-0.3129,-33.1015,-0.5406
7128.186880,118.803115,1.980052,746.0074,773.8889,21.5168,29.0818,-9999,-59994.03,-9999,716.812,648.1492,664.5983,-0.0325,-0.1843,-0.3156,-33.2723,-0.5429
7134.597120,118.909952,1.981833,746.5619,774.4509,21.978,28.6562,-9999,-59994.03,-9999,717.7917,648.2717,665.31,-0.0351,-0.189,-0.3212,-33.8096,-0.5463
7141.007360,119.016789,1.983613,747.1288,774.933,21.753,28.5601,-9999,-59994.03,-9999,718.392,649.0814,665.9779,-0.0391,-0.1911,-0.3201,-33.5966,-0.5444
7147.417600,119.123627,1.985394,747.6315,775.4861,21.8833,29.1156,-9999,-59994.03,-9999,718.7366,649.7989,666.6819,-0.0389,-0.1927,-0.3215,-33.8954,-0.5475
7153.827840,119.230464,1.987174,748.0005,776.0121,22.1816,28.904,-9999,-59994.03,-9999,719.4666,650.3879,667.0989,-0.0368,-0.1919,-0.3238,-34.8468,-0.5566
7160.238080,119.337301,1.988955,748.4604,776.3773,21.4633,28.8782,-9999,-59994.03,-9999,720.1595,651.0129,667.4646,-0.0336,-0.1909,-0.3289,-35.0631,-0.5606
7166.648320,119.444139,1.990736,749.0459,776.8704,21.8561,28.9577,-9999,-59994.03,-9999,720.2805,651.5243,668.5644,-0.0316,-0.1869,-0.3257,-34.2811,-0.5512
7173.058560,119.550976,1.992516,749.5655,777.4769,22.3416,28.7792,-9999,-59994.03,-9999,721.1838,652.2724,668.8622,-0.0327,-0.1885,-0.3252,-33.8649,-0.5448
7179.468800,119.657813,1.994297,749.965,777.9457,22.0394,29.0881,-9999,-59994.03,-9999,722.0981,652.7808,669.5625,-0.0334,-0.1864,-0.3229,-33.4525,-0.54
7185.879040,119.764651,1.996078,750.5983,778.4444,22.0685,28.898,-9999,-59994.03,-9999,722.2363,653.5238,669.9291,-0.032,-0.1876,-0.3211,-32.9836,-0.5352
7192.289280,119.871488,1.997858,750.9729,778.8742,22.0627,28.7477,-9999,-59994.03,-9999,723.0462,653.8849,670.6497,-0.0307,-0.1853,-0.3158,-32.63,-0.5326
7198.699520,119.978325,1.999639,751.4439,779.3143,21.735,29.0366,-9999,-59994.03,-9999,723.1818,653.9335,670.1194,-0.0261,-0.1782,-0.3102,-32.5358,-0.5325
7205.109760,120.085163,2.001419,746.3675,780.8346,25.1846,31.6928,-9999,-59994.03,-9999,726.2161,657.5649,674.2693,-0.0275,-0.1725,-0.3076,-32.5915,-0.5312
7211.520000,120.192000,2.003200,746.6589,779.518,25.1968,31.6957,-9999,-59994.03,-9999,726.7626,658.1922,674.8427,-0.0274,-0.1735,-0.3144,-33.0082,-0.5387
7217.930240,120.298837,2.004981,746.8425,778.0689,25.1904,31.7008,-9999,-59994.03,-9999,727.2916,658.7873,675.4216,-0.0333,-0.1845,-0.325,-33.841,-0.5408
7224.340480,120.405675,2.006761,746.9368,776.7095,25.1957,31.7077,-9999,-59994.03,-9999,727.8054,659.4132,675.9972,-0.0374,-0.193,-0.3318,-34.2912,-0.5461
7230.750720,120.512512,2.008542,746.9276,775.4233,25.1872,31.7068,-9999,-59994.03,-9999,728.3016,660.0413,676.5778,-0.0392,-0.1966,-0.3316,-34.662,-0.5522
7237.160960,120.619349,2.010322,746.838,774.2217,25.1996,31.7095,-9999,-59994.03,-9999,728.7739,660.6528,677.1682,-0.0379,-0.1925,-0.3293,-34.3569,-0.5512
7243.571200,120.726187,2.012103,746.678,773.0658,25.1934,31.7127,-9999,-59994.03,-9999,729.2209,661.2581,677.7454,-0.0376,-0.1927,-0.3318,-34.7617,-0.5526
7249.981440,120.833024,2.013884,746.4539,771.9639,25.1939,31.72,-9999,-59994.03,-9999,729.6464,661.8723,678.3323,-0.0351,-0.192,-0.3296,-34.731,-0.5519
7256.391680,120.939861,2.015664,746.1904,770.9066,25.2012,31.7363,-9999,-59994.03,-9999,730.0533,662.4799,678.9061,-0.0365,-0.192,-0.3282,-34.6382,-0.5531
7262.801920,121.046699,2.017445,745.8795,769.8705,25.1989,31.7446,-9999,-59994.03,-9999,730.4474,663.0826,679.483,-0.036,-0.1923,-0.3273,-34.501,-0.5549
7269.212160,121.153536,2.019226,745.5421,768.8834,25.2088,31.7416,-9999,-59994.03,-9999,730.8146,663.6722,680.0571,-0.0356,-0.1924,-0.3293,-34.4367,-0.5555
7275.622400,121.260373,2.021006,745.1686,767.8926,25.2001,31.7402,-9999,-59994.03,-9999,731.163,664.2659,680.6299,-0.0362,-0.1968,-0.3357,-34.8784,-0.5591
7282.032640,121.367211,2.022787,744.769,766.9621,25.2091,31.74,-9999,-59994.03,-9999,731.5065,664.8608,681.2019,-0.0358,-0.194,-0.3359,-35.2504,-0.5579
7288.442880,121.474048,2.024567,744.3554,766.034,25.2042,31.7448,-9999,-59994.03,-9999,731.8347,665.4621,681.7795,-0.0351,-0.1903,-0.337,-35.4623,-0.5596
7294.853120,121.580885,2.026348,743.9228,765.1302,25.2072,31.7395,-9999,-59994.03,-9999,732.165,666.0553,682.3583,-0.0336,-0.1905,-0.3405,-35.8867,-0.5619
7301.263360,121.687723,2.028129,743.4404,764.275,25.1855,31.7315,-9999,-59994.03,-9999,732.4573,666.6561,682.9008,-0.0319,-0.1893,-0.3416,-36.2639,-0.5618
7307.673600,121.794560,2.029909,743.0063,763.3741,25.2005,31.7485,-9999,-59994.03,-9999,732.7615,667.2452,683.4758,-0.0364,-0.1934,-0.3435,-36.908,-0.5625
7314.083840,121.901397,2.031690,742.5322,762.5297,25.2109,31.7469,-9999,-59994.03,-9999,733.0449,667.8472,684.0413,-0.034,-0.1903,-0.3402,-36.7151,-0.5641
7320.494080,122.008235,2.033471,742.0495,761.6838,25.2091,31.7455,-9999,-59994.03,-9999,733.3021,668.4429,684.6012,-0.0329,-0.1872,-0.3347,-36.315,-0.5627
7326.904320,122.115072,2.035251,741.5592,760.8579,25.2068,31.7473,-9999,-59994.03,-9999,733.5578,669.0349,685.1495,-0.0351,-0.1889,-0.333,-36.1796,-0.5625
7333.314560,122.221909,2.037032,741.0591,760.0472,25.2118,31.7501,-9999,-59994.03,-9999,733.7964,669.6225,685.6976,-0.0348,-0.1889,-0.3329,-36.2132,-0.5638
7339.724800,122.328747,2.038812,740.5544,759.2412,25.2058,31.7592,-9999,-59994.03,-9999,734.03,670.2124,686.2451,-0.0365,-0.1891,-0.335,-36.5426,-0.5722
7346.135040,122.435584,2.040593,740.0505,758.4601,25.2181,31.7606,-9999,-59994.03,-9999,734.2621,670.7959,686.7846,-0.0355,-0.188,-0.3323,-36.7018,-0.5771
7352.545280,122.542421,2.042374,739.5405,757.6742,25.2088,31.7707,-9999,-59994.03,-9999,734.4807,671.3762,687.3111,-0.0342,-0.1856,-0.3293,-36.2982,-0.5775
7358.955520,122.649259,2.044154,739.0254,756.9118,25.2201,31.7693,-9999,-59994.03,-9999,734.7057,671.9762,687.8474,-0.0368,-0.1878,-0.3281,-35.9937,-0.5746
7365.365760,122.756096,2.045935,738.5093,756.1432,25.2077,31.767,-9999,-59994.03,-9999,734.9149,672.5659,688.3658,-0.0363,-0.1887,-0.3314,-36.0131,-0.5734
7371.776000,122.862933,2.047716,737.9901,755.4111,25.2118,31.7636,-9999,-59994.03,-9999,735.126,673.1691,688.8832,-0.0325,-0.182,-0.3263,-35.531,-0.5661
7378.186240,122.969771,2.049496,737.4727,754.6475,25.21,31.7741,-9999,-59994.03,-9999,735.3397,673.7355,689.3931,-0.0335,-0.1805,-0.3254,-35.287,-0.5641
7384.596480,123.076608,2.051277,736.9565,753.9196,25.219,31.7762,-9999,-59994.03,-9999,735.53,674.3179,689.8912,-0.0355,-0.1834,-0.3284,-35.7285,-0.5679
7391.006720,123.183445,2.053057,736.4309,753.1949,25.2261,31.7792,-9999,-59994.03,-9999,735.7338,674.9011,690.3887,-0.0369,-0.1883,-0.3355,-36.6093,-0.5761
7397.416960,123.290283,2.054838,735.9056,752.4739,25.2174,31.7778,-9999,-59994.03,-9999,735.9298,675.4863,690.8894,-0.0392,-0.195,-0.341,-37.1669,-0.5804
7403.827200,123.397120,2.056619,735.4015,751.757,25.2181,31.7851,-9999,-59994.03,-9999,736.0978,676.0564,691.3469,-0.0399,-0.1972,-0.343,-37.2531,-0.5804
7410.237440,123.503957,2.058399,734.868,751.0526,25.2121,31.7833,-9999,-59994.03,-9999,736.2712,676.6188,691.8279,-0.0367,-0.1952,-0.3422,-37.0706,-0.5795
7416.647680,123.610795,2.060180,734.343,750.3509,25.2125,31.7712,-9999,-59994.03,-9999,736.4446,677.1794,692.2988,-0.0353,-0.1945,-0.3392,-36.6218,-0.575
7423.057920,123.717632,2.061961,733.8401,749.6686,25.2188,31.7615,-9999,-59994.03,-9999,736.6065,677.7508,692.7612,-0.033,-0.1904,-0.331,-35.716,-0.5661
7429.468160,123.824469,2.063741,733.3198,748.9805,25.2508,31.7533,-9999,-59994.03,-9999,736.8136,678.3087,693.21,-0.0327,-0.1869,-0.3251,-34.9065,-0.5564
7435.878400,123.931307,2.065522,732.8018,748.3018,25.2388,31.7624,-9999,-59994.03,-9999,736.9518,678.871,693.666,-0.0356,-0.1893,-0.3226,-33.9383,-0.5456
7442.288640,124.038144,2.067302,732.275,747.6346,25.2056,31.7673,-9999,-59994.03,-9999,737.1266,679.4242,694.0867,-0.0395,-0.1905,-0.3214,-33.521,-0.5407
7448.698880,124.144981,2.069083,731.7828,747.0313,25.1669,31.8385,-9999,-59994.03,-9999,737.2543,679.9857,694.5117,-0.0372,-0.1939,-0.3264,-33.6636,-0.5418
7455.109120,124.251819,2.070864,731.2406,746.3005,25.228,31.7654,-9999,-59994.03,-9999,737.3976,680.5164,694.9413,-0.0323,-0.1901,-0.3254,-33.5335,-0.538
7461.519360,124.358656,2.072644,730.7146,745.6334,25.2238,31.748,-9999,-59994.03,-9999,737.5563,681.0657,695.3475,-0.0339,-0.1889,-0.3253,-33.9617,-0.5417
7467.929600,124.465493,2.074425,730.1973,744.9888,25.2278,31.7567,-9999,-59994.03,-9999,737.6914,681.6198,695.7756,-0.0365,-0.1889,-0.3271,-34.4048,-0.5426
7474.339840,124.572331,2.076206,729.6835,744.3228,25.2531,31.7365,-9999,-59994.03,-9999,737.822,682.1538,696.1904,-0.0349,-0.1912,-0.3284,-34.3252,-0.5424
7480.750080,124.679168,2.077986,729.1776,743.7134,25.2278,31.7503,-9999,-59994.03,-9999,737.9538,682.6757,696.5741,-0.0299,-0.1865,-0.325,-34.2645,-0.5429
7487.160320,124.786005,2.079767,728.6815,743.0848,25.2363,31.7622,-9999,-59994.03,-9999,738.0647,683.2195,696.9496,-0.0275,-0.1827,-0.3207,-34.3444,-0.5477
7493.570560,124.892843,2.081547,728.1652,742.4619,25.2192,31.7579,-9999,-59994.03,-9999,738.2043,683.743,697.3523,-0.0298,-0.1838,-0.3208,-34.0666,-0.5475
7499.980800,124.999680,2.083328,727.6658,741.8229,25.2344,31.7599,-9999,-59994.03,-9999,738.324,684.2643,697.7212,-0.032,-0.1854,-0.319,-33.6159,-0.542
7506.391040,125.106517,2.085109,727.1644,741.1989,25.2374,31.7576,-9999,-59994.03,-9999,738.4358,684.7645,698.0745,-0.0317,-0.1834,-0.3164,-33.1719,-0.5353
7512.801280,125.213355,2.086889,726.6578,740.5854,25.2335,31.7496,-9999,-59994.03,-9999,738.5458,685.2773,698.4299,-0.029,-0.1795,-0.3111,-32.5417,-0.5298
7519.211520,125.320192,2.088670,726.158,739.9738,25.2245,31.7498,-9999,-59994.03,-9999,738.6395,685.7892,698.7838,-0.0306,-0.1796,-0.3077,-32.3296,-0.5263
7525.621760,125.427029,2.090450,725.6597,739.3643,25.2248,31.7414,-9999,-59994.03,-9999,738.7413,686.2888,699.1228,-0.031,-0.1805,-0.3101,-32.5084,-0.5277
7532.032000,125.533867,2.092231,725.1549,738.7775,25.2245,31.7574,-9999,-59994.03,-9999,738.8381,686.7973,699.4558,-0.0336,-0.1847,-0.3187,-33.2335,-0.5347
7538.442240,125.640704,2.094012,724.674,738.165,25.2331,31.7514,-9999,-59994.03,-9999,738.9266,687.2935,699.7908,-0.031,-0.1839,-0.3225,-33.5,-0.5337
7544.852480,125.747541,2.095792,724.2506,737.6252,25.2919,31.8173,-9999,-59994.03,-9999,739.0161,687.7768,700.123,-0.0293,-0.1821,-0.3222,-33.5725,-0.5335
7551.262720,125.854379,2.097573,723.7546,737.0273,25.2871,31.8258,-9999,-59994.03,-9999,739.1046,688.2664,700.4406,-0.027,-0.1757,-0.3155,-33.0963,-0.5269
7557.672960,125.961216,2.099354,723.2647,736.4547,25.2864,31.8283,-9999,-59994.03,-9999,739.1841,688.8129,700.8216,-0.0299,-0.1747,-0.3132,-32.8792,-0.5238
7564.083200,126.068053,2.101134,722.7769,735.8743,25.2933,31.8317,-9999,-59994.03,-9999,739.2579,689.2866,701.1292,-0.0267,-0.1698,-0.3067,-32.2717,-0.5193
7570.493440,126.174891,2.102915,722.2911,735.2944,25.2952,31.8313,-9999,-59994.03,-9999,739.327,689.7559,701.4213,-0.0267,-0.1667,-0.2997,-31.6595,-0.5144
7576.903680,126.281728,2.104695,721.8112,734.722,25.2966,31.8398,-9999,-59994.03,-9999,739.3926,690.2139,701.7169,-0.0295,-0.1698,-0.3001,-31.5962,-0.5131
7583.313920,126.388565,2.106476,721.3391,734.1529,25.2926,31.8508,-9999,-59994.03,-9999,739.4612,690.6932,702.0136,-0.031,-0.1694,-0.3018,-31.9486,-0.5167
7589.724160,126.495403,2.108257,720.8668,733.5842,25.2949,31.8526,-9999,-59994.03,-9999,739.5181,691.1476,702.2935,-0.0336,-0.1736,-0.3058,-32.6959,-0.5224
7596.134400,126.602240,2.110037,720.3884,733.0234,25.2949,31.8585,-9999,-59994.03,-9999,739.5768,691.5922,702.5771,-0.0355,-0.1797,-0.3129,-33.1679,-0.5313
7602.544640,126.709077,2.111818,719.9106,732.4715,25.3014,31.8613,-9999,-59994.03,-9999,739.6323,692.0302,702.8474,-0.0326,-0.1815,-0.3183,-33.5151,-0.5374
7608.954880,126.815915,2.113599,719.4425,731.9182,25.3078,31.8487,-9999,-59994.03,-9999,739.6631,692.481,703.1068,-0.0381,-0.192,-0.3301,-34.461,-0.5473
7615.365120,126.922752,2.115379,718.9747,731.3572,25.3,31.842,-9999,-59994.03,-9999,739.7145,692.9257,703.373,-0.0416,-0.1962,-0.3343,-34.8321,-0.5508
7621.775360,127.029589,2.117160,718.514,730.8104,25.2977,31.8441,-9999,-59994.03,-9999,739.7645,693.3478,703.6155,-0.0341,-0.1918,-0.3319,-34.4764,-0.5449
7628.185600,127.136427,2.118940,718.053,730.2687,25.3012,31.8508,-9999,-59994.03,-9999,739.799,693.7884,703.8864,-0.027,-0.1847,-0.3262,-33.8573,-0.5426
7634.595840,127.243264,2.120721,717.5849,729.7318,25.3108,31.8489,-9999,-59994.03,-9999,739.8423,694.2226,704.1273,-0.0253,-0.1784,-0.3193,-33.5146,-0.5419
7641.006080,127.350101,2.122502,717.1282,729.1912,25.3115,31.8595,-9999,-59994.03,-9999,739.8701,694.6428,704.3677,-0.0275,-0.1801,-0.3206,-33.4544,-0.5425
7647.416320,127.456939,2.124282,716.6713,728.6497,25.3002,31.8606,-9999,-59994.03,-9999,739.9012,695.0537,704.5986,-0.0304,-0.1835,-0.319,-33.6242,-0.5398
7653.826560,127.563776,2.126063,716.2078,728.1168,25.3025,31.8698,-9999,-59994.03,-9999,739.9313,695.4633,704.8321,-0.0291,-0.1803,-0.3135,-33.0191,-0.5346
7660.236800,127.670613,2.127844,715.7632,727.5972,25.3138,31.8652,-9999,-59994.03,-9999,739.953,695.8792,705.0527,-0.0288,-0.179,-0.3111,-32.66,-0.5336
7666.647040,127.777451,2.129624,715.3087,727.068,25.3106,31.8627,-9999,-59994.03,-9999,739.9658,696.2817,705.2781,-0.0306,-0.1805,-0.3173,-32.9565,-0.5358
7673.057280,127.884288,2.131405,714.8602,726.5416,25.3005,31.8746,-9999,-59994.03,-9999,739.9855,696.6736,705.4875,-0.0291,-0.1795,-0.3171,-32.9943,-0.536
7679.467520,127.991125,2.133185,714.4136,726.0276,25.3138,31.8661,-9999,-59994.03,-9999,740.0001,697.0767,705.715,-0.0274,-0.1737,-0.3117,-32.8103,-0.5361
7685.877760,128.097963,2.134966,713.9623,725.5165,25.3217,31.8728,-9999,-59994.03,-9999,739.9958,697.4467,705.91,-0.0287,-0.174,-0.3131,-32.9867,-0.5398
7692.288000,128.204800,2.136747,713.517,724.9896,25.3106,31.8725,-9999,-59994.03,-9999,739.9949,697.8488,706.1224,-0.028,-0.1745,-0.3123,-33.174,-0.543
7698.698240,128.311637,2.138527,713.0701,724.4776,25.3102,31.8716,-9999,-59994.03,-9999,740.0042,698.2159,706.3171,-0.0315,-0.1754,-0.3154,-33.5184,-0.5437
7705.108480,128.418475,2.140308,712.6265,723.9738,25.3228,31.8695,-9999,-59994.03,-9999,740.0037,698.59,706.5089,-0.0343,-0.1792,-0.3188,-33.6429,-0.543
7711.518720,128.525312,2.142089,712.2063,723.4418,25.3205,31.8785,-9999,-59994.03,-9999,740.003,698.9452,706.6903,-0.0369,-0.1843,-0.3192,-33.5179,-0.5421
7717.928960,128.632149,2.143869,711.7597,722.9594,25.3245,31.8755,-9999,-59994.03,-9999,739.9983,699.3096,706.8809,-0.0363,-0.1862,-0.3177,-33.353,-0.5418
7724.339200,128.738987,2.145650,711.3084,722.4623,25.3265,31.8737,-9999,-59994.03,-9999,739.9819,699.6713,707.065,-0.0323,-0.1849,-0.3181,-33.406,-0.5395
7730.749440,128.845824,2.147430,710.8801,721.9551,25.3164,31.8659,-9999,-59994.03,-9999,739.9716,700.0483,707.2453,-0.0293,-0.181,-0.3168,-33.7338,-0.54
7737.159680,128.952661,2.149211,710.4539,721.4724,25.3268,31.886,-9999,-59994.03,-9999,739.9391,700.3972,707.4163,-0.0298,-0.1809,-0.3172,-33.7763,-0.5417
7743.569920,129.059499,2.150992,710.0095,720.9744,25.3314,31.8817,-9999,-59994.03,-9999,739.9376,700.7483,707.5922,-0.0285,-0.1823,-0.3181,-33.6464,-0.5429
7749.980160,129.166336,2.152772,709.5884,720.4861,25.3323,31.8803,-9999,-59994.03,-9999,739.9225,701.095,707.7604,-0.0314,-0.1836,-0.3183,-33.5562,-0.5391
7756.390400,129.273173,2.154553,709.1514,719.9901,25.3203,31.8831,-9999,-59994.03,-9999,739.8837,701.4339,707.908,-0.0334,-0.1816,-0.3158,-33.2312,-0.5329
7762.800640,129.380011,2.156334,708.7293,719.4979,25.3203,31.8737,-9999,-59994.03,-9999,739.9276,701.7873,708.0708,-0.0292,-0.1772,-0.3128,-32.9215,-0.5293
7769.210880,129.486848,2.158114,708.3068,719.0202,25.327,31.8673,-9999,-59994.03,-9999,739.887,702.1156,708.2307,-0.0315,-0.1806,-0.3153,-33.0502,-0.53
7775.621120,129.593685,2.159895,707.8779,718.5406,25.3337,31.8615,-9999,-59994.03,-9999,739.7806,702.4366,708.3741,-0.0361,-0.1903,-0.3287,-34.0628,-0.54
7782.031360,129.700523,2.161675,707.4575,718.062,25.3304,31.8764,-9999,-59994.03,-9999,739.7638,702.7865,708.597,-0.0364,-0.1972,-0.3397,-34.8912,-0.5459
7788.441600,129.807360,2.163456,707.0681,717.5588,25.3604,31.8331,-9999,-59994.03,-9999,739.7543,703.0933,708.6816,-0.033,-0.1936,-0.3384,-34.966,-0.5501
7794.851840,129.914197,2.165237,706.6274,717.1076,25.3233,31.8666,-9999,-59994.03,-9999,739.7233,703.4205,708.8088,-0.0359,-0.1942,-0.3409,-35.7164,-0.5603
7801.262080,130.021035,2.167017,706.2092,716.6218,25.3205,31.8707,-9999,-59994.03,-9999,739.6859,703.7305,708.9565,-0.0361,-0.1956,-0.3404,-35.8582,-0.5623
7807.672320,130.127872,2.168798,705.7902,716.1559,25.3318,31.8689,-9999,-59994.03,-9999,739.6368,704.0455,709.0873,-0.0339,-0.1916,-0.3371,-35.6319,-0.5587
7814.082560,130.234709,2.170578,705.3798,715.694,25.3355,31.8682,-9999,-59994.03,-9999,739.5785,704.3515,709.2133,-0.0333,-0.1892,-0.3351,-35.2133,-0.5583
7820.492800,130.341547,2.172359,704.9727,715.2239,25.3362,31.8645,-9999,-59994.03,-9999,739.5231,704.6321,709.3512,-0.0335,-0.1891,-0.335,-35.3232,-0.5609
7826.903040,130.448384,2.174140,704.5617,714.7612,25.324,31.8693,-9999,-59994.03,-9999,739.4781,704.9255,709.468,-0.0335,-0.1895,-0.3387,-35.916,-0.5637
7833.313280,130.555221,2.175920,704.1558,714.2943,25.3256,31.8686,-9999,-59994.03,-9999,739.4169,705.2333,709.5987,-0.0358,-0.1941,-0.3397,-35.754,-0.5647
7839.723520,130.662059,2.177701,703.7495,713.8414,25.3337,31.8714,-9999,-59994.03,-9999,739.3607,705.5132,709.7103,-0.0379,-0.1917,-0.3373,-35.5464,-0.5627
7846.133760,130.768896,2.179482,703.3443,713.3913,25.3399,31.8673,-9999,-59994.03,-9999,739.2905,705.7946,709.8154,-0.031,-0.1864,-0.3322,-34.894,-0.5546
7852.544000,130.875733,2.181262,702.9381,712.9352,25.3344,31.8691,-9999,-59994.03,-9999,739.2174,706.0684,709.9199,-0.0317,-0.187,-0.3292,-34.3101,-0.5492
7858.954240,130.982571,2.183043,702.5348,712.4671,25.3254,31.8643,-9999,-59994.03,-9999,739.1578,706.3455,710.0211,-0.0312,-0.1836,-0.324,-34.0054,-0.5425
7865.364480,131.089408,2.184823,702.1424,712.0238,25.3417,31.8517,-9999,-59994.03,-9999,739.074,706.6182,710.1208,-0.027,-0.176,-0.318,-33.9161,-0.5414
7871.774720,131.196245,2.186604,701.736,711.5807,25.3374,31.8576,-9999,-59994.03,-9999,738.9987,706.8589,710.2156,-0.0285,-0.1745,-0.3157,-34.0815,-0.5442
7878.184960,131.303083,2.188385,701.3406,711.1308,25.3332,31.8574,-9999,-59994.03,-9999,738.933,707.1203,710.3065,-0.0323,-0.1788,-0.3201,-34.3916,-0.549
7884.595200,131.409920,2.190165,700.9436,710.6794,25.3385,31.8659,-9999,-59994.03,-9999,738.8516,707.3768,710.4045,-0.0315,-0.1814,-0.3233,-34.7168,-0.5497
7891.005440,131.516757,2.191946,700.5342,710.1661,25.3759,31.8863,-9999,-59994.03,-9999,738.7705,707.6491,710.5072,-0.0326,-0.1855,-0.3274,-34.86,-0.5529
7897.415680,131.623595,2.193727,700.1494,709.7871,25.345,31.8631,-9999,-59994.03,-9999,738.6891,707.9132,710.5986,-0.0352,-0.192,-0.33,-35.2922,-0.5588
7903.825920,131.730432,2.195507,699.7225,709.3726,25.2982,31.8384,-9999,-59994.03,-9999,738.5992,708.15,710.6683,-0.0371,-0.1944,-0.3358,-35.7575,-0.5611
7910.236160,131.837269,2.197288,699.3663,708.9026,25.3496,31.8948,-9999,-59994.03,-9999,738.5251,708.3973,710.7093,-0.0396,-0.199,-0.3399,-36.083,-0.5656
7916.646400,131.944107,2.199068,699.0396,708.5231,25.3995,31.9393,-9999,-59994.03,-9999,738.4321,708.6348,710.8236,-0.0348,-0.1927,-0.3355,-35.7261,-0.5621
7923.056640,132.050944,2.200849,698.6343,708.0888,25.4082,31.9338,-9999,-59994.03,-9999,738.3418,708.8735,710.9018,-0.0341,-0.1858,-0.3298,-35.074,-0.5562
7929.466880,132.157781,2.202630,698.1973,707.6069,25.3191,31.8757,-9999,-59994.03,-9999,738.2488,709.1279,710.994,-0.0275,-0.1791,-0.3252,-34.3552,-0.5516
7935.877120,132.264619,2.204410,697.8084,707.1727,25.3397,31.8705,-9999,-59994.03,-9999,738.1547,709.3438,711.0624,-0.0249,-0.1734,-0.3168,-33.6204,-0.55
7942.287360,132.371456,2.206191,697.4315,706.7468,25.3387,31.8711,-9999,-59994.03,-9999,738.0574,709.5839,711.1427,-0.0282,-0.1699,-0.3097,-33.298,-0.5484
7948.697600,132.478293,2.207972,697.0524,706.2984,25.3268,31.8636,-9999,-59994.03,-9999,737.9642,709.8251,711.212,-0.028,-0.1672,-0.3027,-32.5226,-0.5376
7955.107840,132.585131,2.209752,696.6718,705.8908,25.3464,31.8723,-9999,-59994.03,-9999,737.8685,710.039,711.2869,-0.0272,-0.1627,-0.3015,-32.3112,-0.5283
7961.518080,132.691968,2.211533,696.2831,705.4539,25.3228,31.8778,-9999,-59994.03,-9999,737.7571,710.2767,711.3503,-0.0261,-0.1639,-0.303,-32.3525,-0.5264
7967.928320,132.798805,2.213313,695.905,705.0321,25.3378,31.8693,-9999,-59994.03,-9999,737.6608,710.4913,711.4067,-0.0282,-0.1652,-0.3008,-31.9966,-0.5239
7974.338560,132.905643,2.215094,695.5334,704.6229,25.3376,31.8714,-9999,-59994.03,-9999,737.5591,710.7096,711.4678,-0.03,-0.1688,-0.2988,-31.8926,-0.5193
7980.748800,133.012480,2.216875,695.2155,704.2526,25.4041,31.9388,-9999,-59994.03,-9999,737.4309,710.8885,711.5204,-0.0343,-0.1756,-0.3039,-32.2559,-0.5218
7987.159040,133.119317,2.218655,694.8344,703.8447,25.4004,31.9361,-9999,-59994.03,-9999,737.333,711.1143,711.5837,-0.0359,-0.1808,-0.3123,-32.7446,-0.5299
7993.569280,133.226155,2.220436,694.4608,703.4151,25.3983,31.9395,-9999,-59994.03,-9999,737.2268,711.3181,711.6258,-0.0349,-0.181,-0.3156,-33.1279,-0.5339
7999.979520,133.332992,2.222217,694.0876,703.0124,25.3986,31.9356,-9999,-59994.03,-9999,737.1056,711.5109,711.6766,-0.035,-0.1829,-0.3205,-33.5883,-0.5366
8006.389760,133.439829,2.223997,693.7166,702.5913,25.4078,31.9368,-9999,-59994.03,-9999,736.9897,711.705,711.7162,-0.0369,-0.1886,-0.3271,-34.4688,-0.5449
8012.800000,133.546667,2.225778,693.3475,702.186,25.4009,31.9379,-9999,-59994.03,-9999,736.8775,711.9125,711.7675,-0.0373,-0.1936,-0.3327,-35.3078,-0.5555
8019.210240,133.653504,2.227558,692.9796,701.775,25.4045,31.9363,-9999,-59994.03,-9999,736.7604,712.0946,711.8043,-0.0394,-0.1973,-0.3386,-36.037,-0.5656
8025.620480,133.760341,2.229339,692.6068,701.3662,25.3981,31.9338,-9999,-59994.03,-9999,736.6346,712.2713,711.8324,-0.0411,-0.2037,-0.3454,-36.6572,-0.5731
8032.030720,133.867179,2.231120,692.2458,700.9543,25.4096,31.9315,-9999,-59994.03,-9999,736.5142,712.4632,711.8785,-0.0412,-0.2066,-0.3504,-37.1794,-0.5824
8038.440960,133.974016,2.232900,691.8755,700.5492,25.4011,31.9342,-9999,-59994.03,-9999,736.3896,712.6431,711.9139,-0.0425,-0.2091,-0.3526,-37.5574,-0.5882
8044.851200,134.080853,2.234681,691.5086,700.1367,25.4043,31.934,-9999,-59994.03,-9999,736.2601,712.8114,711.9412,-0.0437,-0.2119,-0.3562,-37.9355,-0.591
8051.261440,134.187691,2.236462,691.1439,699.7423,25.3981,31.9345,-9999,-59994.03,-9999,736.1403,712.9852,711.9761,-0.0427,-0.214,-0.359,-38.3713,-0.593
8057.671680,134.294528,2.238242,690.7788,699.3276,25.3992,31.9313,-9999,-59994.03,-9999,735.9987,713.1437,711.9808,-0.0422,-0.2107,-0.3597,-38.5404,-0.597
8064.081920,134.401365,2.240023,690.4149,698.9433,25.3983,31.9264,-9999,-59994.03,-9999,735.8677,713.3087,712.0031,-0.0371,-0.2036,-0.3554,-38.3238,-0.594
8070.492160,134.508203,2.241803,690.0502,698.5305,25.3845,31.9182,-9999,-59994.03,-9999,735.7313,713.4637,712.0258,-0.0377,-0.2018,-0.3517,-37.7893,-0.5893
8076.902400,134.615040,2.243584,689.6934,698.1526,25.3986,31.9187,-9999,-59994.03,-9999,735.6054,713.6302,712.0532,-0.0403,-0.2003,-0.3481,-37.1263,-0.5833
8083.312640,134.721877,2.245365,689.3384,697.7386,25.3817,31.9237,-9999,-59994.03,-9999,735.4762,713.8023,712.0773,-0.0383,-0.1991,-0.3467,-36.6811,-0.5788
8089.722880,134.828715,2.247145,688.9821,697.3622,25.4013,31.9235,-9999,-59994.03,-9999,735.343,713.9519,712.1041,-0.0362,-0.196,-0.3457,-36.9817,-0.5827
8096.133120,134.935552,2.248926,688.6271,696.9584,25.387,31.9219,-9999,-59994.03,-9999,735.2045,714.1038,712.1183,-0.0344,-0.1931,-0.3448,-37.2961,-0.5828
8102.543360,135.042389,2.250706,688.2697,696.5605,25.3932,31.9187,-9999,-59994.03,-9999,735.0682,714.2567,712.131,-0.0339,-0.1949,-0.3477,-37.6473,-0.5846
8108.953600,135.149227,2.252487,687.9172,696.1838,25.4059,31.909,-9999,-59994.03,-9999,734.9262,714.4758,712.1945,-0.0364,-0.2009,-0.3526,-37.7952,-0.5863
8115.363840,135.256064,2.254268,687.5638,695.7813,25.3822,31.8918,-9999,-59994.03,-9999,734.7726,714.608,712.202,-0.0377,-0.2032,-0.3518,-37.8975,-0.5877
8121.774080,135.362901,2.256048,687.209,695.399,25.3999,31.888,-9999,-59994.03,-9999,734.6304,714.7527,712.2166,-0.0355,-0.1988,-0.3465,-37.6511,-0.5834
8128.184320,135.469739,2.257829,686.861,695.0207,25.402,31.8902,-9999,-59994.03,-9999,734.49,714.8979,712.2261,-0.0316,-0.1918,-0.34,-36.8065,-0.5782
8134.594560,135.576576,2.259610,686.5119,694.6254,25.3916,31.8978,-9999,-59994.03,-9999,734.3568,714.9754,712.1707,-0.0278,-0.1838,-0.3285,-35.177,-0.5661
8141.004800,135.683413,2.261390,686.166,694.2504,25.4105,31.9024,-9999,-59994.03,-9999,734.2181,715.121,712.1848,-0.0234,-0.1756,-0.3199,-34.5255,-0.5598
8147.415040,135.790251,2.263171,685.8276,693.8696,25.3974,31.8932,-9999,-59994.03,-9999,734.0764,715.2566,712.1832,-0.024,-0.1745,-0.3183,-34.227,-0.5551
8153.825280,135.897088,2.264951,685.4724,693.4834,25.4059,31.879,-9999,-59994.03,-9999,733.9286,715.4165,712.2046,-0.027,-0.1755,-0.3177,-33.8073,-0.552
8160.235520,136.003925,2.266732,685.1306,693.1201,25.4064,31.8802,-9999,-59994.03,-9999,733.7834,715.5446,712.1995,-0.0321,-0.1813,-0.3186,-33.9846,-0.5491
8166.645760,136.110763,2.268513,684.7878,692.7247,25.402,31.8763,-9999,-59994.03,-9999,733.6293,715.6725,712.1932,-0.032,-0.1825,-0.3189,-34.0446,-0.5474
8173.056000,136.217600,2.270293,684.449,692.3699,25.4156,31.8717,-9999,-59994.03,-9999,733.48,715.8149,712.2068,-0.0326,-0.1857,-0.321,-34.0068,-0.5459
8179.466240,136.324437,2.272074,684.1055,691.9741,25.4018,31.8744,-9999,-59994.03,-9999,733.3226,715.9362,712.1926,-0.0336,-0.1851,-0.3222,-33.9223,-0.5479
8185.876480,136.431275,2.273855,683.7668,691.6212,25.4225,31.8786,-9999,-59994.03,-9999,733.1733,716.0493,712.1834,-0.0323,-0.184,-0.3242,-34.4348,-0.5509
8192.286720,136.538112,2.275635,683.4257,691.2263,25.4006,31.8698,-9999,-59994.03,-9999,733.007,716.1483,712.1636,-0.0323,-0.1845,-0.3259,-34.3751,-0.5477
8198.696960,136.644949,2.277416,683.0839,690.8665,25.4241,31.877,-9999,-59994.03,-9999,732.8505,716.2659,712.1548,-0.0292,-0.1845,-0.3228,-33.9317,-0.5465
8205.107200,136.751787,2.279196,682.7509,690.4991,25.4126,31.8811,-9999,-59994.03,-9999,732.6833,716.3694,712.1428,-0.0291,-0.1844,-0.3192,-33.6993,-0.5412
8211.517440,136.858624,2.280977,682.4136,690.1144,25.4045,31.8758,-9999,-59994.03,-9999,732.5352,716.4863,712.1355,-0.0341,-0.1854,-0.3227,-33.8623,-0.5426
8217.927680,136.965461,2.282758,682.073,689.7531,25.4177,31.8696,-9999,-59994.03,-9999,732.3718,716.5898,712.1161,-0.0372,-0.191,-0.3291,-34.1845,-0.5436
8224.337920,137.072299,2.284538,681.7331,689.3918,25.4221,31.8717,-9999,-59994.03,-9999,732.2164,716.7044,712.1123,-0.0362,-0.1939,-0.3302,-34.4717,-0.5479
8230.748160,137.179136,2.286319,681.4052,689.0211,25.4096,31.8774,-9999,-59994.03,-9999,732.0533,716.8033,712.0905,-0.0341,-0.1919,-0.3287,-34.3321,-0.5474
8237.158400,137.285973,2.288100,681.0711,688.6431,25.4025,31.8772,-9999,-59994.03,-9999,731.9623,716.9108,712.0764,-0.0334,-0.1899,-0.3242,-33.9239,-0.5433
8243.568640,137.392811,2.289880,680.7377,688.2866,25.417,31.876,-9999,-59994.03,-9999,731.792,717.0107,712.0624,-0.034,-0.188,-0.3216,-33.546,-0.5367
8249.978880,137.499648,2.291661,680.4061,687.9316,25.4246,31.8731,-9999,-59994.03,-9999,731.5616,717.1113,712.0397,-0.0325,-0.185,-0.3205,-33.273,-0.5341
8256.389120,137.606485,2.293441,680.0785,687.5667,25.4165,31.8751,-9999,-59994.03,-9999,731.3929,717.1964,712.004,-0.0301,-0.1838,-0.3194,-33.0226,-0.5352
8262.799360,137.713323,2.295222,679.7455,687.1992,25.4066,31.8687,-9999,-59994.03,-9999,731.23,717.2796,711.9837,-0.0283,-0.1823,-0.3166,-33.2855,-0.5369
8269.209600,137.820160,2.297003,679.4213,686.8342,25.4108,31.8659,-9999,-59994.03,-9999,731.0667,717.3632,711.9565,-0.0311,-0.1818,-0.3165,-33.3977,-0.5376
8275.619840,137.926997,2.298783,679.0867,686.486,25.4188,31.8634,-9999,-59994.03,-9999,730.8861,717.4438,711.9195,-0.0338,-0.1852,-0.3171,-33.1357,-0.5363
8282.030080,138.033835,2.300564,678.7596,686.1303,25.4117,31.8623,-9999,-59994.03,-9999,730.7096,717.5295,711.8954,-0.0317,-0.183,-0.3164,-33.3176,-0.5381
8288.440320,138.140672,2.302345,678.4348,685.76,25.4013,31.8662,-9999,-59994.03,-9999,730.6005,717.6096,711.8618,-0.0313,-0.184,-0.3204,-33.9213,-0.5449
8294.850560,138.247509,2.304125,678.1119,685.4101,25.4087,31.865,-9999,-59994.03,-9999,730.4307,717.6903,711.825,-0.0306,-0.1861,-0.3229,-34.0564,-0.5471
8301.260800,138.354347,2.305906,677.7847,685.0591,25.417,31.8625,-9999,-59994.03,-9999,730.1838,717.7615,711.7867,-0.0296,-0.1828,-0.3201,-33.7201,-0.5461
8307.671040,138.461184,2.307686,677.465,684.7029,25.4085,31.8492,-9999,-59994.03,-9999,730.0109,717.8314,711.7493,-0.0315,-0.1842,-0.3232,-33.9088,-0.5468
8314.081280,138.568021,2.309467,677.1424,684.3409,25.393,31.8467,-9999,-59994.03,-9999,729.8989,717.8992,711.7172,-0.0382,-0.1949,-0.3305,-34.7053,-0.5503
8320.491520,138.674859,2.311248,676.8196,683.9886,25.4048,31.8284,-9999,-59994.03,-9999,729.7327,717.965,711.6938,-0.0403,-0.2005,-0.3362,-35.2237,-0.5546
8326.901760,138.781696,2.313028,676.4929,683.6517,25.4158,31.8229,-9999,-59994.03,-9999,729.5488,718.0201,711.6514,-0.0368,-0.2015,-0.3407,-35.5256,-0.5584
8333.312000,138.888533,2.314809,676.1684,683.2964,25.4043,31.8325,-9999,-59994.03,-9999,729.3699,718.0831,711.6039,-0.0355,-0.2012,-0.3434,-35.6631,-0.5587
8339.722240,138.995371,2.316590,675.8524,682.9352,25.3988,31.8311,-9999,-59994.03,-9999,729.1856,718.1547,711.5636,-0.0347,-0.2003,-0.3426,-35.8234,-0.5645
8346.132480,139.102208,2.318370,675.533,682.5895,25.4009,31.8313,-9999,-59994.03,-9999,729.0143,718.2404,711.5266,-0.0407,-0.2027,-0.3476,-36.5476,-0.5715
8352.542720,139.209045,2.320151,675.215,682.2538,25.4156,31.8268,-9999,-59994.03,-9999,728.824,718.2988,711.4767,-0.0426,-0.2082,-0.3492,-36.6307,-0.5717
8358.952960,139.315883,2.321931,674.8967,681.9117,25.4131,31.8258,-9999,-59994.03,-9999,728.6401,718.3497,711.4297,-0.0457,-0.2134,-0.3528,-36.6525,-0.5722
8365.363200,139.422720,2.323712,674.5825,681.5585,25.4027,31.8311,-9999,-59994.03,-9999,728.4458,718.3959,711.3673,-0.0432,-0.2142,-0.3584,-37.5602,-0.5773
8371.773440,139.529557,2.325493,674.2652,681.2133,25.3815,31.8437,-9999,-59994.03,-9999,728.2669,718.4519,711.3221,-0.0434,-0.2125,-0.3625,-38.1058,-0.583
8378.183680,139.636395,2.327273,673.9526,680.8668,25.4018,31.8263,-9999,-59994.03,-9999,728.0889,718.5046,711.2931,-0.0397,-0.2087,-0.363,-38.2556,-0.5865
8384.593920,139.743232,2.329054,673.6375,680.5379,25.4207,31.8233,-9999,-59994.03,-9999,727.902,718.5557,711.2418,-0.0386,-0.2082,-0.3591,-38.3248,-0.5892
8391.004160,139.850069,2.330834,673.322,680.1943,25.4029,31.8197,-9999,-59994.03,-9999,727.7184,718.601,711.1859,-0.0399,-0.2068,-0.3607,-38.6271,-0.5925
8397.414400,139.956907,2.332615,673.0134,679.845,25.3992,31.8215,-9999,-59994.03,-9999,727.5227,718.6421,711.1293,-0.0408,-0.2057,-0.3598,-38.3387,-0.5926
8403.824640,140.063744,2.334396,672.7022,679.5175,25.4179,31.8231,-9999,-59994.03,-9999,727.3329,718.701,711.0796,-0.0382,-0.203,-0.3558,-38.0541,-0.5939
8410.234880,140.170581,2.336176,672.3921,679.1786,25.4064,31.8224,-9999,-59994.03,-9999,727.1357,718.7407,711.011,-0.0347,-0.2004,-0.355,-37.8734,-0.5922
8416.645120,140.277419,2.337957,672.0762,678.8209,25.3932,31.8215,-9999,-59994.03,-9999,726.9437,718.7697,710.9555,-0.0374,-0.2012,-0.3509,-37.6464,-0.591
8423.055360,140.384256,2.339738,671.7632,678.4974,25.4039,31.81,-9999,-59994.03,-9999,726.7369,718.8023,710.8864,-0.037,-0.1993,-0.3502,-37.8283,-0.5928
8429.465600,140.491093,2.341518,671.4525,678.1684,25.4149,31.7963,-9999,-59994.03,-9999,726.5384,718.8443,710.8282,-0.0369,-0.1971,-0.3503,-38.0607,-0.5968
8435.875840,140.597931,2.343299,671.1462,677.8265,25.4045,31.7956,-9999,-59994.03,-9999,726.3468,718.8751,710.7654,-0.0378,-0.2006,-0.3513,-38.2445,-0.597
8442.286080,140.704768,2.345079,670.8353,677.4816,25.3944,31.7972,-9999,-59994.03,-9999,726.1512,718.8833,710.6926,-0.0391,-0.208,-0.354,-38.3559,-0.5939
8448.696320,140.811605,2.346860,670.5259,677.1444,25.4082,31.7965,-9999,-59994.03,-9999,725.965,718.9195,710.6248,-0.038,-0.2049,-0.3503,-37.9827,-0.5925
8455.106560,140.918443,2.348641,670.2135,676.8228,25.4161,31.7828,-9999,-59994.03,-9999,725.7724,718.9514,710.5576,-0.0343,-0.2001,-0.3464,-37.551,-0.5891
8461.516800,141.025280,2.350421,669.9073,676.4976,25.4122,31.7718,-9999,-59994.03,-9999,725.5569,718.9648,710.472,-0.0327,-0.1962,-0.3435,-37.1584,-0.5877
8467.927040,141.132117,2.352202,669.6073,676.1602,25.405,31.7695,-9999,-59994.03,-9999,725.36,718.9851,710.4112,-0.0349,-0.1955,-0.3446,-36.8603,-0.5834
8474.337280,141.238955,2.353983,669.2964,675.817,25.3976,31.7548,-9999,-59994.03,-9999,725.1647,719.009,710.3448,-0.0383,-0.1989,-0.3483,-37.1664,-0.5828
8480.747520,141.345792,2.355763,668.994,675.5011,25.4145,31.7436,-9999,-59994.03,-9999,724.9654,719.0315,710.2746,-0.0364,-0.2014,-0.3546,-38.2272,-0.5879
8487.157760,141.452629,2.357544,668.6927,675.1807,25.4108,31.7376,-9999,-59994.03,-9999,724.767,719.0554,710.1978,-0.0333,-0.1966,-0.3517,-37.9246,-0.5851
8493.568000,141.559467,2.359324,668.3899,674.833,25.3949,31.7367,-9999,-59994.03,-9999,724.5585,719.0447,710.122,-0.034,-0.1904,-0.3464,-37.6072,-0.582
8499.978240,141.666304,2.361105,668.0889,674.517,25.4147,31.7271,-9999,-59994.03,-9999,724.3545,719.0699,710.046,-0.034,-0.189,-0.3425,-37.4411,-0.5785
8506.388480,141.773141,2.362886,667.781,674.201,25.4071,31.7188,-9999,-59994.03,-9999,724.1328,719.0616,709.9573,-0.0344,-0.1891,-0.3427,-37.3682,-0.5791
8512.798720,141.879979,2.364666,667.4886,673.8585,25.3905,31.7186,-9999,-59994.03,-9999,723.9376,719.0779,709.8928,-0.0339,-0.1888,-0.3414,-37.4395,-0.5798
8519.208960,141.986816,2.366447,667.1794,673.5349,25.4013,31.7087,-9999,-59994.03,-9999,723.7374,719.0952,709.8277,-0.0384,-0.1921,-0.3438,-37.4008,-0.5822
8525.619200,142.093653,2.368228,666.8818,673.2276,25.4124,31.7092,-9999,-59994.03,-9999,723.5296,719.1023,709.746,-0.0379,-0.1947,-0.3432,-37.3327,-0.5857
8532.029440,142.200491,2.370008,666.5828,672.8831,25.3932,31.6915,-9999,-59994.03,-9999,723.329,719.1157,709.6675,-0.0333,-0.1917,-0.3386,-36.7996,-0.5819
8538.439680,142.307328,2.371789,666.2774,672.5628,25.4043,31.6872,-9999,-59994.03,-9999,723.1179,719.1329,709.5989,-0.0321,-0.1903,-0.3365,-36.5006,-0.5788
8544.849920,142.414165,2.373569,665.9888,672.2574,25.4103,31.689,-9999,-59994.03,-9999,722.9155,719.1476,709.5208,-0.0352,-0.1917,-0.3381,-36.5984,-0.5806
8551.260160,142.521003,2.375350,665.6875,671.9167,25.3836,31.6847,-9999,-59994.03,-9999,722.7087,719.1518,709.4438,-0.0324,-0.1898,-0.3381,-36.4904,-0.5819
8557.670400,142.627840,2.377131,665.3921,671.6018,25.411,31.6773,-9999,-59994.03,-9999,722.503,719.153,709.363,-0.028,-0.1853,-0.3358,-36.2535,-0.5761
8564.080640,142.734677,2.378911,665.0945,671.2869,25.3965,31.6805,-9999,-59994.03,-9999,722.2856,719.1404,709.2686,-0.0342,-0.1909,-0.3415,-36.8821,-0.5797
8570.490880,142.841515,2.380692,664.7976,670.9496,25.3868,31.6776,-9999,-59994.03,-9999,722.0715,719.1485,709.1886,-0.0396,-0.2001,-0.3488,-37.6136,-0.5856
8576.901120,142.948352,2.382473,664.5018,670.6498,25.4098,31.6656,-9999,-59994.03,-9999,721.8598,719.1407,709.1064,-0.0419,-0.2013,-0.3459,-37.1882,-0.5826
8583.311360,143.055189,2.384253,664.2028,670.3174,25.3856,31.6604,-9999,-59994.03,-9999,721.6485,719.1299,709.0104,-0.0399,-0.1977,-0.3423,-36.9943,-0.5787
8589.721600,143.162027,2.386034,663.9079,669.9949,25.3923,31.6562,-9999,-59994.03,-9999,721.4283,719.1194,708.92,-0.0338,-0.193,-0.3404,-36.9699,-0.5798
8596.131840,143.268864,2.387814,663.6133,669.6931,25.399,31.6576,-9999,-59994.03,-9999,721.2147,719.117,708.8449,-0.0315,-0.1895,-0.338,-36.7668,-0.5804
8602.542080,143.375701,2.389595,663.3251,669.3568,25.378,31.6489,-9999,-59994.03,-9999,721.0072,719.094,708.7487,-0.0313,-0.1863,-0.3342,-36.5691,-0.5801
8608.952320,143.482539,2.391376,663.0921,669.1159,25.4634,31.7042,-9999,-59994.03,-9999,720.7877,719.0726,708.6641,-0.0336,-0.1853,-0.3306,-35.9373,-0.5741
8615.362560,143.589376,2.393156,662.7997,668.8077,25.4528,31.7006,-9999,-59994.03,-9999,720.5844,719.0563,708.5685,-0.0328,-0.1863,-0.3292,-35.5218,-0.5738
8621.772800,143.696213,2.394937,662.4521,668.4164,25.3796,31.6271,-9999,-59994.03,-9999,720.3666,719.0474,708.4783,-0.0358,-0.1872,-0.327,-35.0518,-0.5683
8628.183040,143.803051,2.396718,662.1631,668.1231,25.4059,31.623,-9999,-59994.03,-9999,720.1394,719.0269,708.3797,-0.0368,-0.1843,-0.3235,-34.782,-0.5643
8634.593280,143.909888,2.398498,661.9288,667.8696,25.4445,31.6765,-9999,-59994.03,-9999,719.9249,719.0199,708.2972,-0.0371,-0.1851,-0.3203,-34.5503,-0.5626
8641.003520,144.016725,2.400279,661.6379,667.543,25.4411,31.6689,-9999,-59994.03,-9999,719.7186,719.0034,708.1957,-0.0354,-0.1833,-0.3189,-34.0796,-0.5566
8647.413760,144.123563,2.402059,661.3522,667.2491,25.4648,31.66,-9999,-59994.03,-9999,719.5026,718.9907,708.1053,-0.0339,-0.1815,-0.3199,-34.0685,-0.5552
8653.824000,144.230400,2.403840,661.0649,666.9454,25.4577,31.6522,-9999,-59994.03,-9999,719.2869,718.9661,708.0004,-0.0369,-0.1864,-0.3226,-34.4854,-0.5526
8660.234240,144.337237,2.405621,660.78,666.6243,25.4438,31.6582,-9999,-59994.03,-9999,719.076,718.9494,707.914,-0.036,-0.1854,-0.3195,-34.0732,-0.5452
8666.644480,144.444075,2.407401,660.4915,666.3185,25.454,31.6444,-9999,-59994.03,-9999,718.8561,718.9229,707.812,-0.0334,-0.1836,-0.32,-34.1188,-0.5438
8673.054720,144.550912,2.409182,660.2045,666.0275,25.4609,31.6384,-9999,-59994.03,-9999,718.6306,718.8976,707.7205,-0.0309,-0.1817,-0.3233,-34.4299,-0.5498
8679.464960,144.657749,2.410962,659.9215,665.7123,25.4424,31.6348,-9999,-59994.03,-9999,718.4185,718.8617,707.6125,-0.0305,-0.1788,-0.3155,-33.8363,-0.547
8685.875200,144.764587,2.412743,659.6357,665.3957,25.4452,31.6325,-9999,-59994.03,-9999,718.1982,718.8384,707.5244,-0.0284,-0.1722,-0.3093,-33.1797,-0.5411
8692.285440,144.871424,2.414524,659.3541,665.1098,25.4639,31.6274,-9999,-59994.03,-9999,717.9809,718.8073,707.4259,-0.0298,-0.1726,-0.3081,-33.1249,-0.541
8698.695680,144.978261,2.416304,659.0701,664.8078,25.4581,31.621,-9999,-59994.03,-9999,717.7634,718.7742,707.3264,-0.0301,-0.1743,-0.3073,-33.17,-0.541
8705.105920,145.085099,2.418085,658.7869,664.4891,25.4422,31.6144,-9999,-59994.03,-9999,717.5409,718.7251,707.2128,-0.0299,-0.171,-0.3037,-33.0535,-0.5384
8711.516160,145.191936,2.419866,658.5024,664.1913,25.4535,31.6052,-9999,-59994.03,-9999,717.3256,718.6912,707.1193,-0.0296,-0.17,-0.3018,-32.5098,-0.5286
8717.926400,145.298773,2.421646,658.2183,663.904,25.4657,31.6025,-9999,-59994.03,-9999,717.0974,718.6602,707.0164,-0.0286,-0.1708,-0.3011,-32.379,-0.5249
8724.336640,145.405611,2.423427,657.9418,663.6001,25.4498,31.6162,-9999,-59994.03,-9999,716.8729,718.6367,706.9214,-0.0329,-0.1737,-0.301,-32.2094,-0.5269
8730.746880,145.512448,2.425207,657.6565,663.2812,25.4454,31.6089,-9999,-59994.03,-9999,716.6612,718.5943,706.8074,-0.0343,-0.1722,-0.3001,-32.1546,-0.5263
8737.157120,145.619285,2.426988,657.3745,662.987,25.4593,31.5983,-9999,-59994.03,-9999,716.4343,718.5524,706.7054,-0.0324,-0.1747,-0.306,-32.4286,-0.5269
8743.567360,145.726123,2.428769,657.0912,662.6989,25.4579,31.5816,-9999,-59994.03,-9999,716.2084,718.5084,706.5966,-0.0343,-0.1793,-0.3112,-32.9572,-0.5314
8749.977600,145.832960,2.430549,656.8192,662.3921,25.4468,31.5763,-9999,-59994.03,-9999,715.9891,718.476,706.4837,-0.0333,-0.1768,-0.3113,-33.413,-0.5372
8756.387840,145.939797,2.432330,656.5362,662.0839,25.4413,31.5795,-9999,-59994.03,-9999,715.7752,718.4247,706.3775,-0.0297,-0.173,-0.3131,-33.546,-0.5421
8762.798080,146.046635,2.434111,656.2589,661.7935,25.4641,31.5862,-9999,-59994.03,-9999,715.541,718.408,706.3401,-0.031,-0.1756,-0.3168,-33.7371,-0.5478
8769.208320,146.153472,2.435891,655.9697,661.5105,25.4567,31.5749,-9999,-59994.03,-9999,715.339,718.3464,706.1578,-0.0306,-0.1782,-0.3173,-33.9738,-0.5489
8775.618560,146.260309,2.437672,655.6839,661.1959,25.4362,31.5759,-9999,-59994.03,-9999,715.0959,718.308,706.0451,-0.0302,-0.1783,-0.3167,-33.9792,-0.5441
8782.028800,146.367147,2.439452,655.4245,660.9095,25.4632,31.5685,-9999,-59994.03,-9999,714.8675,718.2535,705.9294,-0.0323,-0.1787,-0.3143,-33.8346,-0.5416
8788.439040,146.473984,2.441233,655.1469,660.6228,25.4535,31.5699,-9999,-59994.03,-9999,714.6282,718.2548,705.8672,-0.0362,-0.1829,-0.3166,-33.9376,-0.5381
8794.849280,146.580821,2.443014,654.8668,660.2994,25.4394,31.5614,-9999,-59994.03,-9999,714.4023,718.2035,705.7585,-0.037,-0.1837,-0.3167,-33.6476,-0.5331
8801.259520,146.687659,2.444794,654.5922,660.0226,25.4526,31.5692,-9999,-59994.03,-9999,714.1606,718.0677,705.5661,-0.0331,-0.1822,-0.3149,-33.4716,-0.5326
8807.669760,146.794496,2.446575,654.3198,659.7353,25.4489,31.555,-9999,-59994.03,-9999,713.9366,718.0203,705.4524,-0.0296,-0.1799,-0.3114,-33.3209,-0.5326
8814.080000,146.901333,2.448356,654.0438,659.4225,25.4367,31.5548,-9999,-59994.03,-9999,713.7145,718.0223,705.4016,-0.0327,-0.1807,-0.3119,-33.3608,-0.5346
8820.490240,147.008171,2.450136,653.7736,659.1407,25.456,31.5557,-9999,-59994.03,-9999,713.4885,717.9623,705.2874,-0.0353,-0.1852,-0.3139,-33.3405,-0.537
8826.900480,147.115008,2.451917,653.4901,658.8564,25.4512,31.5486,-9999,-59994.03,-9999,713.2604,717.9011,705.1636,-0.0374,-0.1912,-0.3214,-33.7841,-0.5406
8833.310720,147.221845,2.453697,653.218,658.5491,25.4309,31.5454,-9999,-59994.03,-9999,713.0299,717.8335,705.0392,-0.0359,-0.1913,-0.323,-33.761,-0.5405
8839.720960,147.328683,2.455478,652.9382,658.2507,25.4443,31.541,-9999,-59994.03,-9999,712.8021,717.7701,704.9086,-0.0336,-0.1851,-0.3163,-33.1126,-0.5367
8846.131200,147.435520,2.457259,652.6664,657.9831,25.4558,31.5307,-9999,-59994.03,-9999,712.567,717.7059,704.7842,-0.0336,-0.1821,-0.313,-32.9473,-0.5378
8852.541440,147.542357,2.459039,652.3935,657.6865,25.4358,31.5298,-9999,-59994.03,-9999,712.3376,717.6525,704.6655,-0.0335,-0.1811,-0.3135,-32.6898,-0.5367
8858.951680,147.649195,2.460820,652.1206,657.3787,25.4284,31.5277,-9999,-59994.03,-9999,712.1102,717.5928,704.5483,-0.033,-0.1815,-0.3151,-32.806,-0.5385
8865.361920,147.756032,2.462601,651.8525,657.0957,25.448,31.5158,-9999,-59994.03,-9999,711.8742,717.5245,704.4294,-0.0303,-0.1801,-0.3135,-32.7252,-0.5338
8871.772160,147.862869,2.464381,651.5812,656.8197,25.445,31.5208,-9999,-59994.03,-9999,711.6382,717.4475,704.2937,-0.0298,-0.1794,-0.3122,-32.6031,-0.5288
8878.182400,147.969707,2.466162,651.3096,656.5184,25.4265,31.5167,-9999,-59994.03,-9999,711.4109,717.3843,704.176,-0.0329,-0.1837,-0.3173,-33.2595,-0.5334
8884.592640,148.076544,2.467942,651.0414,656.2256,25.4279,31.5147,-9999,-59994.03,-9999,711.1914,717.3188,704.0511,-0.0344,-0.1883,-0.3237,-34.0224,-0.5415
8891.002880,148.183381,2.469723,650.7683,655.9563,25.4496,31.5087,-9999,-59994.03,-9999,710.9579,717.2237,703.9283,-0.0341,-0.187,-0.3255,-34.668,-0.5485
8897.413120,148.290219,2.471504,650.499,655.6773,25.4404,31.5014,-9999,-59994.03,-9999,710.7175,717.1503,703.7919,-0.0368,-0.1881,-0.3273,-34.7931,-0.5515
8903.823360,148.397056,2.473284,650.2326,655.3773,25.4277,31.5014,-9999,-59994.03,-9999,710.4908,717.0642,703.6553,-0.0361,-0.1863,-0.3261,-34.659,-0.5519
8910.233600,148.503893,2.475065,649.9604,655.0842,25.4314,31.4908,-9999,-59994.03,-9999,710.2574,716.9846,703.5227,-0.0374,-0.187,-0.3277,-34.8734,-0.5568
8916.643840,148.610731,2.476846,649.6956,654.8235,25.4542,31.4787,-9999,-59994.03,-9999,710.0195,716.9026,703.3972,-0.0418,-0.195,-0.3385,-35.9434,-0.5657
8923.054080,148.717568,2.478626,649.425,654.5384,25.4339,31.4734,-9999,-59994.03,-9999,709.806,716.8275,703.2885,-0.0443,-0.2045,-0.3481,-36.7975,-0.5713
8929.464320,148.824405,2.480407,649.1586,654.238,25.4328,31.4716,-9999,-59994.03,-9999,709.5848,716.7492,703.1605,-0.0409,-0.2078,-0.3482,-37.0254,-0.5745
8935.874560,148.931243,2.482187,648.8924,653.9767,25.4537,31.4663,-9999,-59994.03,-9999,709.336,716.6899,703.0366,-0.0389,-0.2076,-0.3491,-37.1168,-0.5796
8942.284800,149.038080,2.483968,648.6281,653.6927,25.4256,31.4587,-9999,-59994.03,-9999,709.1088,716.6127,702.908,-0.0386,-0.2085,-0.3523,-37.376,-0.5823
8948.695040,149.144917,2.485749,648.3549,653.3893,25.4431,31.4571,-9999,-59994.03,-9999,708.8796,716.5232,702.7721,-0.0402,-0.2105,-0.3592,-37.9428,-0.5825
8955.105280,149.251755,2.487529,648.087,653.1336,25.4369,31.4484,-9999,-59994.03,-9999,708.6357,716.4445,702.6299,-0.0423,-0.212,-0.362,-38.3836,-0.5906
8961.515520,149.358592,2.489310,647.8303,652.8322,25.4196,31.4493,-9999,-59994.03,-9999,708.4006,716.3641,702.508,-0.0403,-0.2098,-0.3646,-38.881,-0.5983
8967.925760,149.465429,2.491090,647.566,652.5699,25.4487,31.4452,-9999,-59994.03,-9999,708.1707,716.2816,702.3795,-0.0415,-0.212,-0.3669,-39.2558,-0.6019
8974.336000,149.572267,2.492871,647.3047,652.2947,25.4277,31.4307,-9999,-59994.03,-9999,707.9407,716.189,702.2435,-0.0409,-0.2099,-0.3687,-39.7606,-0.6065
8980.746240,149.679104,2.494652,647.0358,651.9943,25.4233,31.4204,-9999,-59994.03,-9999,707.7102,716.1197,702.1096,-0.0412,-0.2099,-0.3719,-40.2009,-0.611
8987.156480,149.785941,2.496432,646.7744,651.7253,25.4429,31.4156,-9999,-59994.03,-9999,707.468,716.0278,701.968,-0.0379,-0.207,-0.3691,-40.2913,-0.6145
8993.566720,149.892779,2.498213,646.51,651.454,25.4261,31.4165,-9999,-59994.03,-9999,707.2903,715.9482,701.8369,-0.0411,-0.208,-0.3647,-39.9876,-0.6136
8999.976960,149.999616,2.499994,646.2526,651.1594,25.4187,31.4092,-9999,-59994.03,-9999,707.0558,715.8616,701.6924,-0.0462,-0.212,-0.3636,-39.7566,-0.6121
9006.387200,150.106453,2.501774,645.9909,650.9125,25.4464,31.4053,-9999,-59994.03,-9999,706.7552,715.7728,701.5703,-0.0447,-0.2133,-0.3643,-39.8026,-0.6153
9012.797440,150.213291,2.503555,645.7278,650.6097,25.4173,31.3929,-9999,-59994.03,-9999,706.5172,715.6856,701.4253,-0.0432,-0.2129,-0.3641,-39.7216,-0.6164
9019.207680,150.320128,2.505335,645.4688,650.3564,25.4489,31.3883,-9999,-59994.03,-9999,706.347,715.6024,701.2956,-0.0405,-0.2121,-0.3642,-39.5388,-0.6123
9025.617920,150.426965,2.507116,645.2061,650.0667,25.4118,31.3872,-9999,-59994.03,-9999,706.1191,715.509,701.1559,-0.0406,-0.213,-0.3645,-39.4507,-0.6084
9032.028160,150.533803,2.508897,644.9449,649.8035,25.4429,31.3746,-9999,-59994.03,-9999,705.8831,715.4211,701.0221,-0.0436,-0.2152,-0.3662,-39.8626,-0.6082
9038.438400,150.640640,2.510677,644.6831,649.5276,25.4201,31.3654,-9999,-59994.03,-9999,705.6436,715.3143,700.8755,-0.044,-0.2162,-0.3693,-39.9413,-0.6101
9044.848640,150.747477,2.512458,644.4253,649.249,25.439,31.3645,-9999,-59994.03,-9999,705.4052,715.2309,700.7465,-0.0465,-0.2181,-0.3713,-40.2658,-0.6183
9051.258880,150.854315,2.514239,644.1679,648.9836,25.4272,31.3601,-9999,-59994.03,-9999,705.1626,715.129,700.6006,-0.0464,-0.2164,-0.3722,-40.6076,-0.6228
9057.669120,150.961152,2.516019,643.9066,648.6955,25.4277,31.3592,-9999,-59994.03,-9999,704.9338,715.0406,700.4724,-0.0422,-0.2139,-0.3733,-40.5417,-0.6241
9064.079360,151.067989,2.517800,643.6514,648.4461,25.4464,31.3505,-9999,-59994.03,-9999,704.6928,714.9376,700.3247,-0.0412,-0.2128,-0.3747,-40.4243,-0.6224
9070.489600,151.174827,2.519580,643.3892,648.1505,25.4173,31.3519,-9999,-59994.03,-9999,704.46,714.8527,700.1889,-0.041,-0.2153,-0.3751,-40.4612,-0.6253
9076.899840,151.281664,2.521361,643.1323,647.8808,25.4388,31.3487,-9999,-59994.03,-9999,704.2224,714.7429,700.0361,-0.047,-0.2232,-0.3795,-40.968,-0.6277
9083.310080,151.388501,2.523142,642.8724,647.6248,25.4353,31.3432,-9999,-59994.03,-9999,703.9792,714.6497,699.9009,-0.0448,-0.2219,-0.3791,-40.5145,-0.6218
9089.720320,151.495339,2.524922,642.6172,647.3398,25.4194,31.3381,-9999,-59994.03,-9999,703.7466,714.5469,699.7453,-0.0413,-0.2152,-0.374,-39.9611,-0.6185
9096.130560,151.602176,2.526703,642.3602,647.0775,25.4475,31.3354,-9999,-59994.03,-9999,703.5154,714.4455,699.6093,-0.0444,-0.2182,-0.3738,-39.8147,-0.618
9102.540800,151.709013,2.528484,642.105,646.8134,25.427,31.3331,-9999,-59994.03,-9999,703.277,714.3434,699.4781,-0.0459,-0.2191,-0.373,-39.6184,-0.6173
9108.951040,151.815851,2.530264,641.8535,646.5281,25.427,31.3306,-9999,-59994.03,-9999,703.0347,714.2312,699.3349,-0.0465,-0.2236,-0.3752,-39.6607,-0.6185
9115.361280,151.922688,2.532045,641.5955,646.2876,25.4512,31.3195,-9999,-59994.03,-9999,702.7973,714.1295,699.18,-0.0482,-0.2254,-0.3783,-40.3546,-0.621
9121.771520,152.029525,2.533825,641.3226,646.0176,25.4145,31.3101,-9999,-59994.03,-9999,702.5664,714.0383,699.0353,-0.0442,-0.2251,-0.3812,-40.5346,-0.622
9128.181760,152.136363,2.535606,641.0801,645.7445,25.4263,31.3051,-9999,-59994.03,-9999,702.3175,713.9266,698.8875,-0.0451,-0.2273,-0.3851,-40.7961,-0.6242
9134.592000,152.243200,2.537387,640.8273,645.4888,25.4358,31.3076,-9999,-59994.03,-9999,702.0822,713.8791,698.8091,-0.0489,-0.2318,-0.389,-41.1277,-0.6281
9141.002240,152.350037,2.539167,640.5742,645.2138,25.4162,31.3035,-9999,-59994.03,-9999,701.8366,713.7939,698.6722,-0.0497,-0.2327,-0.3916,-41.6717,-0.6305
9147.412480,152.456875,2.540948,640.3205,644.9227,25.424,31.3081,-9999,-59994.03,-9999,701.5913,713.6134,698.4551,-0.0519,-0.2357,-0.396,-42.3975,-0.6377
9153.822720,152.563712,2.542729,640.0565,644.6772,25.4415,31.3007,-9999,-59994.03,-9999,701.3395,713.5082,698.3022,-0.0516,-0.2436,-0.4058,-43.0808,-0.6472
9160.232960,152.670549,2.544509,639.8083,644.3745,25.4009,31.3028,-9999,-59994.03,-9999,701.0833,713.4376,698.1932,-0.0524,-0.2478,-0.4088,-43.6375,-0.6519
9166.643200,152.777387,2.546290,639.557,644.1191,25.4258,31.2934,-9999,-59994.03,-9999,700.8636,713.3251,698.0576,-0.0522,-0.2458,-0.4091,-43.89,-0.6547
9173.053440,152.884224,2.548070,639.3064,643.8745,25.4394,31.2835,-9999,-59994.03,-9999,700.627,713.208,697.9152,-0.0482,-0.24,-0.406,-44.1938,-0.6584
9179.463680,152.991061,2.549851,639.0349,643.5894,25.4136,31.2838,-9999,-59994.03,-9999,700.3824,713.0816,697.7505,-0.0436,-0.2306,-0.4021,-44.0705,-0.6565
9185.873920,153.097899,2.551632,638.7907,643.3032,25.4106,31.2801,-9999,-59994.03,-9999,700.1545,712.9796,697.6064,-0.041,-0.2238,-0.3907,-43.3087,-0.65
9192.284160,153.204736,2.553412,638.5146,643.096,25.427,31.3241,-9999,-59994.03,-9999,699.9208,712.8652,697.4695,-0.0382,-0.2151,-0.3762,-42.0427,-0.6401
9198.694400,153.311573,2.555193,638.2823,642.8136,25.4291,31.2842,-9999,-59994.03,-9999,699.6814,712.7611,697.3171,-0.038,-0.203,-0.3596,-40.4434,-0.6294
9205.104640,153.418411,2.556974,638.049,642.5261,25.4058,31.2712,-9999,-59994.03,-9999,699.4415,712.649,697.1638,-0.0392,-0.203,-0.3579,-39.7167,-0.6259
9211.514880,153.525248,2.558754,637.7993,642.2556,25.4092,31.281,-9999,-59994.03,-9999,699.2083,712.5413,697.0038,-0.0423,-0.2086,-0.3639,-40.0355,-0.6255
9217.925120,153.632085,2.560535,637.5477,642.0034,25.4261,31.2746,-9999,-59994.03,-9999,698.9598,712.4294,696.8723,-0.0449,-0.2142,-0.3689,-40.3168,-0.6269
9224.335360,153.738923,2.562315,637.3073,641.7485,25.4208,31.2709,-9999,-59994.03,-9999,698.7155,712.3129,696.7081,-0.0422,-0.2138,-0.3677,-40.2672,-0.6273
9230.745600,153.845760,2.564096,637.0569,641.4721,25.3993,31.2709,-9999,-59994.03,-9999,698.4761,712.1824,696.5485,-0.0345,-0.2042,-0.3635,-39.9422,-0.6229
9237.155840,153.952597,2.565877,636.8118,641.2126,25.4139,31.2682,-9999,-59994.03,-9999,698.2258,712.0581,696.3976,-0.034,-0.1998,-0.3595,-39.8291,-0.6203
9243.566080,154.059435,2.567657,636.5593,640.9631,25.424,31.2542,-9999,-59994.03,-9999,697.9729,711.9302,696.2437,-0.0334,-0.198,-0.3584,-39.8159,-0.62
9249.976320,154.166272,2.569438,636.3114,640.6996,25.4007,31.2519,-9999,-59994.03,-9999,697.7271,711.8114,696.082,-0.0351,-0.199,-0.3568,-39.7285,-0.6208
9256.386560,154.273109,2.571218,636.0702,640.4281,25.3975,31.2567,-9999,-59994.03,-9999,697.5035,711.6904,695.9167,-0.0379,-0.2042,-0.3591,-39.6465,-0.6165
9262.796800,154.379947,2.572999,635.814,640.1753,25.4136,31.2485,-9999,-59994.03,-9999,697.2602,711.5714,695.7725,-0.0445,-0.2108,-0.3633,-39.7353,-0.6153
9269.207040,154.486784,2.574780,635.577,639.9194,25.4155,31.2416,-9999,-59994.03,-9999,697.0247,711.4457,695.6099,-0.0413,-0.2083,-0.3614,-39.5327,-0.6155
9275.617280,154.593621,2.576560,635.3914,639.7208,25.464,31.3116,-9999,-59994.03,-9999,696.7738,711.3214,695.4675,-0.0391,-0.2029,-0.3537,-38.7171,-0.6095
9282.027520,154.700459,2.578341,635.1436,639.4563,25.4663,31.3031,-9999,-59994.03,-9999,696.5407,711.1988,695.2986,-0.038,-0.2022,-0.3521,-38.256,-0.6028
9288.437760,154.807296,2.580122,634.8391,639.1489,25.4201,31.2349,-9999,-59994.03,-9999,696.3005,711.0606,695.1389,-0.0368,-0.2032,-0.3531,-38.3635,-0.6008
9294.848000,154.914133,2.581902,634.5954,638.899,25.4122,31.231,-9999,-59994.03,-9999,696.0519,710.9532,694.9866,-0.0383,-0.2043,-0.3506,-38.1653,-0.5998
9301.258240,155.020971,2.583683,634.3485,638.6231,25.3901,31.2196,-9999,-59994.03,-9999,695.8118,710.8066,694.8222,-0.0418,-0.2047,-0.3517,-38.1861,-0.5998
9307.668480,155.127808,2.585463,634.1031,638.3633,25.3968,31.2118,-9999,-59994.03,-9999,695.575,710.6785,694.6703,-0.0408,-0.2015,-0.3501,-37.6672,-0.5913
9314.078720,155.234645,2.587244,633.8598,638.1262,25.4173,31.2086,-9999,-59994.03,-9999,695.3257,710.5546,694.5084,-0.038,-0.1974,-0.3455,-36.9501,-0.5848
9320.488960,155.341483,2.589025,633.6158,637.8664,25.397,31.209,-9999,-59994.03,-9999,695.0865,710.4305,694.3575,-0.036,-0.1933,-0.3416,-37.106,-0.59
9326.899200,155.448320,2.590805,633.4382,637.6579,25.4442,31.2667,-9999,-59994.03,-9999,694.8404,710.2877,694.1803,-0.0327,-0.1887,-0.3381,-37.0098,-0.5887
9333.309440,155.555157,2.592586,633.1849,637.4043,25.4601,31.2639,-9999,-59994.03,-9999,694.6023,710.1665,694.0271,-0.031,-0.1829,-0.3311,-36.4631,-0.5806
9339.719680,155.661995,2.594367,632.9399,637.1613,25.4695,31.2596,-9999,-59994.03,-9999,694.3657,710.0222,693.8676,-0.028,-0.1761,-0.3216,-35.3888,-0.5673
9346.129920,155.768832,2.596147,632.6981,636.9053,25.4488,31.2511,-9999,-59994.03,-9999,694.1292,709.8965,693.7048,-0.0256,-0.1718,-0.3154,-34.1847,-0.5547
9352.540160,155.875669,2.597928,632.3963,636.5762,25.3834,31.184,-9999,-59994.03,-9999,693.8856,709.7648,693.5501,-0.0278,-0.1694,-0.3118,-33.5992,-0.553
9358.950400,155.982507,2.599708,632.155,636.335,25.4,31.1799,-9999,-59994.03,-9999,693.642,709.6296,693.3895,-0.0315,-0.1725,-0.3131,-33.4915,-0.5508
9365.360640,156.089344,2.601489,631.9772,636.153,25.467,31.2426,-9999,-59994.03,-9999,693.4042,709.4986,693.2274,-0.0317,-0.1725,-0.3096,-32.9737,-0.5421
9371.770880,156.196181,2.603270,631.7401,635.891,25.4416,31.2375,-9999,-59994.03,-9999,693.1648,709.3759,693.0714,-0.0265,-0.1685,-0.3068,-32.4366,-0.5332
9378.181120,156.303019,2.605050,631.495,635.6315,25.4481,31.2318,-9999,-59994.03,-9999,692.917,709.2311,692.8995,-0.0238,-0.1659,-0.3047,-31.8603,-0.5276
9384.591360,156.409856,2.606831,631.2495,635.3864,25.4679,31.2199,-9999,-59994.03,-9999,692.6701,709.1039,692.7525,-0.0248,-0.1661,-0.3034,-31.4946,-0.519
9391.001600,156.516693,2.608612,631.012,635.1403,25.4658,31.2206,-9999,-59994.03,-9999,692.4292,708.9707,692.5789,-0.0245,-0.1668,-0.3047,-31.6366,-0.5186
9397.411840,156.623531,2.610392,630.7698,634.8866,25.4478,31.2187,-9999,-59994.03,-9999,692.1828,708.8308,692.4111,-0.0298,-0.1744,-0.3119,-32.2791,-0.5237
9403.822080,156.730368,2.612173,630.5303,634.6281,25.4414,31.2174,-9999,-59994.03,-9999,691.939,708.6852,692.2457,-0.0321,-0.1792,-0.3162,-32.9319,-0.5273
9410.232320,156.837205,2.613953,630.2883,634.3759,25.4506,31.2075,-9999,-59994.03,-9999,691.7055,708.5516,692.0809,-0.0341,-0.1811,-0.3169,-33.0651,-0.5282
9416.642560,156.944043,2.615734,630.048,634.1338,25.4672,31.1995,-9999,-59994.03,-9999,691.464,708.3954,691.9131,-0.0359,-0.1806,-0.3141,-32.5408,-0.5245
9423.052800,157.050880,2.617515,629.8115,633.8964,25.4621,31.2006,-9999,-59994.03,-9999,691.2185,708.2714,691.7613,-0.0342,-0.1792,-0.3137,-32.5731,-0.5239
9429.463040,157.157717,2.619295,629.5736,633.6231,25.4506,31.1919,-9999,-59994.03,-9999,690.9777,708.1344,691.589,-0.0325,-0.1799,-0.3174,-33.0748,-0.5274
9435.873280,157.264555,2.621076,629.3372,633.3806,25.4557,31.1892,-9999,-59994.03,-9999,690.7349,708.0031,691.4288,-0.0283,-0.1741,-0.3132,-32.8528,-0.5267
9442.283520,157.371392,2.622857,629.0966,633.1463,25.47,31.1866,-9999,-59994.03,-9999,690.4823,707.8563,691.2661,-0.0314,-0.1761,-0.3162,-33.161,-0.5323
9448.693760,157.478229,2.624637,628.8554,632.8931,25.4513,31.1871,-9999,-59994.03,-9999,690.25,707.7093,691.1074,-0.0345,-0.1837,-0.3203,-33.6688,-0.5346
9455.104000,157.585067,2.626418,628.6212,632.6276,25.4393,31.1807,-9999,-59994.03,-9999,690.0112,707.5773,690.9382,-0.0361,-0.1852,-0.3241,-33.8585,-0.5357
9461.514240,157.691904,2.628198,628.3822,632.3816,25.4561,31.172,-9999,-59994.03,-9999,689.7642,707.4127,690.7531,-0.0349,-0.1874,-0.3277,-34.013,-0.5387
9467.924480,157.798741,2.629979,628.1399,632.1497,25.4633,31.1587,-9999,-59994.03,-9999,689.5292,707.2764,690.5924,-0.0354,-0.1943,-0.3327,-34.4079,-0.5433
9474.334720,157.905579,2.631760,627.9042,631.8957,25.4437,31.1545,-9999,-59994.03,-9999,689.2869,707.1159,690.4178,-0.0353,-0.1953,-0.3352,-34.7721,-0.5461
9480.744960,158.012416,2.633540,627.6674,631.6412,25.4377,31.1564,-9999,-59994.03,-9999,689.0513,706.9803,690.2449,-0.0374,-0.1969,-0.3409,-35.4866,-0.552
9487.155200,158.119253,2.635321,627.4293,631.3957,25.452,31.144,-9999,-59994.03,-9999,688.8119,706.8274,690.0796,-0.038,-0.2004,-0.3461,-36.2167,-0.5602
9493.565440,158.226091,2.637102,627.1927,631.1658,25.4656,31.1426,-9999,-59994.03,-9999,688.567,706.6682,689.8992,-0.0409,-0.2083,-0.355,-36.9621,-0.5665
9499.975680,158.332928,2.638882,626.9557,630.9221,25.449,31.1334,-9999,-59994.03,-9999,688.3259,706.5106,689.7285,-0.0405,-0.2092,-0.3601,-37.4038,-0.5725
9506.385920,158.439765,2.640663,626.7241,630.6683,25.4342,31.1323,-9999,-59994.03,-9999,688.0854,706.3599,689.5592,-0.0349,-0.2038,-0.3568,-37.3875,-0.5708
9512.796160,158.546603,2.642443,626.4875,630.4189,25.4386,31.1302,-9999,-59994.03,-9999,687.8563,706.2089,689.395,-0.0355,-0.1974,-0.3514,-37.1024,-0.5664
9519.206400,158.653440,2.644224,626.2526,630.182,25.4561,31.116,-9999,-59994.03,-9999,687.6089,706.0515,689.2191,-0.0348,-0.1928,-0.3509,-37.2045,-0.5711
9525.616640,158.760277,2.646005,626.0173,629.9509,25.4603,31.108,-9999,-59994.03,-9999,687.3618,705.8982,689.0518,-0.0329,-0.1936,-0.35,-37.0885,-0.5712
9532.026880,158.867115,2.647785,625.7867,629.6993,25.437,31.1034,-9999,-59994.03,-9999,687.1134,705.7479,688.8738,-0.034,-0.1926,-0.3436,-36.4338,-0.5678
9538.437120,158.973952,2.649566,625.5505,629.4453,25.4271,31.1041,-9999,-59994.03,-9999,686.8823,705.5956,688.7114,-0.0354,-0.1905,-0.3408,-36.1376,-0.5655
9544.847360,159.080789,2.651346,625.3162,629.2063,25.4418,31.0961,-9999,-59994.03,-9999,686.6512,705.451,688.5471,-0.0366,-0.1941,-0.3439,-36.1853,-0.5689
9551.257600,159.187627,2.653127,625.0806,628.9787,25.4578,31.0883,-9999,-59994.03,-9999,686.4217,705.2952,688.3845,-0.0383,-0.1974,-0.3486,-36.6938,-0.5742
9557.667840,159.294464,2.654908,624.8443,628.7298,25.4382,31.0766,-9999,-59994.03,-9999,686.1789,705.1223,688.2052,-0.0376,-0.1965,-0.3464,-36.8155,-0.5786
9564.078080,159.401301,2.656688,624.6186,628.4839,25.4218,31.0793,-9999,-59994.03,-9999,685.9414,704.9584,688.0142,-0.0332,-0.1913,-0.341,-36.9036,-0.5795
9570.488320,159.508139,2.658469,624.3845,628.2405,25.4246,31.0768,-9999,-59994.03,-9999,685.6993,704.7989,687.8323,-0.0326,-0.1877,-0.3327,-36.178,-0.5763
9576.898560,159.614976,2.660250,624.1476,628.0013,25.4354,31.0793,-9999,-59994.03,-9999,685.4554,704.6293,687.6426,-0.0336,-0.1841,-0.3272,-35.7034,-0.5727
9583.308800,159.721813,2.662030,623.9127,627.7659,25.4435,31.0889,-9999,-59994.03,-9999,685.2144,704.4633,687.4648,-0.0349,-0.1874,-0.3277,-35.4569,-0.5695
9589.719040,159.828651,2.663811,623.6785,627.5258,25.428,31.0935,-9999,-59994.03,-9999,684.9716,704.3246,687.2975,-0.032,-0.1863,-0.3249,-35.3288,-0.5707
9596.129280,159.935488,2.665591,623.4508,627.2739,25.4043,31.0965,-9999,-59994.03,-9999,684.7415,704.1582,687.1263,-0.0323,-0.1859,-0.3237,-35.1694,-0.5731
9602.539520,160.042325,2.667372,623.2198,627.03,25.4052,31.0956,-9999,-59994.03,-9999,684.5125,704.0009,686.9582,-0.0348,-0.1882,-0.325,-35.3529,-0.5769
9608.949760,160.149163,2.669153,622.9834,626.7909,25.4151,31.0935,-9999,-59994.03,-9999,684.2744,703.8315,686.7668,-0.0359,-0.191,-0.329,-35.5426,-0.5759
9615.360000,160.256000,2.670933,622.7556,626.562,25.4252,31.0848,-9999,-59994.03,-9999,684.0272,703.6814,686.5994,-0.0381,-0.1937,-0.3324,-35.6881,-0.5746
9621.770240,160.362837,2.672714,622.5233,626.3222,25.4077,31.0864,-9999,-59994.03,-9999,683.7821,703.529,686.4211,-0.0389,-0.1971,-0.3392,-36.3612,-0.5779
9628.180480,160.469675,2.674495,622.2941,626.0743,25.386,31.0827,-9999,-59994.03,-9999,683.5472,703.3746,686.2423,-0.0379,-0.1994,-0.3446,-36.8077,-0.5811
9634.590720,160.576512,2.676275,622.0663,625.8264,25.3863,31.077,-9999,-59994.03,-9999,683.3082,703.2153,686.0751,-0.0347,-0.1988,-0.3448,-36.6983,-0.5822
9641.000960,160.683349,2.678056,621.835,625.5925,25.3987,31.0722,-9999,-59994.03,-9999,683.0665,703.0557,685.8849,-0.0316,-0.1955,-0.3431,-36.6012,-0.5773
9647.411200,160.790187,2.679836,621.6012,625.3612,25.3976,31.0683,-9999,-59994.03,-9999,682.8269,702.8925,685.7157,-0.0318,-0.1967,-0.3502,-37.0483,-0.5783
9653.821440,160.897024,2.681617,621.3745,625.1205,25.375,31.0672,-9999,-59994.03,-9999,682.5906,702.7265,685.5323,-0.0358,-0.198,-0.3531,-37.3301,-0.5796
9660.231680,161.003861,2.683398,621.1504,624.8735,25.3648,31.0575,-9999,-59994.03,-9999,682.3542,702.5797,685.3665,-0.0344,-0.1938,-0.3514,-37.3889,-0.5801
9666.641920,161.110699,2.685178,620.9174,624.6349,25.3775,31.05,-9999,-59994.03,-9999,682.1118,702.4013,685.184,-0.0334,-0.1905,-0.3471,-37.0975,-0.5784
9673.052160,161.217536,2.686959,620.6909,624.4175,25.3741,31.0518,-9999,-59994.03,-9999,681.8656,702.2422,684.9989,-0.0349,-0.1885,-0.3425,-37.136,-0.5791
9679.462400,161.324373,2.688740,620.4644,624.1571,25.3554,31.0465,-9999,-59994.03,-9999,681.6339,702.0872,684.8198,-0.0335,-0.1884,-0.3403,-37.0663,-0.5816
9685.872640,161.431211,2.690520,620.2368,623.938,25.3819,31.0536,-9999,-59994.03,-9999,681.3912,701.9195,684.6387,-0.0307,-0.1848,-0.3368,-37.0831,-0.5801
9692.282880,161.538048,2.692301,620.0103,623.6882,25.345,31.0527,-9999,-59994.03,-9999,681.1626,701.7576,684.4658,-0.0328,-0.1853,-0.3346,-36.3069,-0.5724
9698.693120,161.644885,2.694081,619.7852,623.4693,25.3766,31.0568,-9999,-59994.03,-9999,680.9322,701.6036,684.2842,-0.0358,-0.1879,-0.335,-35.9777,-0.5701
9705.103360,161.751723,2.695862,619.5528,623.2142,25.3326,31.0532,-9999,-59994.03,-9999,680.6914,701.4338,684.1055,-0.0337,-0.1873,-0.3335,-35.5806,-0.5646
9711.513600,161.858560,2.697643,619.2702,622.9377,25.3039,30.9971,-9999,-59994.03,-9999,680.457,701.2721,683.9291,-0.0329,-0.1859,-0.3323,-35.4415,-0.5623
9717.923840,161.965397,2.699423,619.0431,622.6812,25.2617,30.9948,-9999,-59994.03,-9999,680.2176,701.0953,683.75,-0.0333,-0.1863,-0.3303,-35.2875,-0.5607
9724.334080,162.072235,2.701204,618.8182,622.4693,25.2907,30.993,-9999,-59994.03,-9999,679.9886,700.936,683.5791,-0.033,-0.1858,-0.3297,-35.0622,-0.5598
9730.744320,162.179072,2.702985,618.5856,622.2142,25.2552,30.9861,-9999,-59994.03,-9999,679.748,700.7799,683.3985,-0.032,-0.1889,-0.333,-35.3534,-0.5627
9737.154560,162.285909,2.704765,618.36,622.0068,25.2813,30.9751,-9999,-59994.03,-9999,679.5143,700.6321,683.2316,-0.0366,-0.1953,-0.3375,-35.8088,-0.5646
9743.564800,162.392747,2.706546,618.1381,621.7469,25.2524,30.9767,-9999,-59994.03,-9999,679.2694,700.4468,683.0348,-0.0382,-0.1978,-0.3405,-35.7256,-0.5644
9749.975040,162.499584,2.708326,617.9171,621.5433,25.278,30.9742,-9999,-59994.03,-9999,679.0471,700.274,682.8651,-0.035,-0.1979,-0.3436,-35.797,-0.5675
9756.385280,162.606421,2.710107,617.6861,621.2786,25.2518,30.9584,-9999,-59994.03,-9999,678.8028,700.1091,682.6784,-0.0365,-0.2001,-0.3464,-36.3634,-0.5761
9762.795520,162.713259,2.711888,617.4604,621.0681,25.2508,30.96,-9999,-59994.03,-9999,678.5076,699.967,682.5111,-0.0346,-0.1947,-0.3447,-36.7555,-0.5816
9769.205760,162.820096,2.713668,617.2405,620.8228,25.2624,30.9494,-9999,-59994.03,-9999,678.2746,699.7807,682.3161,-0.0367,-0.1941,-0.3417,-36.755,-0.5813
9775.616000,162.926933,2.715449,617.0148,620.5855,25.2218,30.937,-9999,-59994.03,-9999,678.0247,699.587,682.1196,-0.0404,-0.1972,-0.3442,-36.8426,-0.5802
9782.026240,163.033771,2.717230,616.7944,620.3737,25.261,30.9336,-9999,-59994.03,-9999,677.7963,699.423,681.9365,-0.0371,-0.1958,-0.3445,-36.9721,-0.5811
9788.436480,163.140608,2.719010,616.5614,620.1089,25.2282,30.9262,-9999,-59994.03,-9999,677.553,699.2478,681.7473,-0.0383,-0.1971,-0.3453,-37.2531,-0.5826
9794.846720,163.247445,2.720791,616.3443,619.9,25.2326,30.9269,-9999,-59994.03,-9999,677.3109,699.0878,681.5605,-0.0365,-0.1944,-0.3426,-37.003,-0.5778
9801.256960,163.354283,2.722571,616.1203,619.6531,25.2428,30.912,-9999,-59994.03,-9999,677.0759,698.9259,681.3846,-0.0389,-0.1974,-0.3405,-36.9428,-0.5835
9807.667200,163.461120,2.724352,615.8951,619.4232,25.2142,30.9022,-9999,-59994.03,-9999,676.8371,698.7588,681.2003,-0.039,-0.1977,-0.3419,-37.6669,-0.5949
9814.077440,163.567957,2.726133,615.6718,619.1987,25.2428,30.8996,-9999,-59994.03,-9999,676.6051,698.5816,681.0248,-0.0403,-0.2006,-0.3429,-37.8578,-0.5963
9820.487680,163.674795,2.727913,615.4531,618.9579,25.2054,30.893,-9999,-59994.03,-9999,676.37,698.4243,680.8512,-0.0397,-0.2009,-0.3439,-37.7284,-0.5956
9826.897920,163.781632,2.729694,615.2307,618.7364,25.2354,30.887,-9999,-59994.03,-9999,676.1328,698.2538,680.6571,-0.0378,-0.1996,-0.3442,-37.6457,-0.5933
9833.308160,163.888469,2.731474,615.0121,618.5016,25.1992,30.8838,-9999,-59994.03,-9999,675.8939,698.0831,680.471,-0.036,-0.1948,-0.3408,-36.7992,-0.5859
9839.718400,163.995307,2.733255,614.7886,618.2706,25.2218,30.879,-9999,-59994.03,-9999,675.6584,697.9268,680.3027,-0.0348,-0.1919,-0.335,-35.8667,-0.5798
9846.128640,164.102144,2.735036,614.5665,618.0554,25.2162,30.874,-9999,-59994.03,-9999,675.423,697.7586,680.1235,-0.0333,-0.1897,-0.3291,-35.4963,-0.5789
9852.538880,164.208981,2.736816,614.3465,617.8116,25.2026,30.8581,-9999,-59994.03,-9999,675.1943,697.5599,679.9326,-0.0356,-0.191,-0.3285,-35.6083,-0.579
9858.949120,164.315819,2.738597,614.1274,617.6025,25.2202,30.8453,-9999,-59994.03,-9999,674.9557,697.4033,679.7512,-0.0379,-0.1981,-0.3337,-35.925,-0.5819
9865.359360,164.422656,2.740378,613.9055,617.3553,25.1865,30.835,-9999,-59994.03,-9999,674.7239,697.2214,679.568,-0.0399,-0.2032,-0.3418,-36.3811,-0.5858
9871.769600,164.529493,2.742158,613.6838,617.1392,25.2162,30.826,-9999,-59994.03,-9999,674.4742,697.0364,679.3685,-0.0405,-0.2049,-0.3471,-36.8707,-0.5879
9878.179840,164.636331,2.743939,613.4655,616.9127,25.1888,30.8226,-9999,-59994.03,-9999,674.2446,696.8672,679.1906,-0.0381,-0.2042,-0.3502,-37.2092,-0.5889
9884.590080,164.743168,2.745719,613.2455,616.6775,25.2022,30.8175,-9999,-59994.03,-9999,674.014,696.6962,679.0079,-0.0389,-0.2036,-0.3514,-37.4596,-0.5906
9891.000320,164.850005,2.747500,613.0289,616.4673,25.2066,30.8058,-9999,-59994.03,-9999,673.7775,696.556,678.8416,-0.0434,-0.2098,-0.3568,-37.8623,-0.5949
9897.410560,164.956843,2.749281,612.8041,616.2144,25.172,30.7957,-9999,-59994.03,-9999,673.533,696.3707,678.6481,-0.0476,-0.2166,-0.3662,-38.7204,-0.6028
9903.820800,165.063680,2.751061,612.5877,615.9922,25.1987,30.7941,-9999,-59994.03,-9999,673.2957,696.1905,678.4567,-0.0455,-0.2208,-0.3725,-39.5478,-0.6095
9910.231040,165.170517,2.752842,612.3636,615.7795,25.1936,30.7868,-9999,-59994.03,-9999,673.0623,696.0263,678.2816,-0.0465,-0.2252,-0.378,-40.1265,-0.6133
9916.641280,165.277355,2.754623,612.1442,615.5383,25.165,30.7831,-9999,-59994.03,-9999,672.8231,695.8486,678.093,-0.0446,-0.2271,-0.3791,-40.2861,-0.6089
9923.051520,165.384192,2.756403,611.926,615.3077,25.1729,30.7863,-9999,-59994.03,-9999,672.5909,695.6784,677.9109,-0.0427,-0.2234,-0.3748,-39.993,-0.6047
9929.461760,165.491029,2.758184,611.7042,615.0917,25.1874,30.7792,-9999,-59994.03,-9999,672.3562,695.4969,677.7216,-0.0407,-0.2185,-0.3704,-39.887,-0.6019
9935.872000,165.597867,2.759964,611.4856,614.8735,25.183,30.7751,-9999,-59994.03,-9999,672.1102,695.3123,677.5341,-0.0371,-0.2124,-0.367,-39.3524,-0.5982
9942.282240,165.704704,2.761745,611.2653,614.6318,25.1556,30.7666,-9999,-59994.03,-9999,671.8762,695.1224,677.3395,-0.0389,-0.2094,-0.3629,-38.6309,-0.5925
9948.692480,165.811541,2.763526,611.0496,614.3974,25.1507,30.7622,-9999,-59994.03,-9999,671.6382,694.9374,677.1509,-0.0374,-0.2057,-0.3568,-38.193,-0.5877
9955.102720,165.918379,2.765306,610.8326,614.1823,25.1733,30.7625,-9999,-59994.03,-9999,671.4125,694.7794,676.9651,-0.0354,-0.1966,-0.3451,-37.5292,-0.5836
9961.512960,166.025216,2.767087,610.6094,613.9623,25.1662,30.7505,-9999,-59994.03,-9999,671.1723,694.6082,676.7774,-0.0336,-0.1905,-0.3374,-37.0517,-0.5848
9967.923200,166.132053,2.768868,610.3964,613.7292,25.1422,30.7462,-9999,-59994.03,-9999,670.9365,694.4136,676.5844,-0.035,-0.1921,-0.34,-37.131,-0.5859
9974.333440,166.238891,2.770648,610.1743,613.4951,25.1295,30.7498,-9999,-59994.03,-9999,670.7048,694.2284,676.3991,-0.0381,-0.196,-0.3455,-37.5888,-0.5929
9980.743680,166.345728,2.772429,609.9597,613.278,25.1505,30.7469,-9999,-59994.03,-9999,670.4728,694.0679,676.2181,-0.0415,-0.1992,-0.3438,-37.7751,-0.5983
9987.153920,166.452565,2.774209,609.7388,613.0607,25.1547,30.7379,-9999,-59994.03,-9999,670.2365,693.9006,676.0383,-0.0436,-0.2034,-0.3497,-38.441,-0.6019
9993.564160,166.559403,2.775990,609.5273,612.8392,25.1351,30.7347,-9999,-59994.03,-9999,669.9401,693.7232,675.8555,-0.0431,-0.2085,-0.3578,-38.9285,-0.6056
9999.974400,166.666240,2.777771,609.3116,612.6024,25.1143,30.7336,-9999,-59994.03,-9999,669.7133,693.5406,675.6769,-0.0452,-0.2161,-0.3667,-39.2398,-0.6062
10006.384640,166.773077,2.779551,609.0953,612.3755,25.1113,30.7212,-9999,-59994.03,-9999,669.4862,693.3677,675.4877,-0.0426,-0.2158,-0.3691,-39.5837,-0.6106
10012.794880,166.879915,2.781332,608.877,612.1587,25.1291,30.709,-9999,-59994.03,-9999,669.2459,693.1993,675.3109,-0.041,-0.2151,-0.3684,-39.6775,-0.6133
10019.205120,166.986752,2.783113,608.6607,611.9449,25.1284,30.7001,-9999,-59994.03,-9999,669.0065,693.0018,675.1115,-0.0439,-0.2146,-0.3674,-39.4439,-0.6098
10025.615360,167.093589,2.784893,608.447,611.7136,25.0959,30.6863,-9999,-59994.03,-9999,668.7788,692.8135,674.9232,-0.0446,-0.2143,-0.3694,-39.4899,-0.6118
10032.025600,167.200427,2.786674,608.2285,611.4786,25.0936,30.6657,-9999,-59994.03,-9999,668.5463,692.6334,674.7302,-0.0407,-0.2121,-0.3691,-39.8674,-0.6169
10038.435840,167.307264,2.788454,608.0125,611.264,25.1162,30.6578,-9999,-59994.03,-9999,668.3109,692.4518,674.5427,-0.0386,-0.2086,-0.3642,-39.202,-0.6108
10044.846080,167.414101,2.790235,607.735,610.991,25.0432,30.5887,-9999,-59994.03,-9999,668.0761,692.2793,674.3514,-0.0399,-0.2113,-0.3625,-38.8765,-0.6071
10051.256320,167.520939,2.792016,607.5222,610.7565,25.0146,30.5763,-9999,-59994.03,-9999,667.8454,692.0764,674.16,-0.0374,-0.208,-0.3602,-38.6743,-0.6042
10057.666560,167.627776,2.793796,607.3691,610.5926,25.0843,30.6225,-9999,-59994.03,-9999,667.6138,691.8879,673.9688,-0.0327,-0.1987,-0.3531,-37.8776,-0.5935
10064.076800,167.734613,2.795577,607.1545,610.3872,25.1065,30.6225,-9999,-59994.03,-9999,667.3709,691.6985,673.7608,-0.031,-0.1928,-0.3465,-37.3679,-0.5908
10070.487040,167.841451,2.797358,606.8798,610.105,25.018,30.5527,-9999,-59994.03,-9999,667.136,691.5194,673.5707,-0.0317,-0.1879,-0.3393,-36.6945,-0.5852
10076.897280,167.948288,2.799138,606.669,609.8701,24.9987,30.5424,-9999,-59994.03,-9999,666.9042,691.3447,673.3892,-0.0338,-0.1892,-0.3342,-35.9597,-0.5797
10083.307520,168.055125,2.800919,606.4547,609.6533,25.022,30.5346,-9999,-59994.03,-9999,666.6819,691.1723,673.209,-0.036,-0.1897,-0.331,-35.4566,-0.5744
10089.717760,168.161963,2.802699,606.2354,609.4409,25.0187,30.5235,-9999,-59994.03,-9999,666.4417,690.9894,673.0206,-0.0354,-0.1889,-0.3276,-35.0551,-0.5681
10096.128000,168.268800,2.804480,606.0246,609.2092,24.9883,30.5151,-9999,-59994.03,-9999,666.2046,690.8136,672.8288,-0.0311,-0.1865,-0.3282,-34.8881,-0.5616
10102.538240,168.375637,2.806261,605.8162,608.9846,24.9977,30.5075,-9999,-59994.03,-9999,665.9726,690.6507,672.6547,-0.0313,-0.186,-0.3284,-34.5491,-0.5591
10108.948480,168.482475,2.808041,605.6009,608.7781,25.0164,30.4988,-9999,-59994.03,-9999,665.7293,690.4723,672.4727,-0.036,-0.1925,-0.3315,-34.9098,-0.559
10115.358720,168.589312,2.809822,605.3848,608.5522,24.9913,30.4907,-9999,-59994.03,-9999,665.491,690.2941,672.2784,-0.0372,-0.195,-0.3341,-35.1425,-0.5586
10121.768960,168.696149,2.811602,605.1763,608.3214,24.974,30.4834,-9999,-59994.03,-9999,665.2656,690.1014,672.0944,-0.0409,-0.1996,-0.3405,-35.7705,-0.5632
10128.179200,168.802987,2.813383,604.9592,608.1053,24.9943,30.4799,-9999,-59994.03,-9999,665.029,689.9279,671.8994,-0.0397,-0.2023,-0.342,-35.7493,-0.5635
10134.589440,168.909824,2.815164,604.7465,607.902,25.0028,30.4676,-9999,-59994.03,-9999,664.7864,689.7366,671.7072,-0.0358,-0.1998,-0.3424,-35.5776,-0.5619
10140.999680,169.016661,2.816944,604.5342,607.6791,24.9751,30.4591,-9999,-59994.03,-9999,664.5444,689.546,671.5125,-0.0378,-0.1999,-0.3428,-35.4613,-0.5609
10147.409920,169.123499,2.818725,604.3239,607.4475,24.9627,30.4517,-9999,-59994.03,-9999,664.3091,689.369,671.3252,-0.0343,-0.1948,-0.34,-35.142,-0.561
10153.820160,169.230336,2.820506,604.1114,607.231,24.9839,30.4453,-9999,-59994.03,-9999,664.0812,689.2068,671.1474,-0.0343,-0.1936,-0.3379,-35.2736,-0.5672
10160.230400,169.337173,2.822286,603.9,607.0204,24.9888,30.4382,-9999,-59994.03,-9999,663.8526,689.0215,670.9557,-0.035,-0.1944,-0.3399,-35.676,-0.5746
10166.640640,169.444011,2.824067,603.6869,606.804,24.9814,30.4285,-9999,-59994.03,-9999,663.6096,688.8293,670.7498,-0.0359,-0.1964,-0.3408,-36.2786,-0.5783
10173.050880,169.550848,2.825847,603.4766,606.5781,24.9602,30.418,-9999,-59994.03,-9999,663.3715,688.6585,670.5632,-0.0323,-0.1888,-0.338,-36.0773,-0.5751
10179.461120,169.657685,2.827628,603.2661,606.3493,24.9495,30.4109,-9999,-59994.03,-9999,663.1366,688.486,670.3635,-0.0262,-0.1775,-0.3269,-35.0952,-0.5676
10185.871360,169.764523,2.829409,603.0526,606.1287,24.9548,30.3994,-9999,-59994.03,-9999,662.8888,688.3029,670.1778,-0.0235,-0.1696,-0.3182,-34.5071,-0.5597
10192.281600,169.871360,2.831189,602.8386,605.9095,24.9698,30.3978,-9999,-59994.03,-9999,662.6547,688.1288,669.9894,-0.0263,-0.1672,-0.3141,-33.996,-0.5533
10198.691840,169.978197,2.832970,602.6257,605.7001,24.9708,30.4017,-9999,-59994.03,-9999,662.4125,687.9344,669.7889,-0.0271,-0.1645,-0.3062,-33.0505,-0.5439
10205.102080,170.085035,2.834751,602.4136,605.4736,24.9479,30.3829,-9999,-59994.03,-9999,662.18,687.741,669.5967,-0.0263,-0.1652,-0.3059,-32.9928,-0.5417
10211.512320,170.191872,2.836531,602.2014,605.2495,24.9412,30.3806,-9999,-59994.03,-9999,661.9484,687.4947,669.3406,-0.0268,-0.1679,-0.3063,-32.7073,-0.5365
10217.922560,170.298709,2.838312,601.991,605.0422,24.9668,30.3845,-9999,-59994.03,-9999,661.7031,687.3046,669.1334,-0.0257,-0.167,-0.2999,-31.8515,-0.5276
10224.332800,170.405547,2.840092,601.7801,604.8334,24.9701,30.3817,-9999,-59994.03,-9999,661.4657,687.1234,668.9449,-0.0267,-0.1649,-0.2957,-31.2785,-0.5195
10230.743040,170.512384,2.841873,601.5681,604.6047,24.9452,30.3847,-9999,-59994.03,-9999,661.2297,686.9282,668.7528,-0.0283,-0.1657,-0.2982,-31.4817,-0.5206
10237.153280,170.619221,2.843654,601.3565,604.3791,24.9555,30.3693,-9999,-59994.03,-9999,660.9926,686.7382,668.5507,-0.0309,-0.1709,-0.301,-31.8657,-0.5238
10243.563520,170.726059,2.845434,601.1461,604.1841,24.9772,30.3771,-9999,-59994.03,-9999,660.7505,686.5576,668.3536,-0.0291,-0.1697,-0.2989,-31.3966,-0.5175
10249.973760,170.832896,2.847215,600.937,603.9502,24.9426,30.3813,-9999,-59994.03,-9999,660.5105,686.3694,668.1584,-0.0269,-0.1661,-0.296,-30.945,-0.5115
10256.384000,170.939733,2.848996,600.7272,603.7388,24.9698,30.3845,-9999,-59994.03,-9999,660.2792,686.1809,667.9634,-0.032,-0.1719,-0.304,-31.7575,-0.5203
10262.794240,171.046571,2.850776,600.5242,603.5421,24.9761,30.3882,-9999,-59994.03,-9999,660.0408,685.9933,667.7734,-0.0349,-0.1807,-0.3157,-32.8419,-0.5286
10269.204480,171.153408,2.852557,600.3185,603.3119,24.9507,30.4038,-9999,-59994.03,-9999,659.8106,685.7979,667.5842,-0.041,-0.1913,-0.3238,-33.1098,-0.5306
10275.614720,171.260245,2.854337,600.1136,603.0986,24.9818,30.4031,-9999,-59994.03,-9999,659.5746,685.6072,667.3932,-0.0446,-0.2001,-0.3319,-34.0605,-0.5389
10282.024960,171.367083,2.856118,599.9003,602.8936,24.9828,30.4028,-9999,-59994.03,-9999,659.3306,685.4257,667.2032,-0.0431,-0.204,-0.3402,-34.8522,-0.5447
10288.435200,171.473920,2.857899,599.6951,602.662,24.9585,30.4111,-9999,-59994.03,-9999,659.1061,685.2472,667.0127,-0.0415,-0.2074,-0.3457,-35.484,-0.5528
10294.845440,171.580757,2.859679,599.4889,602.454,24.977,30.4189,-9999,-59994.03,-9999,658.8669,685.0483,666.809,-0.0413,-0.2062,-0.3456,-35.7401,-0.5557
10301.255680,171.687595,2.861460,599.2778,602.2481,24.9931,30.415,-9999,-59994.03,-9999,658.6352,684.8663,666.6112,-0.0352,-0.1976,-0.3431,-35.7918,-0.5581
10307.665920,171.794432,2.863241,599.0707,602.0322,24.9698,30.4196,-9999,-59994.03,-9999,658.4001,684.677,666.4178,-0.034,-0.1933,-0.3421,-36.1659,-0.5641
10314.076160,171.901269,2.865021,598.862,601.8024,24.9705,30.418,-9999,-59994.03,-9999,658.1599,684.4903,666.219,-0.0346,-0.1909,-0.3363,-35.8983,-0.5662
10320.486400,172.008107,2.866802,598.6573,601.6082,25.0031,30.4253,-9999,-59994.03,-9999,657.9264,684.3094,666.0312,-0.0337,-0.1889,-0.3333,-35.7821,-0.5689
10326.896640,172.114944,2.868582,598.4469,601.3944,24.9888,30.4217,-9999,-59994.03,-9999,657.693,684.1163,665.8379,-0.0378,-0.1936,-0.3399,-36.4867,-0.5771
10333.306880,172.221781,2.870363,598.2444,601.1732,24.9749,30.4306,-9999,-59994.03,-9999,657.4659,683.9271,665.6512,-0.0432,-0.2026,-0.3487,-37.3204,-0.585
10339.717120,172.328619,2.872144,598.037,600.9542,24.9885,30.4212,-9999,-59994.03,-9999,657.2376,683.7389,665.4576,-0.0435,-0.2066,-0.3509,-37.7161,-0.5885
10346.127360,172.435456,2.873924,597.8291,600.7574,25.0123,30.4253,-9999,-59994.03,-9999,656.9976,683.5443,665.2597,-0.0466,-0.2161,-0.3577,-38.5069,-0.5951
10352.537600,172.542293,2.875705,597.6176,600.5421,25.0035,30.4263,-9999,-59994.03,-9999,656.7631,683.3608,665.0593,-0.0508,-0.2231,-0.3662,-39.1873,-0.6037
10358.947840,172.649131,2.877486,597.4111,600.3168,24.9814,30.4256,-9999,-59994.03,-9999,656.5235,683.1635,664.8589,-0.0489,-0.2231,-0.3656,-39.3331,-0.6055
10365.358080,172.755968,2.879266,597.2023,600.0923,24.9821,30.4157,-9999,-59994.03,-9999,656.2894,682.9661,664.6575,-0.0502,-0.2268,-0.3701,-39.8858,-0.6101
10371.768320,172.862805,2.881047,596.9915,599.8929,25.0084,30.4104,-9999,-59994.03,-9999,656.0561,682.7781,664.4569,-0.0481,-0.2271,-0.3725,-40.0438,-0.6123
10378.178560,172.969643,2.882827,596.7872,599.689,25.0146,30.4093,-9999,-59994.03,-9999,655.8159,682.5867,664.2708,-0.0465,-0.2255,-0.3762,-40.2873,-0.618
10384.588800,173.076480,2.884608,596.5806,599.4709,24.9982,30.4095,-9999,-59994.03,-9999,655.5856,682.3892,664.0721,-0.0467,-0.2281,-0.3824,-41.0231,-0.6244
10390.999040,173.183317,2.886389,596.3777,599.2518,24.9876,30.4097,-9999,-59994.03,-9999,655.3483,682.2089,663.8904,-0.049,-0.231,-0.387,-41.8703,-0.6284
10397.409280,173.290155,2.888169,596.1722,599.0438,25.0058,30.3955,-9999,-59994.03,-9999,655.1275,682.0123,663.7002,-0.0457,-0.2292,-0.3904,-42.0935,-0.6297
10403.819520,173.396992,2.889950,595.9712,598.8482,25.0263,30.3996,-9999,-59994.03,-9999,654.8931,681.83,663.5072,-0.0457,-0.229,-0.3914,-42.277,-0.6306
10410.229760,173.503829,2.891730,595.7642,598.637,25.0157,30.3983,-9999,-59994.03,-9999,654.6547,681.6295,663.3182,-0.0471,-0.2307,-0.3925,-42.4889,-0.6384
10416.640000,173.610667,2.893511,595.5577,598.4156,24.9948,30.3893,-9999,-59994.03,-9999,654.4293,681.4478,663.1315,-0.0456,-0.2298,-0.3922,-42.9698,-0.6453
10423.050240,173.717504,2.895292,595.3557,598.196,24.9966,30.3826,-9999,-59994.03,-9999,654.1978,681.2592,662.9429,-0.0426,-0.2252,-0.3896,-42.6599,-0.6451
10429.460480,173.824341,2.897072,595.1504,597.9948,25.0231,30.3785,-9999,-59994.03,-9999,653.9596,681.058,662.7321,-0.0468,-0.2271,-0.3921,-42.9434,-0.6474
10435.870720,173.931179,2.898853,594.9434,597.7925,25.0254,30.3719,-9999,-59994.03,-9999,653.7272,680.8733,662.5353,-0.0474,-0.2296,-0.397,-43.595,-0.6585
10442.280960,174.038016,2.900634,594.7394,597.5753,25.0005,30.3744,-9999,-59994.03,-9999,653.4951,680.6633,662.3346,-0.0473,-0.2274,-0.3957,-43.84,-0.6665
10448.691200,174.144853,2.902414,594.5332,597.3544,25.0005,30.3813,-9999,-59994.03,-9999,653.2703,680.4619,662.1409,-0.047,-0.227,-0.3926,-43.7145,-0.6653
10455.101440,174.251691,2.904195,594.3248,597.1557,25.0224,30.3719,-9999,-59994.03,-9999,653.034,680.2664,661.9393,-0.045,-0.2254,-0.3902,-43.4632,-0.6612
10461.511680,174.358528,2.905975,594.1196,596.9521,25.0224,30.3606,-9999,-59994.03,-9999,652.7985,680.0632,661.7466,-0.0402,-0.2188,-0.383,-42.6049,-0.6552
10467.921920,174.465365,2.907756,593.9119,596.7271,24.9874,30.3549,-9999,-59994.03,-9999,652.5682,679.8683,661.5347,-0.0403,-0.2199,-0.3817,-42.5253,-0.6517
10474.332160,174.572203,2.909537,593.7059,596.5161,24.9943,30.3512,-9999,-59994.03,-9999,652.3413,679.6832,661.3477,-0.0359,-0.2134,-0.3814,-42.4719,-0.6475
10480.742400,174.679040,2.911317,593.505,596.3197,25.0222,30.3436,-9999,-59994.03,-9999,652.1006,679.4816,661.1411,-0.036,-0.2119,-0.3799,-42.2182,-0.6452
10487.152640,174.785877,2.913098,593.3035,596.1096,24.9943,30.342,-9999,-59994.03,-9999,651.8716,679.2953,660.9496,-0.0428,-0.2185,-0.3834,-42.4717,-0.6469
10493.562880,174.892715,2.914879,593.0931,595.8784,24.9802,30.3363,-9999,-59994.03,-9999,651.652,679.1182,660.7611,-0.0444,-0.2196,-0.3861,-42.6457,-0.6471
10499.973120,174.999552,2.916659,592.8892,595.686,25.016,30.3328,-9999,-59994.03,-9999,651.4301,678.9284,660.5704,-0.0389,-0.2124,-0.3816,-41.9445,-0.6407
10506.383360,175.106389,2.918440,592.6824,595.4833,25.007,30.3241,-9999,-59994.03,-9999,651.1975,678.7313,660.3664,-0.0392,-0.2097,-0.3769,-41.2959,-0.6403
10512.793600,175.213227,2.920220,592.4833,595.2623,24.9779,30.3239,-9999,-59994.03,-9999,650.9628,678.5229,660.1622,-0.0423,-0.2174,-0.3832,-42.0812,-0.6497
10519.203840,175.320064,2.922001,592.2806,595.0477,24.9906,30.3177,-9999,-59994.03,-9999,650.7424,678.348,659.9755,-0.0414,-0.22,-0.3857,-42.3094,-0.6524
10525.614080,175.426901,2.923782,592.0677,594.8558,25.0109,30.3058,-9999,-59994.03,-9999,650.5086,678.1469,659.7707,-0.0383,-0.2148,-0.3805,-41.9537,-0.649
10532.024320,175.533739,2.925562,591.8723,594.6396,24.9788,30.2954,-9999,-59994.03,-9999,650.2904,677.9667,659.5851,-0.0393,-0.2136,-0.3742,-41.2323,-0.643
10538.434560,175.640576,2.927343,591.668,594.4167,24.9793,30.2936,-9999,-59994.03,-9999,650.0579,677.771,659.3838,-0.0418,-0.2127,-0.3708,-40.4619,-0.6343
10544.844800,175.747413,2.929124,591.4656,594.2272,25.0047,30.2849,-9999,-59994.03,-9999,649.8272,677.5812,659.1821,-0.0453,-0.2187,-0.3715,-40.2311,-0.6296
10551.255040,175.854251,2.930904,591.2654,594.0067,24.9661,30.2771,-9999,-59994.03,-9999,649.5932,677.3922,658.9894,-0.0482,-0.2207,-0.3749,-40.395,-0.6316
10557.665280,175.961088,2.932685,591.0594,593.7937,24.9864,30.2709,-9999,-59994.03,-9999,649.3651,677.1891,658.7954,-0.043,-0.2162,-0.3722,-40.3549,-0.6267
10564.075520,176.067925,2.934465,590.8597,593.6055,24.98,30.2757,-9999,-59994.03,-9999,649.1439,676.9906,658.5997,-0.038,-0.2098,-0.3667,-40.0388,-0.622
10570.485760,176.174763,2.936246,590.6569,593.3713,24.9645,30.2541,-9999,-59994.03,-9999,648.9141,676.7902,658.3901,-0.0428,-0.209,-0.3647,-39.7795,-0.6182
10576.896000,176.281600,2.938027,590.4556,593.194,24.989,30.253,-9999,-59994.03,-9999,648.6788,676.5992,658.193,-0.0458,-0.2124,-0.3681,-39.826,-0.6218
10583.306240,176.388437,2.939807,590.249,592.966,24.9495,30.2404,-9999,-59994.03,-9999,648.4539,676.4024,657.9933,-0.0456,-0.2163,-0.3711,-39.6401,-0.6175
10589.716480,176.495275,2.941588,590.0497,592.77,24.9878,30.2342,-9999,-59994.03,-9999,648.2175,676.2078,657.7886,-0.0452,-0.2195,-0.3726,-39.304,-0.6115
10596.126720,176.602112,2.943369,589.8476,592.5638,24.9532,30.2229,-9999,-59994.03,-9999,647.9881,676.0153,657.5953,-0.0442,-0.2205,-0.373,-39.6094,-0.6135
10602.536960,176.708949,2.945149,589.6432,592.3426,24.9535,30.2135,-9999,-59994.03,-9999,647.7621,675.821,657.3983,-0.044,-0.2171,-0.3709,-39.4587,-0.6133
10608.947200,176.815787,2.946930,589.4474,592.155,24.9804,30.2133,-9999,-59994.03,-9999,647.5418,675.6306,657.2138,-0.0451,-0.2177,-0.3687,-39.1453,-0.6137
10615.357440,176.922624,2.948710,589.2401,591.9454,24.95,30.2062,-9999,-59994.03,-9999,647.3198,675.4341,657.008,-0.0445,-0.2164,-0.3654,-39.2776,-0.6149
10621.767680,177.029461,2.950491,589.0405,591.7251,24.9382,30.2018,-9999,-59994.03,-9999,647.1024,675.2321,656.817,-0.0424,-0.2157,-0.3675,-39.964,-0.6194
10628.177920,177.136299,2.952272,588.8434,591.5317,24.9666,30.1866,-9999,-59994.03,-9999,646.8744,675.0198,656.6089,-0.0455,-0.2179,-0.3714,-40.7347,-0.6245
10634.588160,177.243136,2.954052,588.6415,591.3339,24.9523,30.1844,-9999,-59994.03,-9999,646.6533,674.8353,656.4124,-0.0491,-0.2172,-0.3708,-40.8306,-0.6279
10640.998400,177.349973,2.955833,588.4413,591.1091,24.9322,30.1756,-9999,-59994.03,-9999,646.4273,674.6306,656.2123,-0.051,-0.2192,-0.3745,-41.1194,-0.6318
10647.408640,177.456811,2.957614,588.2433,590.924,24.9698,30.172,-9999,-59994.03,-9999,646.2022,674.4332,656.019,-0.0494,-0.2186,-0.3734,-41.1357,-0.6327
10653.818880,177.563648,2.959394,588.0504,590.7195,24.9369,30.1589,-9999,-59994.03,-9999,645.9785,674.2398,655.8254,-0.0445,-0.2166,-0.3753,-41.0389,-0.6336
10660.229120,177.670485,2.961175,587.8483,590.5026,24.9394,30.1435,-9999,-59994.03,-9999,645.7558,674.03,655.6249,-0.0417,-0.218,-0.3758,-41.2579,-0.6381
10666.639360,177.777323,2.962955,587.6521,590.3191,24.9592,30.1352,-9999,-59994.03,-9999,645.5298,673.8221,655.4198,-0.0452,-0.2256,-0.3874,-42.4965,-0.6505
10673.049600,177.884160,2.964736,587.4482,590.0966,24.9244,30.1279,-9999,-59994.03,-9999,645.2914,673.6128,655.2103,-0.0458,-0.2279,-0.3943,-43.3293,-0.6609
10679.459840,177.990997,2.966517,587.2516,589.9023,24.9544,30.1203,-9999,-59994.03,-9999,645.074,673.4272,655.0173,-0.0455,-0.2284,-0.3967,-43.8716,-0.6686
10685.870080,178.097835,2.968297,587.0512,589.704,24.9311,30.1127,-9999,-59994.03,-9999,644.858,673.2234,654.8241,-0.0476,-0.2288,-0.3962,-43.9725,-0.6735
10692.280320,178.204672,2.970078,586.8524,589.4789,24.9219,30.0932,-9999,-59994.03,-9999,644.6251,673.0229,654.6172,-0.0516,-0.2366,-0.4019,-44.596,-0.6794
10698.690560,178.311509,2.971858,586.6492,589.2967,24.9484,30.0822,-9999,-59994.03,-9999,644.3873,672.8144,654.4152,-0.0552,-0.2477,-0.4125,-45.5302,-0.6829
10705.100800,178.418347,2.973639,586.4529,589.085,24.9119,30.0838,-9999,-59994.03,-9999,644.1592,672.6255,654.2133,-0.0568,-0.2532,-0.4235,-46.3491,-0.682
10711.511040,178.525184,2.975420,586.2522,588.8705,24.9235,30.076,-9999,-59994.03,-9999,643.9304,672.4408,654.0227,-0.0547,-0.2525,-0.4226,-46.295,-0.6788
10717.921280,178.632021,2.977200,586.0547,588.6807,24.9382,30.0684,-9999,-59994.03,-9999,643.7079,672.2466,653.8229,-0.051,-0.2474,-0.4201,-46.389,-0.6807
10724.331520,178.738859,2.978981,585.8546,588.4737,24.9126,30.0574,-9999,-59994.03,-9999,643.4838,672.0322,653.6205,-0.047,-0.2396,-0.4141,-46.3084,-0.6844
10730.741760,178.845696,2.980762,585.6555,588.2519,24.8997,30.0544,-9999,-59994.03,-9999,643.2561,671.8387,653.421,-0.049,-0.2369,-0.4141,-46.4884,-0.6922
10737.152000,178.952533,2.982542,585.4633,588.0718,24.9327,30.0439,-9999,-59994.03,-9999,643.0378,671.6638,653.2292,-0.0461,-0.2364,-0.4133,-46.3906,-0.6947
10743.562240,179.059371,2.984323,585.2645,587.8555,24.8937,30.0379,-9999,-59994.03,-9999,642.8075,671.4406,653.0195,-0.0476,-0.2399,-0.4149,-45.9988,-0.6926
10749.972480,179.166208,2.986103,585.0665,587.6602,24.9256,30.0312,-9999,-59994.03,-9999,642.5872,671.259,652.8279,-0.0483,-0.2401,-0.4124,-45.5444,-0.688
10756.382720,179.273045,2.987884,584.8675,587.4502,24.8896,30.0374,-9999,-59994.03,-9999,642.3605,671.0591,652.6229,-0.0462,-0.2381,-0.41,-45.4496,-0.6871
10762.792960,179.379883,2.989665,584.6689,587.2468,24.9108,30.0356,-9999,-59994.03,-9999,642.1395,670.8548,652.424,-0.0485,-0.2385,-0.4098,-45.4997,-0.6858
10769.203200,179.486720,2.991445,584.4764,587.0571,24.9006,30.0328,-9999,-59994.03,-9999,641.9161,670.6628,652.2202,-0.0493,-0.239,-0.4065,-44.8313,-0.6806
10775.613440,179.593557,2.993226,584.2776,586.8307,24.8801,30.0285,-9999,-59994.03,-9999,641.6891,670.4523,652.029,-0.0435,-0.2292,-0.3967,-43.7575,-0.6735
10782.023680,179.700395,2.995007,584.0817,586.6498,24.9078,30.0377,-9999,-59994.03,-9999,641.4609,670.2671,651.8348,-0.0378,-0.22,-0.3862,-42.9332,-0.6654
10788.433920,179.807232,2.996787,583.8812,586.4512,24.8972,30.0418,-9999,-59994.03,-9999,641.2305,670.0619,651.6386,-0.0379,-0.2161,-0.3787,-42.2359,-0.6556
10794.844160,179.914069,2.998568,583.6905,586.2417,24.8695,30.045,-9999,-59994.03,-9999,641.0243,669.8729,651.444,-0.041,-0.2165,-0.3764,-42.1039,-0.6565
10801.254400,180.020907,3.000348,583.4915,586.0354,24.8736,30.0372,-9999,-59994.03,-9999,640.7968,669.6639,651.2372,-0.047,-0.2217,-0.3802,-42.4103,-0.6573
10807.664640,180.127744,3.002129,583.2973,585.8463,24.8993,30.0365,-9999,-59994.03,-9999,640.5734,669.4597,651.0375,-0.0474,-0.2202,-0.3778,-42.2567,-0.6536
10814.074880,180.234581,3.003910,583.1016,585.6564,24.9011,30.0312,-9999,-59994.03,-9999,640.3564,669.272,650.8528,-0.0504,-0.2204,-0.3781,-42.2874,-0.6554
10820.485120,180.341419,3.005690,582.9041,585.4379,24.8753,30.0262,-9999,-59994.03,-9999,640.134,669.0752,650.6536,-0.0457,-0.2179,-0.3768,-42.0531,-0.6519
10826.895360,180.448256,3.007471,582.7056,585.2146,24.8552,30.0172,-9999,-59994.03,-9999,639.912,668.8612,650.4462,-0.0424,-0.2181,-0.3767,-41.6282,-0.6486
10833.305600,180.555093,3.009252,582.5103,585.0132,24.8647,30.0159,-9999,-59994.03,-9999,639.6959,668.6556,650.2482,-0.0432,-0.2203,-0.3772,-41.5829,-0.6448
10839.715840,180.661931,3.011032,582.3115,584.8227,24.8856,30.017,-9999,-59994.03,-9999,639.4807,668.4664,650.0527,-0.0472,-0.2264,-0.3835,-41.6268,-0.6429
10846.126080,180.768768,3.012813,582.116,584.6285,24.8845,30.0083,-9999,-59994.03,-9999,639.2469,668.2423,649.8429,-0.0453,-0.227,-0.3812,-41.3086,-0.6394
10852.536320,180.875605,3.014593,581.9254,584.4286,24.8612,30.0067,-9999,-59994.03,-9999,638.961,668.0374,649.6446,-0.0381,-0.2191,-0.3773,-40.9872,-0.6333
10858.946560,180.982443,3.016374,581.7277,584.2147,24.8404,29.9986,-9999,-59994.03,-9999,638.7401,667.8369,649.448,-0.0371,-0.2139,-0.3722,-40.4727,-0.6263
10865.356800,181.089280,3.018155,581.539,584.0175,24.8538,29.9975,-9999,-59994.03,-9999,638.5197,667.6396,649.2526,-0.0363,-0.2088,-0.3656,-39.6489,-0.6185
10871.767040,181.196117,3.019935,581.3416,583.8263,24.8739,29.9872,-9999,-59994.03,-9999,638.2969,667.4303,649.0518,-0.0381,-0.2059,-0.3584,-39.0019,-0.6121
10878.177280,181.302955,3.021716,581.1448,583.6332,24.8672,29.9821,-9999,-59994.03,-9999,638.0767,667.2299,648.8584,-0.0372,-0.2017,-0.3507,-38.2123,-0.6047
10884.587520,181.409792,3.023497,580.9528,583.4218,24.8384,29.9773,-9999,-59994.03,-9999,637.8523,667.0301,648.663,-0.038,-0.1984,-0.347,-37.9643,-0.5996
10890.997760,181.516629,3.025277,580.7578,583.2153,24.8356,29.9699,-9999,-59994.03,-9999,637.6346,666.8237,648.4675,-0.0369,-0.1975,-0.3472,-37.4837,-0.5923
10897.408000,181.623467,3.027058,580.5649,583.0222,24.8538,29.9564,-9999,-59994.03,-9999,637.4161,666.6157,648.2783,-0.0317,-0.1927,-0.3431,-37.1698,-0.5859
10903.818240,181.730304,3.028838,580.3696,582.8387,24.8642,29.9484,-9999,-59994.03,-9999,637.1982,666.4105,648.0849,-0.0279,-0.1863,-0.3378,-36.5273,-0.5763
10910.228480,181.837141,3.030619,580.1759,582.6369,24.8414,29.9337,-9999,-59994.03,-9999,636.9701,666.1942,647.867,-0.0268,-0.1821,-0.3301,-35.2521,-0.5658
10916.638720,181.943979,3.032400,579.9864,582.4285,24.8224,29.9373,-9999,-59994.03,-9999,636.7465,665.994,647.6716,-0.0305,-0.1805,-0.3255,-34.8746,-0.5636
10923.048960,182.050816,3.034180,579.7892,582.2282,24.8298,29.9307,-9999,-59994.03,-9999,636.528,665.7798,647.4694,-0.0323,-0.1788,-0.3185,-34.4986,-0.557
10929.459200,182.157653,3.035961,579.5946,582.0413,24.8504,29.9266,-9999,-59994.03,-9999,636.304,665.5844,647.2753,-0.0269,-0.1707,-0.3072,-33.4171,-0.5463
10935.869440,182.264491,3.037742,579.4017,581.8444,24.834,29.9185,-9999,-59994.03,-9999,636.0851,665.3899,647.0811,-0.0234,-0.1663,-0.3043,-32.7018,-0.5375
10942.279680,182.371328,3.039522,579.21,581.6315,24.8026,29.9192,-9999,-59994.03,-9999,635.8611,665.1734,646.8787,-0.0225,-0.1656,-0.3035,-32.19,-0.5292
10948.689920,182.478165,3.041303,579.0113,581.4277,24.8114,29.9171,-9999,-59994.03,-9999,635.6436,664.9664,646.6826,-0.0224,-0.1654,-0.3037,-32.2021,-0.5288
10955.100160,182.585003,3.043083,578.8243,581.2464,24.836,29.9174,-9999,-59994.03,-9999,635.414,664.7603,646.4828,-0.0256,-0.1654,-0.3021,-32.0766,-0.5259
10961.510400,182.691840,3.044864,578.6256,581.0468,24.8132,29.9061,-9999,-59994.03,-9999,635.1843,664.5555,646.2769,-0.0305,-0.1688,-0.2993,-31.4087,-0.5165
10967.920640,182.798677,3.046645,578.3716,580.7748,24.7264,29.847,-9999,-59994.03,-9999,634.969,664.3658,646.0869,-0.0291,-0.1699,-0.2972,-30.6621,-0.5097
10974.330880,182.905515,3.048425,578.1803,580.5811,24.7529,29.8475,-9999,-59994.03,-9999,634.7478,664.1518,645.895,-0.029,-0.1715,-0.2974,-30.5794,-0.5063
10980.741120,183.012352,3.050206,577.989,580.3967,24.7485,29.842,-9999,-59994.03,-9999,634.5258,663.9318,645.6856,-0.0273,-0.1709,-0.2992,-30.5629,-0.503
10987.151360,183.119189,3.051986,577.7916,580.1729,24.7128,29.8307,-9999,-59994.03,-9999,634.3039,663.7314,645.4988,-0.0248,-0.1626,-0.2919,-29.4726,-0.4893
10993.561600,183.226027,3.053767,577.6016,579.9955,24.7552,29.8346,-9999,-59994.03,-9999,634.0887,663.5164,645.291,-0.0217,-0.1551,-0.2828,-28.7652,-0.4818
10999.971840,183.332864,3.055548,577.4102,579.7876,24.7112,29.8314,-9999,-59994.03,-9999,633.8708,663.3085,645.0972,-0.0224,-0.1571,-0.2848,-29.1024,-0.4826
11006.382080,183.439701,3.057328,577.2215,579.6013,24.7478,29.8333,-9999,-59994.03,-9999,633.6541,663.0934,644.8973,-0.0226,-0.157,-0.2845,-29.2758,-0.4833
11012.792320,183.546539,3.059109,577.0282,579.3962,24.7086,29.8179,-9999,-59994.03,-9999,633.4353,662.8752,644.7022,-0.0223,-0.1552,-0.2806,-28.6371,-0.4805
11019.202560,183.653376,3.060890,576.8341,579.2039,24.7388,29.8066,-9999,-59994.03,-9999,633.2135,662.6683,644.4941,-0.0221,-0.151,-0.274,-28.0223,-0.4778
11025.612800,183.760213,3.062670,576.6432,579.0075,24.707,29.8085,-9999,-59994.03,-9999,633.001,662.4736,644.3164,-0.0258,-0.1569,-0.2761,-28.254,-0.4812
11032.023040,183.867051,3.064451,576.4511,578.7999,24.7142,29.8016,-9999,-59994.03,-9999,632.7849,662.2777,644.1185,-0.0278,-0.1629,-0.2792,-28.763,-0.4897
11038.433280,183.973888,3.066231,576.2596,578.6288,24.7255,29.7931,-9999,-59994.03,-9999,632.5642,662.0611,643.9213,-0.0296,-0.1663,-0.2791,-28.6378,-0.4862
11044.843520,184.080725,3.068012,576.071,578.4138,24.6929,29.7928,-9999,-59994.03,-9999,632.3407,661.8575,643.7235,-0.0306,-0.1676,-0.2834,-28.6029,-0.4833
11051.253760,184.187563,3.069793,575.8839,578.2255,24.7245,29.7825,-9999,-59994.03,-9999,632.1253,661.6677,643.538,-0.0308,-0.1708,-0.2884,-28.8124,-0.4851
11057.664000,184.294400,3.071573,575.6948,578.0443,24.7208,29.7745,-9999,-59994.03,-9999,631.9006,661.4568,643.3308,-0.0288,-0.1716,-0.2918,-29.3745,-0.4893
11064.074240,184.401237,3.073354,575.5035,577.8301,24.6853,29.7655,-9999,-59994.03,-9999,631.6787,661.2588,643.1316,-0.0273,-0.1695,-0.2909,-29.3819,-0.4881
11070.484480,184.508075,3.075135,575.3116,577.6381,24.7077,29.7664,-9999,-59994.03,-9999,631.4561,661.0537,642.9385,-0.0248,-0.1659,-0.2898,-29.0365,-0.4814
11076.894720,184.614912,3.076915,575.1267,577.4571,24.7243,29.7529,-9999,-59994.03,-9999,631.231,660.8561,642.7418,-0.0234,-0.164,-0.29,-28.9477,-0.4784
11083.304960,184.721749,3.078696,574.9315,577.2455,24.6872,29.7446,-9999,-59994.03,-9999,631.0032,660.6455,642.5405,-0.0224,-0.1653,-0.2907,-29.4074,-0.4829
11089.715200,184.828587,3.080476,574.739,577.0361,24.6874,29.7511,-9999,-59994.03,-9999,630.7838,660.4423,642.3336,-0.0233,-0.1621,-0.2898,-29.6379,-0.487
11096.125440,184.935424,3.082257,574.5514,576.8549,24.719,29.7483,-9999,-59994.03,-9999,630.5601,660.2343,642.1327,-0.0241,-0.1607,-0.2872,-29.4241,-0.4856
11102.535680,185.042261,3.084038,574.3542,576.6603,24.6915,29.7414,-9999,-59994.03,-9999,630.3307,660.0291,641.9291,-0.0238,-0.1603,-0.2867,-29.6736,-0.485
11108.945920,185.149099,3.085818,574.163,576.4478,24.6731,29.7458,-9999,-59994.03,-9999,630.1038,659.7638,641.6662,-0.0261,-0.1623,-0.2906,-30.0931,-0.4875
11115.356160,185.255936,3.087599,573.9696,576.2587,24.7063,29.7469,-9999,-59994.03,-9999,629.8708,659.5358,641.4523,-0.0244,-0.1591,-0.2905,-29.9525,-0.4867
11121.766400,185.362773,3.089380,573.775,576.0686,24.7052,29.7472,-9999,-59994.03,-9999,629.6412,659.3414,641.261,-0.0194,-0.1556,-0.2916,-29.9856,-0.4869
11128.176640,185.469611,3.091160,573.5803,575.86,24.6772,29.7545,-9999,-59994.03,-9999,629.4338,659.1306,641.0689,-0.0195,-0.1547,-0.2905,-30.068,-0.4872
11134.586880,185.576448,3.092941,573.3884,575.6559,24.6793,29.7598,-9999,-59994.03,-9999,629.2192,658.9194,640.8757,-0.0246,-0.1582,-0.2911,-29.8937,-0.4853
11140.997120,185.683285,3.094721,573.1978,575.4762,24.7107,29.7664,-9999,-59994.03,-9999,628.9988,658.7067,640.6732,-0.0262,-0.1632,-0.2907,-29.7747,-0.4865
11147.407360,185.790123,3.096502,573.0092,575.2911,24.7079,29.774,-9999,-59994.03,-9999,628.7859,658.4955,640.4816,-0.0233,-0.1585,-0.2875,-29.7914,-0.4911
11153.817600,185.896960,3.098283,572.8204,575.0847,24.6828,29.7848,-9999,-59994.03,-9999,628.5792,658.2985,640.2958,-0.0197,-0.1545,-0.2851,-29.8765,-0.4936
11160.227840,186.003797,3.100063,572.639,574.8985,24.7137,29.7981,-9999,-59994.03,-9999,628.3565,658.103,640.0943,-0.0209,-0.1558,-0.2844,-29.8401,-0.4954
11166.638080,186.110635,3.101844,572.4504,574.7275,24.7303,29.8018,-9999,-59994.03,-9999,628.1324,657.8956,639.898,-0.0256,-0.1581,-0.2846,-30.0562,-0.4959
11173.048320,186.217472,3.103625,572.2628,574.5219,24.7005,29.8073,-9999,-59994.03,-9999,627.9152,657.6899,639.6967,-0.0239,-0.1574,-0.2821,-29.9622,-0.5004
11179.458560,186.324309,3.105405,572.0786,574.3221,24.7116,29.8147,-9999,-59994.03,-9999,627.696,657.4955,639.5033,-0.0281,-0.1623,-0.2858,-30.4058,-0.5058
11185.868800,186.431147,3.107186,571.8832,574.1455,24.737,29.8218,-9999,-59994.03,-9999,627.4704,657.2822,639.3055,-0.0332,-0.1695,-0.2911,-30.6264,-0.5071
11192.279040,186.537984,3.108966,571.6973,573.9446,24.7086,29.8333,-9999,-59994.03,-9999,627.2494,657.0702,639.1082,-0.0356,-0.1731,-0.2967,-30.7036,-0.5078
11198.689280,186.644821,3.110747,571.5082,573.7372,24.7123,29.8344,-9999,-59994.03,-9999,627.0338,656.8688,638.9093,-0.0345,-0.176,-0.2971,-30.6519,-0.506
11205.099520,186.751659,3.112528,571.3207,573.5613,24.7437,29.8392,-9999,-59994.03,-9999,626.8187,656.666,638.7223,-0.0327,-0.1776,-0.3029,-31.2471,-0.512
11211.509760,186.858496,3.114308,571.1293,573.374,24.7375,29.8512,-9999,-59994.03,-9999,626.5952,656.4556,638.5155,-0.0332,-0.183,-0.308,-31.4734,-0.5161
11217.920000,186.965333,3.116089,570.9407,573.1652,24.7114,29.8613,-9999,-59994.03,-9999,626.3764,656.2427,638.3083,-0.032,-0.1833,-0.3062,-31.391,-0.514
11224.330240,187.072171,3.117870,570.7484,572.9697,24.7294,29.862,-9999,-59994.03,-9999,626.1506,656.0294,638.1019,-0.0293,-0.18,-0.3035,-31.1907,-0.5121
11230.740480,187.179008,3.119650,570.5602,572.7946,24.7566,29.862,-9999,-59994.03,-9999,625.9304,655.824,637.9077,-0.0253,-0.172,-0.2999,-30.9056,-0.5076
11237.150720,187.285845,3.121431,570.3696,572.5933,24.7227,29.8606,-9999,-59994.03,-9999,625.7189,655.613,637.7172,-0.0246,-0.1683,-0.2968,-30.6621,-0.5051
11243.560960,187.392683,3.123211,570.1784,572.3867,24.7296,29.8677,-9999,-59994.03,-9999,625.4944,655.4017,637.5052,-0.0278,-0.1677,-0.2941,-30.5208,-0.5036
11249.971200,187.499520,3.124992,569.9929,572.2211,24.755,29.8528,-9999,-59994.03,-9999,625.2771,655.1888,637.309,-0.0324,-0.1736,-0.3029,-31.0957,-0.5088
11256.381440,187.606357,3.126773,569.8027,572.0078,24.7204,29.8592,-9999,-59994.03,-9999,625.0597,654.9753,637.113,-0.0345,-0.1766,-0.3075,-31.391,-0.5085
11262.791680,187.713195,3.128553,569.6118,571.8126,24.7411,29.856,-9999,-59994.03,-9999,624.8436,654.7711,636.9175,-0.0341,-0.1804,-0.3095,-31.9484,-0.5105
11269.201920,187.820032,3.130334,569.4244,571.6406,24.7603,29.8592,-9999,-59994.03,-9999,624.6251,654.5703,636.7189,-0.033,-0.1827,-0.3129,-32.3648,-0.5181
11275.612160,187.926869,3.132114,569.2348,571.4299,24.7245,29.8551,-9999,-59994.03,-9999,624.397,654.3526,636.5261,-0.0314,-0.1786,-0.3133,-32.3719,-0.5177
11282.022400,188.033707,3.133895,569.0486,571.2462,24.761,29.859,-9999,-59994.03,-9999,624.1775,654.1447,636.3235,-0.0299,-0.1768,-0.3131,-32.452,-0.5194
11288.432640,188.140544,3.135676,568.8605,571.0671,24.7481,29.856,-9999,-59994.03,-9999,623.9559,653.9281,636.1203,-0.0344,-0.1841,-0.3194,-33.0332,-0.5234
11294.842880,188.247381,3.137456,568.6716,570.8532,24.7308,29.8569,-9999,-59994.03,-9999,623.7346,653.7028,635.9152,-0.0378,-0.19,-0.3247,-33.6228,-0.529
11301.253120,188.354219,3.139237,568.4903,570.6865,24.7681,29.8555,-9999,-59994.03,-9999,623.5223,653.4827,635.7249,-0.0367,-0.1905,-0.3272,-33.6488,-0.5284
11307.663360,188.461056,3.141018,568.2949,570.4929,24.7465,29.848,-9999,-59994.03,-9999,623.3048,653.2631,635.5239,-0.0332,-0.1876,-0.3285,-33.9511,-0.5318
11314.073600,188.567893,3.142798,568.1094,570.2866,24.7342,29.8528,-9999,-59994.03,-9999,623.0931,653.0457,635.326,-0.036,-0.1908,-0.3354,-34.928,-0.5422
11320.483840,188.674731,3.144579,567.9239,570.1161,24.77,29.8434,-9999,-59994.03,-9999,622.8727,652.8347,635.1321,-0.0375,-0.1966,-0.3395,-35.3054,-0.5479
11326.894080,188.781568,3.146359,567.734,569.9207,24.7471,29.8314,-9999,-59994.03,-9999,622.6574,652.6207,634.9268,-0.0408,-0.1998,-0.3441,-35.8941,-0.5582
11333.304320,188.888405,3.148140,567.5485,569.7151,24.7331,29.8287,-9999,-59994.03,-9999,622.4364,652.3962,634.7148,-0.042,-0.2037,-0.3497,-36.751,-0.5696
11339.714560,188.995243,3.149921,567.3615,569.5411,24.7674,29.8362,-9999,-59994.03,-9999,622.2307,652.1919,634.5173,-0.0435,-0.2087,-0.3523,-37.0859,-0.5734
11346.124800,189.102080,3.151701,567.1755,569.3547,24.7497,29.8305,-9999,-59994.03,-9999,622.0172,651.965,634.3252,-0.0441,-0.2115,-0.3548,-37.418,-0.5797
11352.535040,189.208917,3.153482,566.9893,569.1476,24.7273,29.8307,-9999,-59994.03,-9999,621.8128,651.7505,634.1368,-0.046,-0.2161,-0.3594,-37.8602,-0.5865
11358.945280,189.315755,3.155263,566.8005,568.9594,24.7492,29.8188,-9999,-59994.03,-9999,621.6023,651.5344,633.9438,-0.0468,-0.2176,-0.3632,-38.3548,-0.5918
11365.355520,189.422592,3.157043,566.6113,568.785,24.7677,29.8147,-9999,-59994.03,-9999,621.3821,651.315,633.7393,-0.0429,-0.2155,-0.3654,-38.6677,-0.5947
11371.765760,189.529429,3.158824,566.4245,568.5884,24.7418,29.8071,-9999,-59994.03,-9999,621.164,651.1001,633.5358,-0.0415,-0.2173,-0.3725,-39.2034,-0.6048
11378.176000,189.636267,3.160604,566.2335,568.3757,24.7245,29.7951,-9999,-59994.03,-9999,620.9566,650.8835,633.3392,-0.0436,-0.2209,-0.3747,-39.2466,-0.6088
11384.586240,189.743104,3.162385,566.0497,568.199,24.749,29.8002,-9999,-59994.03,-9999,620.7356,650.6701,633.1383,-0.0399,-0.2158,-0.3686,-38.9315,-0.6072
11390.996480,189.849941,3.164166,565.8633,568.0163,24.7614,29.794,-9999,-59994.03,-9999,620.5192,650.4689,632.9434,-0.0376,-0.2083,-0.3655,-39.2719,-0.611
11397.406720,189.956779,3.165946,565.6744,567.8279,24.7471,29.7951,-9999,-59994.03,-9999,620.2945,650.2481,632.7435,-0.0392,-0.2087,-0.3645,-39.6772,-0.6129
11403.816960,190.063616,3.167727,565.4924,567.6276,24.7222,29.7841,-9999,-59994.03,-9999,620.0913,650.0975,632.6078,-0.0423,-0.2122,-0.3649,-39.3817,-0.6075
11410.227200,190.170453,3.169508,565.3073,567.4403,24.7347,29.7853,-9999,-59994.03,-9999,619.8769,649.8906,632.418,-0.035,-0.2044,-0.3562,-38.2624,-0.5982
11416.637440,190.277291,3.171288,565.1769,567.3175,24.8155,29.8533,-9999,-59994.03,-9999,619.6715,649.6894,632.2267,-0.0324,-0.1949,-0.3448,-37.9719,-0.5968
11423.047680,190.384128,3.173069,564.9931,567.1355,24.8151,29.8446,-9999,-59994.03,-9999,619.4648,649.4677,632.032,-0.0314,-0.1857,-0.3395,-37.3911,-0.5923
11429.457920,190.490965,3.174849,564.8082,566.936,24.7862,29.8338,-9999,-59994.03,-9999,619.2603,649.1931,631.7783,-0.0325,-0.1841,-0.3347,-36.5023,-0.5865
11435.868160,190.597803,3.176630,564.621,566.7372,24.7798,29.8262,-9999,-59994.03,-9999,619.0574,648.9789,631.5853,-0.0353,-0.1892,-0.3354,-36.4101,-0.5811
11442.278400,190.704640,3.178411,564.3771,566.5009,24.7409,29.7513,-9999,-59994.03,-9999,618.838,648.8237,631.4443,-0.038,-0.1956,-0.3422,-36.5627,-0.578
11448.688640,190.811477,3.180191,564.194,566.3276,24.7534,29.7451,-9999,-59994.03,-9999,618.6192,648.5988,631.2402,-0.0358,-0.199,-0.3434,-36.46,-0.5739
11455.098880,190.918315,3.181972,564.071,566.1885,24.7837,29.8044,-9999,-59994.03,-9999,618.4009,648.3745,631.0323,-0.0333,-0.1947,-0.3382,-36.1378,-0.5678
11461.509120,191.025152,3.183753,563.8843,565.9908,24.7781,29.8088,-9999,-59994.03,-9999,618.189,648.1601,630.8345,-0.0336,-0.1921,-0.3365,-36.2902,-0.5666
11467.919360,191.131989,3.185533,563.697,565.8079,24.7984,29.8078,-9999,-59994.03,-9999,617.9886,647.9478,630.6488,-0.0315,-0.1886,-0.333,-35.8489,-0.5633
11474.329600,191.238827,3.187314,563.5139,565.6346,24.8077,29.7897,-9999,-59994.03,-9999,617.7758,647.7338,630.4398,-0.0281,-0.1808,-0.3231,-35.0867,-0.5572
11480.739840,191.345664,3.189094,563.3273,565.4294,24.7724,29.7833,-9999,-59994.03,-9999,617.5657,647.5201,630.2482,-0.0278,-0.1732,-0.3172,-34.4644,-0.5514
11487.150080,191.452501,3.190875,563.1436,565.2368,24.7758,29.7801,-9999,-59994.03,-9999,617.354,647.2948,630.0369,-0.026,-0.1709,-0.3108,-33.9001,-0.5496
11493.560320,191.559339,3.192656,562.8991,565.0023,24.7411,29.7159,-9999,-59994.03,-9999,617.1428,647.0891,629.8501,-0.0277,-0.1676,-0.3075,-33.6044,-0.5458
11499.970560,191.666176,3.194436,562.7178,564.8161,24.7211,29.7139,-9999,-59994.03,-9999,616.9313,646.8796,629.6493,-0.0317,-0.1682,-0.3076,-33.3793,-0.5411
11506.380800,191.773013,3.196217,562.5917,564.6728,24.768,29.7739,-9999,-59994.03,-9999,616.722,646.6948,629.4683,-0.0333,-0.1706,-0.3074,-33.345,-0.5363
11512.791040,191.879851,3.197998,562.4114,564.4958,24.8001,29.7649,-9999,-59994.03,-9999,616.5095,646.4799,629.2727,-0.0328,-0.1695,-0.3046,-32.8112,-0.5316
11519.201280,191.986688,3.199778,562.2271,564.3175,24.7881,29.7617,-9999,-59994.03,-9999,616.2938,646.2629,629.066,-0.0308,-0.1699,-0.3041,-32.5549,-0.5273
11525.611520,192.093525,3.201559,562.0461,564.115,24.7625,29.7635,-9999,-59994.03,-9999,616.0809,646.0418,628.863,-0.0318,-0.1723,-0.3039,-32.0348,-0.523
11532.021760,192.200363,3.203339,561.864,563.9395,24.7892,29.7603,-9999,-59994.03,-9999,615.8661,645.8253,628.6675,-0.0307,-0.17,-0.3026,-31.7923,-0.5211
11538.432000,192.307200,3.205120,561.6778,563.7648,24.7844,29.758,-9999,-59994.03,-9999,615.653,645.6097,628.4608,-0.0334,-0.1703,-0.3023,-32.0292,-0.5208
11544.842240,192.414037,3.206901,561.4927,563.5569,24.7518,29.761,-9999,-59994.03,-9999,615.4413,645.4067,628.2723,-0.0332,-0.1711,-0.3035,-32.1206,-0.5196
11551.252480,192.520875,3.208681,561.3107,563.3704,24.768,29.7624,-9999,-59994.03,-9999,615.2365,645.1848,628.0726,-0.0324,-0.1706,-0.3023,-32.2188,-0.5217
11557.662720,192.627712,3.210462,561.1273,563.2028,24.7931,29.7746,-9999,-59994.03,-9999,615.0301,644.9729,627.887,-0.0301,-0.1678,-0.3003,-31.7606,-0.5199
11564.072960,192.734549,3.212242,560.9442,563.0129,24.7738,29.767,-9999,-59994.03,-9999,614.822,644.7778,627.6967,-0.0262,-0.1613,-0.2955,-31.1881,-0.5153
11570.483200,192.841387,3.214023,560.7587,562.8093,24.7482,29.7599,-9999,-59994.03,-9999,614.6141,644.5618,627.4944,-0.0256,-0.1592,-0.2904,-30.5699,-0.5103
11576.893440,192.948224,3.215804,560.5791,562.6203,24.7539,29.7564,-9999,-59994.03,-9999,614.4064,644.3502,627.3051,-0.0254,-0.1566,-0.2827,-29.5836,-0.5012
11583.303680,193.055061,3.217584,560.3881,562.4508,24.774,29.7472,-9999,-59994.03,-9999,614.1974,644.1356,627.1077,-0.0245,-0.1558,-0.2793,-28.9591,-0.4971
11589.713920,193.161899,3.219365,560.2059,562.264,24.7585,29.7484,-9999,-59994.03,-9999,613.9939,643.9335,626.9188,-0.0291,-0.1598,-0.281,-28.8646,-0.4956
11596.124160,193.268736,3.221146,560.0281,562.0634,24.7389,29.7422,-9999,-59994.03,-9999,613.7798,643.7224,626.7147,-0.0333,-0.1649,-0.281,-28.6997,-0.4904
11602.534400,193.375573,3.222926,559.8439,561.8762,24.7389,29.738,-9999,-59994.03,-9999,613.5759,643.4973,626.5166,-0.0352,-0.1696,-0.2828,-28.8828,-0.4905
11608.944640,193.482411,3.224707,559.6038,561.6461,24.7031,29.6698,-9999,-59994.03,-9999,613.3679,643.2827,626.3203,-0.0331,-0.1668,-0.2832,-28.9343,-0.4882
11615.354880,193.589248,3.226487,559.4212,561.4709,24.7019,29.6537,-9999,-59994.03,-9999,613.1543,643.0707,626.1165,-0.0273,-0.165,-0.2829,-28.8596,-0.4857
11621.765120,193.696085,3.228268,559.2339,561.2756,24.677,29.645,-9999,-59994.03,-9999,612.9501,642.8687,625.9296,-0.0273,-0.1682,-0.2888,-29.358,-0.4872
11628.175360,193.802923,3.230049,559.0515,561.075,24.6618,29.6395,-9999,-59994.03,-9999,612.7476,642.6564,625.7293,-0.0261,-0.1694,-0.2932,-29.4787,-0.4894
11634.585600,193.909760,3.231829,558.929,560.9592,24.7512,29.6969,-9999,-59994.03,-9999,612.5349,642.4361,625.5356,-0.0246,-0.1652,-0.2925,-29.161,-0.4873
11640.995840,194.016597,3.233610,558.7459,560.7858,24.759,29.688,-9999,-59994.03,-9999,612.3205,642.2266,625.334,-0.0243,-0.1642,-0.2916,-29.0082,-0.484
11647.406080,194.123435,3.235391,558.5056,560.5338,24.668,29.6199,-9999,-59994.03,-9999,612.1085,642.0164,625.1382,-0.0267,-0.1663,-0.295,-29.0935,-0.4808
11653.816320,194.230272,3.237171,558.3269,560.3357,24.6505,29.6126,-9999,-59994.03,-9999,611.9013,641.8284,624.9542,-0.0279,-0.1685,-0.3004,-29.4964,-0.4781
11660.226560,194.337109,3.238952,558.144,560.1522,24.6687,29.6124,-9999,-59994.03,-9999,611.7011,641.618,624.779,-0.0285,-0.1675,-0.2968,-29.2836,-0.4793
11666.636800,194.443947,3.240732,557.9636,559.9807,24.6892,29.605,-9999,-59994.03,-9999,611.497,641.4074,624.5754,-0.0281,-0.1665,-0.2966,-29.9476,-0.4859
11673.047040,194.550784,3.242513,557.7809,559.7967,24.6722,29.596,-9999,-59994.03,-9999,611.2923,641.2027,624.3877,-0.0303,-0.1691,-0.299,-30.3626,-0.4869
11679.457280,194.657621,3.244294,557.6053,559.5986,24.6449,29.5889,-9999,-59994.03,-9999,611.0897,640.9895,624.1936,-0.0278,-0.1658,-0.2995,-31.0277,-0.4951
11685.867520,194.764459,3.246074,557.4216,559.4072,24.6509,29.5797,-9999,-59994.03,-9999,610.8773,640.7725,623.9943,-0.0266,-0.1654,-0.2999,-31.4502,-0.5009
11692.277760,194.871296,3.247855,557.2479,559.2418,24.6779,29.5772,-9999,-59994.03,-9999,610.6706,640.5513,623.8028,-0.0283,-0.168,-0.3024,-31.5816,-0.5023
11698.688000,194.978133,3.249636,557.06,559.0616,24.6659,29.566,-9999,-59994.03,-9999,610.4622,640.3291,623.603,-0.0293,-0.1729,-0.3018,-31.3926,-0.5016
11705.098240,195.084971,3.251416,556.8798,558.8038,24.6355,29.56,-9999,-59994.03,-9999,610.2635,640.1365,623.4122,-0.0302,-0.1705,-0.2978,-30.9365,-0.501
11711.508480,195.191808,3.253197,556.6948,558.5938,24.6549,29.5586,-9999,-59994.03,-9999,610.0605,639.9205,623.2123,-0.0298,-0.1677,-0.2927,-30.4273,-0.4982
11717.918720,195.298645,3.254977,556.5112,558.4228,24.6627,29.5474,-9999,-59994.03,-9999,609.8514,639.7264,623.0246,-0.0293,-0.1647,-0.2917,-30.3963,-0.5049
11724.328960,195.405483,3.256758,556.3286,558.2139,24.6244,29.5416,-9999,-59994.03,-9999,609.6459,639.5051,622.8221,-0.0301,-0.1671,-0.2946,-31.531,-0.5158
11730.739200,195.512320,3.258539,556.1497,558.0333,24.6484,29.5363,-9999,-59994.03,-9999,609.4412,639.3018,622.629,-0.0277,-0.1646,-0.2964,-32.1,-0.5213
11737.149440,195.619157,3.260319,555.9658,557.8646,24.6459,29.5269,-9999,-59994.03,-9999,609.233,639.0829,622.4327,-0.0242,-0.163,-0.2944,-31.9734,-0.523
11743.559680,195.725995,3.262100,555.7886,557.6636,24.6154,29.5228,-9999,-59994.03,-9999,609.0309,638.882,622.2427,-0.0255,-0.1623,-0.2947,-31.8133,-0.5222
11749.969920,195.832832,3.263881,555.6066,557.4906,24.6482,29.5191,-9999,-59994.03,-9999,608.8297,638.6796,622.0396,-0.0269,-0.1615,-0.2913,-31.1989,-0.5166
11756.380160,195.939669,3.265661,555.4312,557.3206,24.644,29.5079,-9999,-59994.03,-9999,608.6134,638.4533,621.8403,-0.0233,-0.1569,-0.285,-30.0661,-0.5058
11762.790400,196.046507,3.267442,555.2503,557.1185,24.6069,29.5005,-9999,-59994.03,-9999,608.4113,638.2438,621.6395,-0.0209,-0.1519,-0.2766,-29.2472,-0.4964
11769.200640,196.153344,3.269222,555.0683,556.9392,24.6309,29.4952,-9999,-59994.03,-9999,608.2114,638.0419,621.4569,-0.0172,-0.144,-0.2665,-28.0693,-0.4853
11775.610880,196.260181,3.271003,554.8879,556.7719,24.6459,29.4874,-9999,-59994.03,-9999,608.0085,637.8358,621.2644,-0.0155,-0.1382,-0.2603,-27.0737,-0.4766
11782.021120,196.367019,3.272784,554.709,556.5833,24.6154,29.4847,-9999,-59994.03,-9999,607.8026,637.6154,621.066,-0.0173,-0.1359,-0.2564,-26.6075,-0.4687
11788.431360,196.473856,3.274564,554.5287,556.3882,24.6057,29.483,-9999,-59994.03,-9999,607.597,637.3968,620.861,-0.0182,-0.1364,-0.2544,-26.0701,-0.4599
11794.841600,196.580693,3.276345,554.3485,556.2202,24.6329,29.4851,-9999,-59994.03,-9999,607.391,637.1978,620.6664,-0.0195,-0.14,-0.2545,-25.5791,-0.4503
11801.251840,196.687531,3.278126,554.1722,556.0472,24.6316,29.4844,-9999,-59994.03,-9999,607.1833,636.9912,620.4689,-0.0217,-0.1421,-0.2586,-25.7475,-0.4483
11807.662080,196.794368,3.279906,553.9922,555.8524,24.5981,29.4821,-9999,-59994.03,-9999,606.9819,636.7942,620.2814,-0.0177,-0.1386,-0.258,-25.8488,-0.4461
11814.072320,196.901205,3.281687,553.8113,555.6649,24.6147,29.481,-9999,-59994.03,-9999,606.7766,636.5811,620.0793,-0.0162,-0.1369,-0.2546,-25.6497,-0.4427
11820.482560,197.008043,3.283467,553.6281,555.5004,24.6283,29.4789,-9999,-59994.03,-9999,606.5682,636.3717,619.8884,-0.0212,-0.1399,-0.2535,-25.5588,-0.4419
11826.892800,197.114880,3.285248,553.4515,555.3084,24.5928,29.4734,-9999,-59994.03,-9999,606.357,636.1463,619.6859,-0.0248,-0.1439,-0.2556,-25.8956,-0.4409
11833.303040,197.221717,3.287029,553.2695,555.1151,24.5963,29.4693,-9999,-59994.03,-9999,606.1475,635.9455,619.4888,-0.0287,-0.1495,-0.2601,-25.8143,-0.4378
11839.713280,197.328555,3.288809,553.0939,554.9569,24.6265,29.47,-9999,-59994.03,-9999,605.9438,635.7476,619.3036,-0.0266,-0.1507,-0.2611,-25.7744,-0.441
11846.123520,197.435392,3.290590,552.9202,554.7695,24.5937,29.4654,-9999,-59994.03,-9999,605.7346,635.5497,619.1222,-0.0215,-0.1476,-0.2608,-25.8091,-0.4452
11852.533760,197.542229,3.292370,552.7385,554.5735,24.5969,29.4624,-9999,-59994.03,-9999,605.5321,635.3397,618.9236,-0.018,-0.143,-0.2584,-25.8394,-0.448
11858.944000,197.649067,3.294151,552.5618,554.4136,24.6216,29.4573,-9999,-59994.03,-9999,605.3288,635.1326,618.7301,-0.0216,-0.1437,-0.2583,-26.2515,-0.453
11865.354240,197.755904,3.295932,552.382,554.2231,24.5882,29.4516,-9999,-59994.03,-9999,605.1154,634.9092,618.5278,-0.0276,-0.1491,-0.2646,-26.8364,-0.4587
11871.764480,197.862741,3.297712,552.2035,554.0295,24.5757,29.4541,-9999,-59994.03,-9999,604.9222,634.7106,618.3416,-0.0267,-0.1529,-0.2715,-27.5327,-0.4661
11878.174720,197.969579,3.299493,552.0276,553.8594,24.6029,29.4511,-9999,-59994.03,-9999,604.7173,634.5095,618.1553,-0.025,-0.1562,-0.2738,-27.9812,-0.47
11884.584960,198.076416,3.301274,551.8492,553.6892,24.6152,29.4426,-9999,-59994.03,-9999,604.5143,634.3059,617.967,-0.0285,-0.1627,-0.2796,-28.4928,-0.4767
11890.995200,198.183253,3.303054,551.6713,553.5018,24.5806,29.4435,-9999,-59994.03,-9999,604.3064,634.0807,617.7678,-0.0268,-0.1654,-0.2852,-28.8211,-0.4829
11897.405440,198.290091,3.304835,551.4922,553.3087,24.5778,29.4302,-9999,-59994.03,-9999,604.1079,633.8783,617.5706,-0.0251,-0.1646,-0.2896,-29.4019,-0.4886
11903.815680,198.396928,3.306615,551.3151,553.1448,24.6099,29.4291,-9999,-59994.03,-9999,603.8472,633.6573,617.3705,-0.0293,-0.1705,-0.2982,-30.3104,-0.4957
11910.225920,198.503765,3.308396,551.1354,552.9694,24.596,29.4238,-9999,-59994.03,-9999,603.6457,633.4568,617.1773,-0.0317,-0.1751,-0.3063,-31.5518,-0.5055
11916.636160,198.610603,3.310177,550.9603,552.778,24.5718,29.4263,-9999,-59994.03,-9999,603.4455,633.2408,616.9849,-0.0353,-0.1803,-0.3176,-32.5663,-0.5144
11923.046400,198.717440,3.311957,550.7842,552.5963,24.5824,29.424,-9999,-59994.03,-9999,603.2525,633.0491,616.789,-0.0366,-0.1835,-0.3193,-32.4215,-0.5181
11929.456640,198.824277,3.313738,550.6066,552.4335,24.6083,29.4249,-9999,-59994.03,-9999,603.0449,632.8286,616.5927,-0.0364,-0.1838,-0.3173,-32.4536,-0.5204
11935.866880,198.931115,3.315519,550.4272,552.2559,24.5914,29.4194,-9999,-59994.03,-9999,602.8453,632.6165,616.3992,-0.0322,-0.1855,-0.3202,-32.8152,-0.5282
11942.277120,199.037952,3.317299,550.2524,552.0624,24.5646,29.419,-9999,-59994.03,-9999,602.644,632.4233,616.2194,-0.0332,-0.1872,-0.3214,-33.3039,-0.5333
11948.687360,199.144789,3.319080,550.079,551.8797,24.5681,29.4155,-9999,-59994.03,-9999,602.4452,632.2178,616.0266,-0.0335,-0.1871,-0.3236,-33.6105,-0.5343
11955.097600,199.251627,3.320860,549.9001,551.7124,24.5946,29.4132,-9999,-59994.03,-9999,602.2397,632.0295,615.8494,-0.0314,-0.183,-0.3225,-33.875,-0.5371
11961.507840,199.358464,3.322641,549.7227,551.5361,24.6004,29.4036,-9999,-59994.03,-9999,602.0251,631.8246,615.6561,-0.0312,-0.1801,-0.3209,-33.8247,-0.5398
11967.918080,199.465301,3.324422,549.5458,551.3546,24.5806,29.4157,-9999,-59994.03,-9999,601.8234,631.6255,615.4691,-0.0358,-0.1844,-0.3227,-34.1233,-0.5444
11974.328320,199.572139,3.326202,549.3693,551.1592,24.5612,29.4068,-9999,-59994.03,-9999,601.6237,631.4268,615.2784,-0.0389,-0.1892,-0.3261,-34.3047,-0.5431
11980.738560,199.678976,3.327983,549.1938,550.9819,24.5789,29.4095,-9999,-59994.03,-9999,601.4128,631.2247,615.0771,-0.037,-0.187,-0.3257,-34.295,-0.5443
11987.148800,199.785813,3.329764,549.0085,550.8084,24.596,29.4036,-9999,-59994.03,-9999,601.2102,631.0236,614.8958,-0.0355,-0.1903,-0.329,-34.5876,-0.5472
11993.559040,199.892651,3.331544,548.8331,550.6299,24.5796,29.4022,-9999,-59994.03,-9999,601.0043,630.8234,614.7067,-0.0395,-0.1953,-0.3316,-34.6599,-0.5482
11999.969280,199.999488,3.333325,548.656,550.4283,24.5568,29.4075,-9999,-59994.03,-9999,600.7856,630.6087,614.5004,-0.0423,-0.1988,-0.3351,-34.6561,-0.5516
12006.379520,200.106325,3.335105,548.4749,550.2468,24.5718,29.4079,-9999,-59994.03,-9999,600.5764,630.4061,614.303,-0.0413,-0.1979,-0.3324,-34.9245,-0.5564
12012.789760,200.213163,3.336886,548.2955,550.0764,24.5967,29.4144,-9999,-59994.03,-9999,600.3778,630.2022,614.1238,-0.0404,-0.1959,-0.3313,-35.202,-0.5597
12019.200000,200.320000,3.338667,548.1161,549.8987,24.5928,29.4233,-9999,-59994.03,-9999,600.1832,630.0073,613.9462,-0.0376,-0.1945,-0.3332,-35.514,-0.5589
12025.610240,200.426837,3.340447,547.9344,549.7074,24.5683,29.4277,-9999,-59994.03,-9999,599.9753,629.7902,613.7379,-0.0374,-0.195,-0.3337,-35.3813,-0.5552
12032.020480,200.533675,3.342228,547.7577,549.5211,24.5727,29.4279,-9999,-59994.03,-9999,599.7669,629.5808,613.541,-0.0362,-0.1985,-0.3374,-35.4233,-0.551
12038.430720,200.640512,3.344009,547.5801,549.3533,24.5979,29.4231,-9999,-59994.03,-9999,599.5615,629.3708,613.3579,-0.0348,-0.1978,-0.3382,-35.3579,-0.5528
12044.840960,200.747349,3.345789,547.404,549.1917,24.6087,29.4323,-9999,-59994.03,-9999,599.3614,629.1006,613.1069,-0.0293,-0.1906,-0.3332,-34.8768,-0.5486
12051.251200,200.854187,3.347570,547.2323,549.0088,24.5847,29.4298,-9999,-59994.03,-9999,599.16,628.8919,612.9324,-0.0317,-0.1928,-0.3366,-35.1881,-0.5533
12057.661440,200.961024,3.349350,547.0616,548.8235,24.5852,29.4385,-9999,-59994.03,-9999,598.955,628.6681,612.7305,-0.0372,-0.1997,-0.3475,-36.0733,-0.5585
12064.071680,201.067861,3.351131,546.8878,548.6566,24.6184,29.43,-9999,-59994.03,-9999,598.7492,628.4717,612.5355,-0.0377,-0.2018,-0.3493,-36.4463,-0.5603
12070.481920,201.174699,3.352912,546.7078,548.4858,24.6242,29.4295,-9999,-59994.03,-9999,598.6028,628.2742,612.3555,-0.0335,-0.1975,-0.3467,-36.5691,-0.5653
12076.892160,201.281536,3.354692,546.5328,548.3001,24.6029,29.435,-9999,-59994.03,-9999,598.4058,628.0734,612.1619,-0.0337,-0.1949,-0.3425,-36.4068,-0.5656
12083.302400,201.388373,3.356473,546.3586,548.1127,24.5986,29.4346,-9999,-59994.03,-9999,598.2059,627.8584,611.9637,-0.0337,-0.1933,-0.3408,-36.5419,-0.5699
12089.712640,201.495211,3.358254,546.1865,547.9457,24.626,29.4307,-9999,-59994.03,-9999,597.999,627.653,611.7744,-0.0325,-0.1892,-0.3363,-36.3745,-0.5719
12096.122880,201.602048,3.360034,546.0093,547.7825,24.6456,29.4327,-9999,-59994.03,-9999,597.7971,627.4509,611.5751,-0.0337,-0.1888,-0.3342,-35.9805,-0.5713
12102.533120,201.708885,3.361815,545.838,547.596,24.6179,29.4424,-9999,-59994.03,-9999,597.5938,627.2376,611.3839,-0.0328,-0.1895,-0.3348,-35.763,-0.5693
12108.943360,201.815723,3.363595,545.6641,547.4068,24.6156,29.4419,-9999,-59994.03,-9999,597.3884,627.0279,611.1848,-0.0338,-0.1903,-0.3364,-35.8312,-0.5669
12115.353600,201.922560,3.365376,545.4865,547.248,24.6579,29.4408,-9999,-59994.03,-9999,597.1852,626.8247,611.0034,-0.0326,-0.1886,-0.3331,-35.733,-0.564
12121.763840,202.029397,3.367157,545.3141,547.0708,24.6366,29.4451,-9999,-59994.03,-9999,596.993,626.6224,610.8203,-0.0335,-0.1865,-0.3277,-35.5511,-0.5625
12128.174080,202.136235,3.368937,545.1343,546.8712,24.6339,29.4566,-9999,-59994.03,-9999,596.7895,626.4288,610.6283,-0.0335,-0.1828,-0.3225,-34.8364,-0.5586
12134.584320,202.243072,3.370718,544.9604,546.7178,24.6678,29.4518,-9999,-59994.03,-9999,596.5837,626.2772,610.4927,-0.0341,-0.1778,-0.3148,-33.7598,-0.5517
12140.994560,202.349909,3.372498,544.7846,546.5242,24.6299,29.453,-9999,-59994.03,-9999,596.3764,626.0621,610.2976,-0.0327,-0.1754,-0.3113,-33.2165,-0.5473
12147.404800,202.456747,3.374279,544.6105,546.3512,24.6673,29.4557,-9999,-59994.03,-9999,596.1777,625.8704,610.1107,-0.03,-0.1728,-0.3061,-32.794,-0.5381
12153.815040,202.563584,3.376060,544.4359,546.1891,24.6583,29.4619,-9999,-59994.03,-9999,595.9789,625.6671,609.9215,-0.0283,-0.1713,-0.3083,-32.7935,-0.5374
12160.225280,202.670421,3.377840,544.2603,545.9907,24.6528,29.4612,-9999,-59994.03,-9999,595.7756,625.4525,609.7266,-0.026,-0.1704,-0.3059,-32.3539,-0.5352
12166.635520,202.777259,3.379621,544.0853,545.8395,24.6673,29.464,-9999,-59994.03,-9999,595.5707,625.2553,609.5502,-0.0239,-0.1665,-0.2996,-31.652,-0.5317
12173.045760,202.884096,3.381402,543.9096,545.6357,24.6595,29.4679,-9999,-59994.03,-9999,595.3702,625.0355,609.345,-0.0284,-0.1696,-0.3024,-31.9328,-0.5308
12179.456000,202.990933,3.383182,543.7377,545.4929,24.6745,29.4683,-9999,-59994.03,-9999,595.1769,624.8259,609.1594,-0.0286,-0.1686,-0.3012,-31.9477,-0.5297
12185.866240,203.097771,3.384963,543.5602,545.2894,24.6715,29.4727,-9999,-59994.03,-9999,594.9637,624.6188,608.9672,-0.028,-0.1673,-0.302,-32.0563,-0.5302
12192.276480,203.204608,3.386743,543.389,545.1385,24.6729,29.4796,-9999,-59994.03,-9999,594.7606,624.4045,608.7746,-0.0312,-0.1709,-0.3052,-32.2035,-0.5308
12198.686720,203.311445,3.388524,543.217,544.9454,24.6786,29.4709,-9999,-59994.03,-9999,594.5564,624.1856,608.5789,-0.0331,-0.1784,-0.312,-32.5913,-0.5315
12205.096960,203.418283,3.390305,543.0405,544.7896,24.68,29.4651,-9999,-59994.03,-9999,594.3561,623.9926,608.3996,-0.0348,-0.1855,-0.3183,-33.2151,-0.5369
12211.507200,203.525120,3.392085,542.8671,544.5788,24.6756,29.4681,-9999,-59994.03,-9999,594.1581,623.7869,608.2131,-0.0323,-0.1833,-0.3165,-32.9853,-0.5374
12217.917440,203.631957,3.393866,542.6938,544.4254,24.6862,29.4665,-9999,-59994.03,-9999,593.9594,623.5862,608.0336,-0.0288,-0.1792,-0.3118,-32.4602,-0.5332
12224.327680,203.738795,3.395647,542.5162,544.2242,24.6703,29.4661,-9999,-59994.03,-9999,593.7582,623.3707,607.8342,-0.0277,-0.1751,-0.3078,-31.9741,-0.5248
12230.737920,203.845632,3.397427,542.3427,544.075,24.7035,29.4716,-9999,-59994.03,-9999,593.5646,623.1715,607.6464,-0.0279,-0.1738,-0.3049,-31.3555,-0.5156
12237.148160,203.952469,3.399208,542.1664,543.8696,24.6639,29.4628,-9999,-59994.03,-9999,593.3751,622.9696,607.4567,-0.0271,-0.1684,-0.3008,-30.6639,-0.5059
12243.558400,204.059307,3.400988,541.9944,543.7202,24.7063,29.4569,-9999,-59994.03,-9999,593.1781,622.7586,607.2559,-0.0283,-0.1699,-0.3017,-30.6864,-0.5057
12249.968640,204.166144,3.402769,541.8758,543.5762,24.7175,29.5095,-9999,-59994.03,-9999,592.9829,622.5411,607.0638,-0.0281,-0.1698,-0.2967,-30.3892,-0.5027
12256.378880,204.272981,3.404550,541.7067,543.431,24.7687,29.5093,-9999,-59994.03,-9999,592.7894,622.3299,606.8793,-0.0267,-0.1678,-0.2957,-30.166,-0.5046
12262.789120,204.379819,3.406330,541.4703,543.1666,24.6606,29.4403,-9999,-59994.03,-9999,592.5997,622.1317,606.6987,-0.0294,-0.1711,-0.2944,-29.9962,-0.501
12269.199360,204.486656,3.408111,541.2996,543.0228,24.7038,29.4394,-9999,-59994.03,-9999,592.3953,621.9197,606.5035,-0.0299,-0.1699,-0.2932,-30.2064,-0.4972
12275.609600,204.593493,3.409892,541.1848,542.876,24.7318,29.4914,-9999,-59994.03,-9999,592.1951,621.7153,606.3091,-0.0322,-0.1728,-0.2993,-30.9393,-0.5029
12282.019840,204.700331,3.411672,541.0154,542.7305,24.7491,29.4889,-9999,-59994.03,-9999,591.9969,621.5139,606.124,-0.0304,-0.1737,-0.3038,-31.3359,-0.5047
12288.430080,204.807168,3.413453,540.8389,542.5394,24.7583,29.4831,-9999,-59994.03,-9999,591.801,621.2955,605.9233,-0.0248,-0.1672,-0.299,-31.0265,-0.5036
12294.840320,204.914005,3.415233,540.6669,542.3632,24.7242,29.4769,-9999,-59994.03,-9999,591.5991,621.0823,605.7189,-0.0209,-0.1608,-0.2934,-30.4053,-0.5023
12301.250560,205.020843,3.417014,540.4906,542.2014,24.7664,29.4707,-9999,-59994.03,-9999,591.4041,620.8809,605.5329,-0.02,-0.1584,-0.2894,-30.1474,-0.503
12307.660800,205.127680,3.418795,540.3204,542.0065,24.7193,29.4595,-9999,-59994.03,-9999,591.2046,620.6638,605.3436,-0.0235,-0.1587,-0.2886,-30.4518,-0.5038
12314.071040,205.234517,3.420575,540.1495,541.8594,24.7659,29.4675,-9999,-59994.03,-9999,591.0114,620.462,605.1515,-0.0266,-0.1616,-0.2928,-30.9401,-0.5089
12320.481280,205.341355,3.422356,539.9813,541.6591,24.7205,29.4657,-9999,-59994.03,-9999,590.8138,620.2477,604.9554,-0.0262,-0.159,-0.2919,-31.1437,-0.5131
12326.891520,205.448192,3.424137,539.8076,541.5151,24.7629,29.4691,-9999,-59994.03,-9999,590.6259,620.0465,604.7766,-0.0235,-0.1531,-0.2852,-30.5336,-0.5089
12333.301760,205.555029,3.425917,539.6363,541.3073,24.7322,29.4739,-9999,-59994.03,-9999,590.4307,619.8365,604.5819,-0.0215,-0.1521,-0.2806,-29.8791,-0.5021
12339.712000,205.661867,3.427698,539.4652,541.1622,24.7435,29.4684,-9999,-59994.03,-9999,590.246,619.6432,604.4038,-0.0262,-0.1528,-0.2783,-29.4456,-0.4997
12346.122240,205.768704,3.429478,539.2852,540.9639,24.7461,29.4613,-9999,-59994.03,-9999,590.0515,619.4424,604.2112,-0.0294,-0.1606,-0.2859,-30.2527,-0.504
12352.532480,205.875541,3.431259,539.1147,540.7996,24.7214,29.4629,-9999,-59994.03,-9999,589.8559,619.2478,604.0272,-0.0329,-0.1718,-0.2978,-31.0641,-0.5104
12358.942720,205.982379,3.433040,538.9452,540.6296,24.7565,29.4597,-9999,-59994.03,-9999,589.6577,619.0433,603.8349,-0.0317,-0.1714,-0.3001,-30.7964,-0.5104
12365.352960,206.089216,3.434820,538.7772,540.4465,24.7198,29.4565,-9999,-59994.03,-9999,589.4628,618.8478,603.6478,-0.0319,-0.173,-0.3031,-31.0638,-0.5108
12371.763200,206.196053,3.436601,538.6039,540.2916,24.7622,29.4585,-9999,-59994.03,-9999,589.2659,618.637,603.45,-0.0345,-0.1802,-0.3091,-31.6758,-0.511
12378.173440,206.302891,3.438382,538.4313,540.0952,24.7126,29.4468,-9999,-59994.03,-9999,589.0685,618.4366,603.2606,-0.0347,-0.1843,-0.3134,-31.9677,-0.5172
12384.583680,206.409728,3.440162,538.2608,539.9404,24.7567,29.4487,-9999,-59994.03,-9999,588.8754,618.2416,603.0783,-0.0329,-0.1845,-0.3147,-32.4803,-0.5222
12390.993920,206.516565,3.441943,538.0316,539.699,24.6585,29.3687,-9999,-59994.03,-9999,588.6851,618.0679,602.9167,-0.0344,-0.1878,-0.319,-33.3016,-0.5275
12397.404160,206.623403,3.443723,537.862,539.5176,24.6719,29.3716,-9999,-59994.03,-9999,588.4948,617.8445,602.7152,-0.0364,-0.1891,-0.3204,-33.3847,-0.5262
12403.814400,206.730240,3.445504,537.7493,539.4285,24.7498,29.4229,-9999,-59994.03,-9999,588.2922,617.6313,602.5231,-0.0337,-0.1891,-0.3187,-33.1416,-0.5212
12410.224640,206.837077,3.447285,537.5778,539.2279,24.708,29.4252,-9999,-59994.03,-9999,588.0988,617.4257,602.3308,-0.0315,-0.1868,-0.3155,-32.5379,-0.5199
12416.634880,206.943915,3.449065,537.4025,539.0712,24.7486,29.4229,-9999,-59994.03,-9999,587.9203,617.2305,602.1584,-0.0263,-0.1779,-0.3115,-32.5408,-0.5221
12423.045120,207.050752,3.450846,537.2356,538.8939,24.711,29.4188,-9999,-59994.03,-9999,587.7341,617.0306,601.9749,-0.0244,-0.1761,-0.3121,-32.9409,-0.5247
12429.455360,207.157589,3.452626,537.0612,538.7186,24.7366,29.4105,-9999,-59994.03,-9999,587.5379,616.8139,601.7791,-0.029,-0.1784,-0.3158,-33.2047,-0.5257
12435.865600,207.264427,3.454407,536.8951,538.5567,24.7103,29.403,-9999,-59994.03,-9999,587.3345,616.608,601.5847,-0.03,-0.1801,-0.3197,-33.4478,-0.5313
12442.275840,207.371264,3.456188,536.724,538.3731,24.723,29.4076,-9999,-59994.03,-9999,587.1508,616.3941,601.3959,-0.0315,-0.1814,-0.3175,-33.658,-0.5358
12448.686080,207.478101,3.457968,536.5532,538.2151,24.72,29.4007,-9999,-59994.03,-9999,586.9618,616.1991,601.2137,-0.0329,-0.1817,-0.3159,-33.7553,-0.5411
12455.096320,207.584939,3.459749,536.384,538.0181,24.702,29.3919,-9999,-59994.03,-9999,586.7745,615.9909,601.0205,-0.0332,-0.183,-0.3177,-33.901,-0.5427
12461.506560,207.691776,3.461530,536.2144,537.8684,24.7329,29.3862,-9999,-59994.03,-9999,586.5858,615.7961,600.832,-0.0343,-0.1854,-0.3223,-34.2005,-0.5446
12467.916800,207.798613,3.463310,535.9841,537.6157,24.6246,29.3172,-9999,-59994.03,-9999,586.3887,615.5841,600.6364,-0.0345,-0.1856,-0.3214,-33.8779,-0.5393
12474.327040,207.905451,3.465091,535.8167,537.4488,24.6505,29.3158,-9999,-59994.03,-9999,586.1962,615.379,600.4442,-0.0295,-0.1824,-0.3186,-33.5985,-0.5367
12480.737280,208.012288,3.466871,535.6993,537.3527,24.7209,29.3664,-9999,-59994.03,-9999,585.9963,615.1733,600.2473,-0.0263,-0.1765,-0.3171,-33.6242,-0.5358
12487.147520,208.119125,3.468652,535.5252,537.1639,24.6893,29.3563,-9999,-59994.03,-9999,585.811,614.9794,600.0583,-0.0268,-0.1714,-0.3154,-33.393,-0.5307
12493.557760,208.225963,3.470433,535.3624,536.9812,24.6762,29.357,-9999,-59994.03,-9999,585.6138,614.7757,599.8678,-0.0274,-0.1695,-0.3138,-33.4589,-0.5308
12499.968000,208.332800,3.472213,535.1891,536.8165,24.6995,29.3545,-9999,-59994.03,-9999,585.4193,614.5732,599.6765,-0.0313,-0.174,-0.3204,-34.1762,-0.5375
12506.378240,208.439637,3.473994,534.9568,536.599,24.6498,29.2862,-9999,-59994.03,-9999,585.2203,614.3923,599.5028,-0.0347,-0.1816,-0.3272,-34.8118,-0.5475
12512.788480,208.546475,3.475775,534.7905,536.4126,24.6145,29.2809,-9999,-59994.03,-9999,585.0226,614.1814,599.3145,-0.0345,-0.1818,-0.3269,-34.8564,-0.5526
12519.198720,208.653312,3.477555,534.6762,536.287,24.666,29.3352,-9999,-59994.03,-9999,584.835,613.9946,599.1297,-0.0345,-0.1839,-0.3252,-34.7003,-0.5501
12525.608960,208.760149,3.479336,534.509,536.1274,24.6949,29.3262,-9999,-59994.03,-9999,584.6431,613.7841,598.9395,-0.0351,-0.1852,-0.3271,-34.4903,-0.5494
12532.019200,208.866987,3.481116,534.3366,535.9686,24.6951,29.3141,-9999,-59994.03,-9999,584.4511,613.5862,598.747,-0.0361,-0.1884,-0.3309,-34.5246,-0.5514
12538.429440,208.973824,3.482897,534.1707,535.7828,24.6637,29.3106,-9999,-59994.03,-9999,584.2589,613.3709,598.5532,-0.0353,-0.1901,-0.3353,-34.9613,-0.5554
12544.839680,209.080661,3.484678,534.0064,535.6035,24.6614,29.309,-9999,-59994.03,-9999,584.0656,613.1611,598.3518,-0.0365,-0.1911,-0.3366,-35.3773,-0.56
12551.249920,209.187499,3.486458,533.8342,535.4443,24.6896,29.3021,-9999,-59994.03,-9999,583.8762,612.9541,598.162,-0.0358,-0.1907,-0.3351,-35.8069,-0.5652
12557.660160,209.294336,3.488239,533.6672,535.289,24.6969,29.2959,-9999,-59994.03,-9999,583.6873,612.7482,597.9684,-0.0392,-0.1954,-0.3373,-36.2817,-0.5708
12564.070400,209.401173,3.490020,533.5033,535.1058,24.6653,29.2883,-9999,-59994.03,-9999,583.4987,612.5579,597.7855,-0.0418,-0.2007,-0.3443,-37.0776,-0.5778
12570.480640,209.508011,3.491800,533.2742,534.8639,24.5882,29.2258,-9999,-59994.03,-9999,583.3126,612.3619,597.5976,-0.0387,-0.2019,-0.3478,-37.7803,-0.5833
12576.890880,209.614848,3.493581,533.1077,534.6949,24.6085,29.2186,-9999,-59994.03,-9999,583.123,612.158,597.4091,-0.0372,-0.1993,-0.3461,-37.567,-0.5831
12583.301120,209.721685,3.495361,532.9355,534.5444,24.6235,29.2111,-9999,-59994.03,-9999,582.9251,611.9509,597.2149,-0.0413,-0.2031,-0.3494,-37.6835,-0.5876
12589.711360,209.828523,3.497142,532.7715,534.3656,24.5956,29.2021,-9999,-59994.03,-9999,582.7437,611.7548,597.0391,-0.0442,-0.2109,-0.3562,-38.4447,-0.5986
12596.121600,209.935360,3.498923,532.6625,534.2451,24.6464,29.2631,-9999,-59994.03,-9999,582.5482,611.5565,596.845,-0.0454,-0.214,-0.3608,-39.3031,-0.6064
12602.531840,210.042197,3.500703,532.494,534.082,24.6716,29.2612,-9999,-59994.03,-9999,582.3579,611.3622,596.6552,-0.0499,-0.22,-0.3691,-40.0348,-0.6114
12608.942080,210.149035,3.502484,532.2669,533.8625,24.6087,29.1853,-9999,-59994.03,-9999,582.1657,611.1505,596.4625,-0.0495,-0.2255,-0.3774,-40.8965,-0.6201
12615.352320,210.255872,3.504265,532.0964,533.6805,24.5764,29.1778,-9999,-59994.03,-9999,581.9755,610.9398,596.2712,-0.047,-0.2233,-0.3794,-41.238,-0.623
12621.762560,210.362709,3.506045,531.929,533.5092,24.5813,29.1656,-9999,-59994.03,-9999,581.7931,610.7471,596.0922,-0.0419,-0.218,-0.3793,-41.2151,-0.6245
12628.172800,210.469547,3.507826,531.7635,533.3594,24.6129,29.1529,-9999,-59994.03,-9999,581.6079,610.5441,595.9005,-0.0411,-0.214,-0.3788,-41.3632,-0.6306
12634.583040,210.576384,3.509606,531.5955,533.1938,24.5981,29.1511,-9999,-59994.03,-9999,581.4144,610.3436,595.7109,-0.0439,-0.218,-0.3867,-42.1528,-0.6381
12640.993280,210.683221,3.511387,531.4257,533.0027,24.5642,29.1398,-9999,-59994.03,-9999,581.2303,610.1478,595.529,-0.0502,-0.2298,-0.3968,-42.7079,-0.6456
12647.403520,210.790059,3.513168,531.2609,532.8389,24.5849,29.135,-9999,-59994.03,-9999,581.045,609.9512,595.342,-0.0541,-0.2376,-0.3968,-42.9639,-0.6495
12653.813760,210.896896,3.514948,531.0934,532.6784,24.6066,29.1251,-9999,-59994.03,-9999,580.8531,609.7449,595.1448,-0.0515,-0.2382,-0.3997,-43.3279,-0.6522
12660.224000,211.003733,3.516729,530.9262,532.4922,24.5681,29.1127,-9999,-59994.03,-9999,580.6596,609.5501,594.9573,-0.0483,-0.2375,-0.4013,-43.2686,-0.6512
12666.634240,211.110571,3.518510,530.7612,532.3095,24.5626,29.1091,-9999,-59994.03,-9999,580.4663,609.348,594.7601,-0.0438,-0.2317,-0.3949,-42.7747,-0.6465
12673.044480,211.217408,3.520290,530.5885,532.1587,24.5935,29.0916,-9999,-59994.03,-9999,580.2713,609.1328,594.5655,-0.0431,-0.228,-0.3896,-42.1261,-0.645
12679.454720,211.324245,3.522071,530.4257,531.9882,24.5619,29.0964,-9999,-59994.03,-9999,580.083,608.9388,594.3806,-0.0412,-0.223,-0.3819,-41.7147,-0.6409
12685.864960,211.431083,3.523851,530.2631,531.8123,24.5723,29.0865,-9999,-59994.03,-9999,579.8893,608.7398,594.1956,-0.0387,-0.212,-0.3694,-40.8667,-0.6345
12692.275200,211.537920,3.525632,530.0967,531.6698,24.5875,29.0863,-9999,-59994.03,-9999,579.7011,608.5342,594.0002,-0.0372,-0.2004,-0.3595,-39.946,-0.6253
12698.685440,211.644757,3.527413,529.9236,531.4724,24.5439,29.0787,-9999,-59994.03,-9999,579.5159,608.3296,593.8185,-0.0355,-0.1944,-0.3542,-39.4791,-0.6205
12705.095680,211.751595,3.529193,529.7603,531.3124,24.5769,29.0727,-9999,-59994.03,-9999,579.3253,608.1312,593.6251,-0.0306,-0.1871,-0.3486,-38.667,-0.6134
12711.505920,211.858432,3.530974,529.5913,531.152,24.566,29.0682,-9999,-59994.03,-9999,579.1276,607.9231,593.4255,-0.0292,-0.1851,-0.3431,-37.9851,-0.6054
12717.916160,211.965269,3.532754,529.423,530.959,24.5397,29.0684,-9999,-59994.03,-9999,578.9457,607.7324,593.2434,-0.0316,-0.1882,-0.3465,-38.0744,-0.6015
12724.326400,212.072107,3.534535,529.2641,530.8202,24.5836,29.0672,-9999,-59994.03,-9999,578.703,607.5247,593.0565,-0.0327,-0.1916,-0.3506,-38.7733,-0.6064
12730.736640,212.178944,3.536316,529.0951,530.6362,24.5464,29.0649,-9999,-59994.03,-9999,578.5222,607.3281,592.866,-0.0359,-0.1933,-0.3483,-38.7518,-0.6065
12737.146880,212.285781,3.538096,528.9288,530.472,24.5729,29.0631,-9999,-59994.03,-9999,578.4059,607.1296,592.695,-0.0364,-0.1911,-0.342,-37.9705,-0.5983
12743.557120,212.392619,3.539877,528.7631,530.3061,24.5432,29.0599,-9999,-59994.03,-9999,578.2149,606.9328,592.4924,-0.0303,-0.1845,-0.3315,-36.5623,-0.5859
12749.967360,212.499456,3.541658,528.5997,530.1362,24.5667,29.0516,-9999,-59994.03,-9999,577.9599,606.7457,592.3057,-0.0315,-0.1818,-0.3255,-35.7346,-0.5803
12756.377600,212.606293,3.543438,528.4336,529.978,24.5489,29.0466,-9999,-59994.03,-9999,577.7719,606.5472,592.1169,-0.035,-0.1853,-0.3279,-35.9477,-0.5818
12762.787840,212.713131,3.545219,528.2705,529.7941,24.5469,29.0392,-9999,-59994.03,-9999,577.5852,606.3432,591.9322,-0.0354,-0.1852,-0.3286,-36.078,-0.5848
12769.198080,212.819968,3.546999,528.1028,529.652,24.5665,29.0358,-9999,-59994.03,-9999,577.4,606.137,591.7418,-0.0376,-0.1888,-0.3269,-35.7535,-0.5836
12775.608320,212.926805,3.548780,527.9371,529.4579,24.53,29.0275,-9999,-59994.03,-9999,577.2087,605.9339,591.5547,-0.0399,-0.1934,-0.3312,-35.9526,-0.5844
12782.018560,213.033643,3.550561,527.7697,529.3106,24.5683,29.0222,-9999,-59994.03,-9999,577.0254,605.7446,591.3642,-0.0381,-0.1985,-0.3383,-36.2306,-0.5841
12788.428800,213.140480,3.552341,527.6051,529.1412,24.5402,29.0121,-9999,-59994.03,-9999,576.8334,605.5442,591.1786,-0.04,-0.2056,-0.3494,-37.0991,-0.5864
12794.839040,213.247317,3.554122,527.4424,528.9622,24.5282,29.0105,-9999,-59994.03,-9999,576.6514,605.3665,590.9977,-0.0403,-0.2108,-0.3585,-37.6258,-0.5868
12801.249280,213.354155,3.555903,527.2772,528.8011,24.5566,29.0054,-9999,-59994.03,-9999,576.467,605.1761,590.8152,-0.0374,-0.2085,-0.3563,-37.8035,-0.5908
12807.659520,213.460992,3.557683,527.1115,528.6489,24.5635,29.002,-9999,-59994.03,-9999,576.2837,604.9748,590.6358,-0.0373,-0.2031,-0.3505,-37.7383,-0.5914
12814.069760,213.567829,3.559464,526.9429,528.4714,24.5367,28.9841,-9999,-59994.03,-9999,576.0924,604.7708,590.4428,-0.0369,-0.1986,-0.345,-37.3105,-0.5867
12820.480000,213.674667,3.561244,526.7791,528.2926,24.5176,28.9719,-9999,-59994.03,-9999,575.9018,604.5636,590.2499,-0.0358,-0.1929,-0.3364,-36.7597,-0.579
12826.890240,213.781504,3.563025,526.6134,528.1258,24.5215,28.9666,-9999,-59994.03,-9999,575.7064,604.3717,590.058,-0.0306,-0.1833,-0.3287,-35.9248,-0.5737
12833.300480,213.888341,3.564806,526.449,527.9702,24.5434,28.9627,-9999,-59994.03,-9999,575.5142,604.1649,589.8619,-0.0295,-0.1806,-0.3257,-35.8541,-0.5718
12839.710720,213.995179,3.566586,526.2815,527.8082,24.5499,28.9558,-9999,-59994.03,-9999,575.3193,603.9752,589.6786,-0.0279,-0.1755,-0.3207,-35.2261,-0.5627
12846.120960,214.102016,3.568367,526.1169,527.6414,24.5397,28.9535,-9999,-59994.03,-9999,575.1273,603.7881,589.4946,-0.0237,-0.1671,-0.315,-34.291,-0.5547
12852.531200,214.208853,3.570148,525.952,527.4584,24.5153,28.9599,-9999,-59994.03,-9999,574.9363,603.6116,589.3183,-0.0254,-0.1676,-0.3099,-33.8609,-0.5515
12858.941440,214.315691,3.571928,525.7841,527.2852,24.5016,28.9556,-9999,-59994.03,-9999,574.7518,603.4206,589.1288,-0.0257,-0.1691,-0.3088,-33.7487,-0.5489
12865.351680,214.422528,3.573709,525.6238,527.1228,24.5033,28.948,-9999,-59994.03,-9999,574.5615,603.2283,588.938,-0.0286,-0.1702,-0.3071,-33.7884,-0.548
12871.761920,214.529365,3.575489,525.4587,526.961,24.5259,28.9448,-9999,-59994.03,-9999,574.3669,603.0474,588.7617,-0.0265,-0.1657,-0.3057,-33.6561,-0.5484
12878.172160,214.636203,3.577270,525.2889,526.7994,24.5409,28.939,-9999,-59994.03,-9999,574.1768,602.8498,588.5692,-0.0292,-0.1683,-0.3068,-33.768,-0.5523
12884.582400,214.743040,3.579051,525.1246,526.6324,24.5261,28.9381,-9999,-59994.03,-9999,573.9766,602.6608,588.3796,-0.0351,-0.1764,-0.31,-34.0269,-0.5531
12890.992640,214.849877,3.580831,524.9596,526.4547,24.5026,28.9372,-9999,-59994.03,-9999,573.7858,602.4711,588.2006,-0.0405,-0.1839,-0.3155,-34.1743,-0.5553
12897.402880,214.956715,3.582612,524.7919,526.275,24.4915,28.9326,-9999,-59994.03,-9999,573.5991,602.2733,588.0138,-0.0431,-0.1951,-0.3261,-34.7166,-0.5575
12903.813120,215.063552,3.584393,524.6257,526.1088,24.5046,28.9353,-9999,-59994.03,-9999,573.4063,602.0679,587.8165,-0.0368,-0.193,-0.3266,-34.7178,-0.5538
12910.223360,215.170389,3.586173,524.4571,525.9616,24.5307,28.931,-9999,-59994.03,-9999,573.2064,601.8769,587.6229,-0.0326,-0.1866,-0.3225,-34.4584,-0.5515
12916.633600,215.277227,3.587954,524.2905,525.7955,24.527,28.939,-9999,-59994.03,-9999,573.0192,601.6837,587.4402,-0.0339,-0.1845,-0.321,-34.2341,-0.5506
12923.043840,215.384064,3.589734,524.1254,525.6103,24.5,28.9514,-9999,-59994.03,-9999,572.8422,601.4854,587.2589,-0.0343,-0.1818,-0.3171,-33.9114,-0.5447
12929.454080,215.490901,3.591515,523.9616,525.4371,24.5044,28.9604,-9999,-59994.03,-9999,572.6593,601.2919,587.0712,-0.0337,-0.181,-0.3143,-33.5429,-0.5419
12935.864320,215.597739,3.593296,523.798,525.2978,24.5443,28.9698,-9999,-59994.03,-9999,572.4727,601.0856,586.8812,-0.0321,-0.1777,-0.3126,-33.2687,-0.5383
12942.274560,215.704576,3.595076,523.6356,525.1343,24.5273,28.9689,-9999,-59994.03,-9999,572.2759,600.8833,586.6937,-0.0351,-0.1812,-0.3166,-33.674,-0.5414
12948.684800,215.811413,3.596857,523.4738,524.9521,24.5051,28.9726,-9999,-59994.03,-9999,572.0952,600.6928,586.5124,-0.0365,-0.1844,-0.3223,-34.1323,-0.5483
12955.095040,215.918251,3.598638,523.3145,524.7936,24.53,28.9737,-9999,-59994.03,-9999,571.9055,600.4406,586.2563,-0.0385,-0.1891,-0.3298,-34.937,-0.5522
12961.505280,216.025088,3.600418,523.1588,524.6423,24.5575,28.985,-9999,-59994.03,-9999,571.7114,600.2481,586.0643,-0.0353,-0.1898,-0.3323,-35.19,-0.557
12967.915520,216.131925,3.602199,522.9966,524.4722,24.5321,28.9852,-9999,-59994.03,-9999,571.5309,600.0471,585.8841,-0.0349,-0.1879,-0.3311,-35.1803,-0.5597
12974.325760,216.238763,3.603979,522.8293,524.2896,24.5171,28.9877,-9999,-59994.03,-9999,571.3443,599.854,585.6912,-0.0352,-0.1892,-0.3293,-35.0473,-0.5599
12980.736000,216.345600,3.605760,522.6705,524.145,24.5612,28.9951,-9999,-59994.03,-9999,571.1546,599.6598,585.4998,-0.0326,-0.187,-0.3269,-34.8827,-0.5596
12987.146240,216.452437,3.607541,522.5078,523.9808,24.5402,29.007,-9999,-59994.03,-9999,570.9642,599.4623,585.3132,-0.0337,-0.1879,-0.3321,-35.4439,-0.5633
12993.556480,216.559275,3.609321,522.3418,523.7913,24.5319,29.0233,-9999,-59994.03,-9999,570.787,599.2715,585.1328,-0.0375,-0.1925,-0.3335,-35.6734,-0.5686
12999.966720,216.666112,3.611102,522.1785,523.6533,24.5686,29.0309,-9999,-59994.03,-9999,570.5991,599.0714,584.9355,-0.0371,-0.1899,-0.3303,-35.3147,-0.5672
13006.376960,216.772949,3.612882,522.0153,523.4684,24.5277,29.0332,-9999,-59994.03,-9999,570.4044,598.8762,584.7468,-0.0382,-0.1919,-0.3355,-35.809,-0.5731
13012.787200,216.879787,3.614663,521.8546,523.3097,24.5603,29.0358,-9999,-59994.03,-9999,570.2199,598.6712,584.5519,-0.0434,-0.1994,-0.3469,-37.216,-0.5864
13019.197440,216.986624,3.616444,521.6885,523.1619,24.5688,29.036,-9999,-59994.03,-9999,570.0847,598.4818,584.363,-0.0425,-0.2033,-0.3551,-38.1037,-0.5933
13025.607680,217.093461,3.618224,521.5236,522.9662,24.534,29.036,-9999,-59994.03,-9999,569.9005,598.3073,584.1882,-0.0429,-0.21,-0.3615,-38.9686,-0.5985
13032.017920,217.200299,3.620005,521.3574,522.8057,24.5713,29.0381,-9999,-59994.03,-9999,569.7191,598.1166,584.0008,-0.0473,-0.2156,-0.3694,-39.6467,-0.6047
13038.428160,217.307136,3.621786,521.1932,522.6512,24.5693,29.039,-9999,-59994.03,-9999,569.5215,597.9095,583.7992,-0.0465,-0.2185,-0.375,-40.0306,-0.6108
13044.838400,217.413973,3.623566,521.0348,522.4662,24.5427,29.0399,-9999,-59994.03,-9999,569.3301,597.7116,583.6006,-0.0448,-0.219,-0.3776,-40.5188,-0.6172
13051.248640,217.520811,3.625347,520.871,522.3212,24.5833,29.0233,-9999,-59994.03,-9999,569.1485,597.5179,583.4069,-0.0424,-0.2194,-0.379,-40.9232,-0.6252
13057.658880,217.627648,3.627127,520.7061,522.1642,24.5713,29.027,-9999,-59994.03,-9999,568.9621,597.3264,583.2186,-0.0439,-0.2261,-0.3894,-42.1167,-0.6357
13064.069120,217.734485,3.628908,520.541,521.977,24.5519,29.0266,-9999,-59994.03,-9999,568.7751,597.1284,583.0314,-0.0458,-0.231,-0.3957,-42.539,-0.6418
13070.479360,217.841323,3.630689,520.3828,521.8388,24.5951,29.0236,-9999,-59994.03,-9999,568.5861,596.9926,582.91,-0.0477,-0.2317,-0.3953,-42.3328,-0.6423
13076.889600,217.948160,3.632469,520.2205,521.6763,24.5813,29.0233,-9999,-59994.03,-9999,568.4064,596.784,582.7208,-0.0495,-0.2315,-0.3923,-42.2962,-0.6434
13083.299840,218.054997,3.634250,520.058,521.4932,24.5579,29.0231,-9999,-59994.03,-9999,568.2108,596.5264,582.46,-0.0483,-0.2278,-0.3937,-42.8356,-0.6471
13089.710080,218.161835,3.636031,519.8957,521.343,24.593,29.0233,-9999,-59994.03,-9999,568.0292,596.3297,582.2669,-0.0466,-0.229,-0.3946,-43.0766,-0.6522
13096.120320,218.268672,3.637811,519.7354,521.1956,24.6029,29.0259,-9999,-59994.03,-9999,567.8479,596.2021,582.1404,-0.0418,-0.2229,-0.3861,-42.6431,-0.6484
13102.530560,218.375509,3.639592,519.5745,521.0127,24.5665,29.0302,-9999,-59994.03,-9999,567.6591,596.0012,581.9521,-0.0387,-0.216,-0.3785,-42.3179,-0.6451
13108.940800,218.482347,3.641372,519.4105,520.8428,24.5808,29.0346,-9999,-59994.03,-9999,567.4771,595.7439,581.7062,-0.0394,-0.2125,-0.3759,-42.2825,-0.6469
13115.351040,218.589184,3.643153,519.2469,520.7039,24.6142,29.0309,-9999,-59994.03,-9999,567.2964,595.559,581.5217,-0.0454,-0.218,-0.3799,-42.8536,-0.6524
13121.761280,218.696021,3.644934,519.083,520.5335,24.5891,29.0369,-9999,-59994.03,-9999,567.1115,595.4166,581.4022,-0.0474,-0.2214,-0.3826,-43.2051,-0.6598
13128.171520,218.802859,3.646714,518.9211,520.3524,24.5748,29.039,-9999,-59994.03,-9999,566.9356,595.2211,581.2136,-0.0473,-0.2217,-0.3825,-43.1191,-0.6608
13134.581760,218.909696,3.648495,518.7617,520.2014,24.6069,29.0371,-9999,-59994.03,-9999,566.7586,594.9634,580.9677,-0.0454,-0.216,-0.3767,-42.6446,-0.6576
13140.992000,219.016533,3.650276,518.593,520.0514,24.6099,29.0298,-9999,-59994.03,-9999,566.5729,594.762,580.7774,-0.0424,-0.213,-0.3715,-42.1405,-0.6535
13147.402240,219.123371,3.652056,518.4311,519.8672,24.572,29.025,-9999,-59994.03,-9999,566.3834,594.6238,580.6442,-0.0391,-0.2098,-0.3659,-41.611,-0.6489
13153.812480,219.230208,3.653837,518.2708,519.6984,24.5833,29.0247,-9999,-59994.03,-9999,566.2067,594.4435,580.4616,-0.0366,-0.2028,-0.3617,-41.0687,-0.6458
13160.222720,219.337045,3.655617,518.1136,519.5618,24.6133,29.0185,-9999,-59994.03,-9999,566.0247,594.2321,580.2657,-0.0378,-0.2043,-0.3617,-40.6019,-0.6385
13166.632960,219.443883,3.657398,517.9489,519.3766,24.5725,29.0171,-9999,-59994.03,-9999,565.8363,594.0336,580.0685,-0.0405,-0.2078,-0.3637,-40.1182,-0.6292
13173.043200,219.550720,3.659179,517.7857,519.209,24.5907,29.0158,-9999,-59994.03,-9999,565.6633,593.8373,579.8807,-0.0405,-0.21,-0.3597,-39.4113,-0.6214
13179.453440,219.657557,3.660959,517.6254,519.071,24.6126,29.0084,-9999,-59994.03,-9999,565.4758,593.6429,579.6894,-0.0381,-0.2104,-0.3605,-39.1999,-0.6166
13185.863680,219.764395,3.662740,517.4628,518.8796,24.5646,29.0013,-9999,-59994.03,-9999,565.2986,593.4595,579.4998,-0.0413,-0.2139,-0.3629,-38.9363,-0.6117
13192.273920,219.871232,3.664521,517.3035,518.7376,24.6108,29.0027,-9999,-59994.03,-9999,565.1146,593.2663,579.3179,-0.0411,-0.211,-0.3634,-39.0546,-0.6107
13198.684160,219.978069,3.666301,517.1373,518.5654,24.5783,28.9932,-9999,-59994.03,-9999,564.9322,593.0786,579.129,-0.0408,-0.2113,-0.3679,-39.6574,-0.6122
13205.094400,220.084907,3.668082,516.9762,518.3963,24.5967,28.9864,-9999,-59994.03,-9999,564.7495,592.8882,578.9482,-0.0388,-0.2103,-0.3693,-39.9637,-0.6157
13211.504640,220.191744,3.669862,516.813,518.2458,24.5819,28.9843,-9999,-59994.03,-9999,564.5776,592.6906,578.769,-0.0395,-0.2108,-0.3706,-40.1876,-0.6189
13217.914880,220.298581,3.671643,516.6476,518.0651,24.5856,28.9834,-9999,-59994.03,-9999,564.3986,592.5059,578.5834,-0.0426,-0.2148,-0.3769,-40.8568,-0.6236
13224.325120,220.405419,3.673424,516.4855,517.9238,24.5884,28.9687,-9999,-59994.03,-9999,564.2153,592.3102,578.3932,-0.0418,-0.2131,-0.375,-40.6607,-0.6262
13230.735360,220.512256,3.675204,516.3244,517.7374,24.572,28.9634,-9999,-59994.03,-9999,564.0272,592.103,578.196,-0.0431,-0.2088,-0.3712,-40.5268,-0.6282
13237.145600,220.619093,3.676985,516.1673,517.6068,24.6009,28.9647,-9999,-59994.03,-9999,563.8472,591.9074,578.0036,-0.0405,-0.2055,-0.3723,-40.3747,-0.6274
13243.555840,220.725931,3.678766,516.0023,517.4131,24.5612,28.9691,-9999,-59994.03,-9999,563.6603,591.7094,577.8079,-0.0388,-0.2047,-0.3691,-40.207,-0.6232
13249.966080,220.832768,3.680546,515.843,517.2779,24.6025,28.9668,-9999,-59994.03,-9999,563.4772,591.5192,577.6238,-0.0385,-0.2019,-0.3608,-39.5166,-0.6197
13256.376320,220.939605,3.682327,515.6883,517.0996,24.569,28.9762,-9999,-59994.03,-9999,563.2983,591.3301,577.4477,-0.0373,-0.1984,-0.3537,-38.8605,-0.6144
13262.786560,221.046443,3.684107,515.5253,516.95,24.6029,28.987,-9999,-59994.03,-9999,563.1209,591.1367,577.259,-0.0371,-0.2009,-0.3514,-38.4249,-0.6063
13269.196800,221.153280,3.685888,515.3671,516.7773,24.5642,29.0031,-9999,-59994.03,-9999,562.9345,590.9512,577.0723,-0.0404,-0.2038,-0.3534,-38.217,-0.6012
13275.607040,221.260117,3.687669,515.2095,516.6296,24.6029,29.0096,-9999,-59994.03,-9999,562.7634,590.7637,576.8887,-0.0389,-0.1998,-0.3516,-37.8087,-0.5944
13282.017280,221.366955,3.689449,515.0478,516.4521,24.5633,29.0148,-9999,-59994.03,-9999,562.5851,590.5812,576.7103,-0.0332,-0.1939,-0.3451,-37.2619,-0.5877
13288.427520,221.473792,3.691230,514.8843,516.3141,24.611,29.0194,-9999,-59994.03,-9999,562.4082,590.3954,576.5239,-0.0321,-0.1893,-0.3406,-36.7916,-0.5863
13294.837760,221.580629,3.693010,514.7274,516.1252,24.5582,29.0185,-9999,-59994.03,-9999,562.222,590.1922,576.3282,-0.034,-0.1879,-0.3377,-36.584,-0.5885
13301.248000,221.687467,3.694791,514.5688,515.9988,24.605,29.021,-9999,-59994.03,-9999,562.0475,590.0001,576.1486,-0.0338,-0.1861,-0.3375,-36.8403,-0.5879
13307.658240,221.794304,3.696572,514.4083,515.8036,24.5642,29.0142,-9999,-59994.03,-9999,561.8688,589.796,575.9459,-0.0368,-0.1915,-0.3417,-37.1031,-0.5899
13314.068480,221.901141,3.698352,514.2521,515.6752,24.5898,29.0204,-9999,-59994.03,-9999,561.6938,589.6041,575.7524,-0.0354,-0.1929,-0.3434,-37.5177,-0.5926
13320.478720,222.007979,3.700133,514.0932,515.4874,24.5732,29.0206,-9999,-59994.03,-9999,561.5114,589.4031,575.5597,-0.0361,-0.1949,-0.3457,-37.7314,-0.5941
13326.888960,222.114816,3.701914,513.9337,515.3476,24.5693,29.0229,-9999,-59994.03,-9999,561.3339,589.2125,575.3726,-0.0399,-0.1992,-0.3504,-37.8065,-0.5934
13333.299200,222.221653,3.703694,513.7772,515.1782,24.5896,29.0227,-9999,-59994.03,-9999,561.1559,589.0307,575.1918,-0.0399,-0.205,-0.3579,-38.2522,-0.597
13339.709440,222.328491,3.705475,513.6158,515.0095,24.5496,29.021,-9999,-59994.03,-9999,560.9796,588.8423,575.0106,-0.0448,-0.2158,-0.3701,-39.3858,-0.6059
13346.119680,222.435328,3.707255,513.4609,514.8714,24.5967,29.0291,-9999,-59994.03,-9999,560.8129,588.6551,574.8401,-0.0454,-0.2191,-0.3747,-40.0504,-0.6139
13352.529920,222.542165,3.709036,513.3031,514.6786,24.5499,29.03,-9999,-59994.03,-9999,560.6392,588.4536,574.6536,-0.0423,-0.219,-0.3759,-40.5599,-0.6219
13358.940160,222.649003,3.710817,513.1411,514.5534,24.5819,29.0279,-9999,-59994.03,-9999,560.4633,588.2642,574.4633,-0.0446,-0.2226,-0.3788,-41.1053,-0.6258
13365.350400,222.755840,3.712597,512.9794,514.3604,24.5614,29.0206,-9999,-59994.03,-9999,560.2805,588.0719,574.2808,-0.0498,-0.2273,-0.3813,-41.1067,-0.6241
13371.760640,222.862677,3.714378,512.8253,514.2232,24.5522,29.0188,-9999,-59994.03,-9999,560.1009,587.884,574.0843,-0.0502,-0.2265,-0.3835,-41.4333,-0.6283
13378.170880,222.969515,3.716159,512.6635,514.068,24.5879,29.025,-9999,-59994.03,-9999,559.9268,587.6956,573.9072,-0.0488,-0.2264,-0.3882,-42.2388,-0.6384
13384.581120,223.076352,3.717939,512.5033,513.88,24.5393,29.0174,-9999,-59994.03,-9999,559.7563,587.5062,573.7352,-0.0468,-0.2218,-0.3853,-42.2097,-0.6425
13390.991360,223.183189,3.719720,512.3475,513.7546,24.5637,29.0151,-9999,-59994.03,-9999,559.5988,587.3253,573.5637,-0.0479,-0.2207,-0.3839,-42.0867,-0.6429
13397.401600,223.290027,3.721500,512.1885,513.58,24.5757,29.0105,-9999,-59994.03,-9999,559.4234,587.1256,573.3805,-0.0488,-0.2217,-0.3817,-42.1837,-0.6444
13403.811840,223.396864,3.723281,512.0329,513.4171,24.5353,29.0047,-9999,-59994.03,-9999,559.2377,586.9384,573.1908,-0.0508,-0.2245,-0.3873,-42.9797,-0.6487
13410.222080,223.503701,3.725062,511.874,513.282,24.581,29.004,-9999,-59994.03,-9999,559.0684,586.7369,573.0081,-0.0559,-0.2316,-0.3986,-43.8622,-0.6575
13416.632320,223.610539,3.726842,511.7142,513.0916,24.5413,28.99,-9999,-59994.03,-9999,558.8784,586.5444,572.8153,-0.0564,-0.2413,-0.4081,-44.7061,-0.6672
13423.042560,223.717376,3.728623,511.5596,512.9559,24.5489,28.9838,-9999,-59994.03,-9999,558.7034,586.3555,572.6293,-0.0575,-0.2475,-0.4159,-45.5259,-0.6788
13429.452800,223.824213,3.730404,511.4031,512.7896,24.5669,28.9714,-9999,-59994.03,-9999,558.5314,586.1671,572.4444,-0.0575,-0.2513,-0.4196,-45.9225,-0.6817
13435.863040,223.931051,3.732184,511.2472,512.6215,24.5273,28.9696,-9999,-59994.03,-9999,558.3501,585.9749,572.2525,-0.0565,-0.251,-0.4159,-45.5507,-0.6772
13442.273280,224.037888,3.733965,511.0929,512.4899,24.5709,28.9677,-9999,-59994.03,-9999,558.1794,585.7957,572.0746,-0.0521,-0.2425,-0.4122,-45.4477,-0.6718
13448.683520,224.144725,3.735745,510.932,512.2975,24.5321,28.967,-9999,-59994.03,-9999,558.0029,585.6175,571.9028,-0.0448,-0.233,-0.405,-44.5672,-0.6656
13455.093760,224.251563,3.737526,510.7774,512.1653,24.548,28.9597,-9999,-59994.03,-9999,557.7674,585.4202,571.7175,-0.0433,-0.2246,-0.3956,-43.7549,-0.6585
13461.504000,224.358400,3.739307,510.615,511.9819,24.5446,28.9643,-9999,-59994.03,-9999,557.5977,585.2264,571.5399,-0.0429,-0.2211,-0.3874,-42.877,-0.652
13467.914240,224.465237,3.741087,510.4534,511.8332,24.5224,28.9454,-9999,-59994.03,-9999,557.4167,585.0453,571.3528,-0.0453,-0.2199,-0.3831,-42.679,-0.6505
13474.324480,224.572075,3.742868,510.2949,511.6669,24.5455,28.9383,-9999,-59994.03,-9999,557.24,584.8583,571.1729,-0.0454,-0.2162,-0.3805,-42.5742,-0.6505
13480.734720,224.678912,3.744649,510.1344,511.5009,24.5097,28.9344,-9999,-59994.03,-9999,557.0622,584.6871,571.011,-0.0459,-0.2172,-0.3836,-42.7435,-0.6503
13487.144960,224.785749,3.746429,509.9785,511.3514,24.5443,28.931,-9999,-59994.03,-9999,556.8824,584.496,570.8254,-0.0463,-0.218,-0.3828,-42.7608,-0.647
13493.555200,224.892587,3.748210,509.821,511.1824,24.5019,28.9197,-9999,-59994.03,-9999,556.7061,584.3015,570.641,-0.0478,-0.2224,-0.3869,-42.766,-0.6452
13499.965440,224.999424,3.749990,509.6665,511.0373,24.5413,28.9103,-9999,-59994.03,-9999,556.5305,584.1025,570.4493,-0.0495,-0.2289,-0.3923,-43.0966,-0.6461
13506.375680,225.106261,3.751771,509.5073,510.8757,24.503,28.9029,-9999,-59994.03,-9999,556.3487,583.9136,570.2699,-0.0497,-0.2293,-0.3965,-43.6961,-0.6499
13512.785920,225.213099,3.753552,509.3492,510.7113,24.5231,28.8887,-9999,-59994.03,-9999,556.1702,583.7161,570.0719,-0.0492,-0.2312,-0.3989,-43.8603,-0.6533
13519.196160,225.319936,3.755332,509.1944,510.5733,24.5215,28.8958,-9999,-59994.03,-9999,555.9917,583.5342,569.8945,-0.0483,-0.2318,-0.3939,-43.0905,-0.6511
13525.606400,225.426773,3.757113,509.0382,510.3899,24.4993,28.8944,-9999,-59994.03,-9999,555.8193,583.338,569.7054,-0.0447,-0.2262,-0.3866,-42.8883,-0.654
13532.016640,225.533611,3.758894,508.8804,510.2541,24.536,28.8914,-9999,-59994.03,-9999,555.6465,583.1572,569.5315,-0.0447,-0.2267,-0.3882,-43.5237,-0.6627
13538.426880,225.640448,3.760674,508.7247,510.089,24.5003,28.8829,-9999,-59994.03,-9999,555.4725,582.9654,569.3558,-0.0455,-0.2293,-0.3947,-44.1284,-0.6681
13544.837120,225.747285,3.762455,508.5712,509.9213,24.5,28.8829,-9999,-59994.03,-9999,555.3084,582.7736,569.1735,-0.05,-0.2346,-0.4012,-44.2748,-0.6688
13551.247360,225.854123,3.764235,508.4142,509.7915,24.5351,28.8747,-9999,-59994.03,-9999,555.1212,582.572,568.9782,-0.0491,-0.2368,-0.4039,-44.3405,-0.6709
13557.657600,225.960960,3.766016,508.2538,509.6202,24.4936,28.8816,-9999,-59994.03,-9999,554.9399,582.3894,568.7986,-0.0462,-0.2337,-0.4018,-44.3664,-0.6716
13564.067840,226.067797,3.767797,508.1012,509.4501,24.4938,28.8813,-9999,-59994.03,-9999,554.7623,582.1963,568.6143,-0.042,-0.2288,-0.3988,-44.0939,-0.6724
13570.478080,226.174635,3.769577,507.9468,509.3172,24.5273,28.8806,-9999,-59994.03,-9999,554.5923,582.005,568.4258,-0.0437,-0.2271,-0.3912,-43.3893,-0.6681
13576.888320,226.281472,3.771358,507.7911,509.1613,24.5014,28.8802,-9999,-59994.03,-9999,554.412,581.8178,568.2474,-0.0458,-0.2303,-0.3933,-43.3905,-0.6682
13583.298560,226.388309,3.773138,507.6378,508.9782,24.4832,28.8747,-9999,-59994.03,-9999,554.2432,581.5763,568.0124,-0.045,-0.2322,-0.3996,-43.8666,-0.669
13589.708800,226.495147,3.774919,507.476,508.8416,24.5203,28.8749,-9999,-59994.03,-9999,554.0759,581.3948,567.8422,-0.0419,-0.2287,-0.3956,-43.6815,-0.664
13596.119040,226.601984,3.776700,507.3217,508.692,24.5067,28.8671,-9999,-59994.03,-9999,553.9052,581.2107,567.6641,-0.0444,-0.2253,-0.3893,-43.147,-0.6561
13602.529280,226.708821,3.778480,507.1658,508.5107,24.4749,28.8593,-9999,-59994.03,-9999,553.7278,581.0235,567.4764,-0.047,-0.2243,-0.3891,-43.2658,-0.6574
13608.939520,226.815659,3.780261,507.0151,508.3614,24.5021,28.8549,-9999,-59994.03,-9999,553.5548,580.8217,567.2876,-0.0499,-0.2279,-0.3886,-43.2655,-0.6594
13615.349760,226.922496,3.782042,506.8616,508.2267,24.5095,28.8508,-9999,-59994.03,-9999,553.3814,580.6439,567.1074,-0.0489,-0.2296,-0.387,-43.1009,-0.6634
13621.760000,227.029333,3.783822,506.7019,508.0394,24.4689,28.8397,-9999,-59994.03,-9999,553.2014,580.447,566.9258,-0.0422,-0.2252,-0.3859,-43.2537,-0.6703
13628.170240,227.136171,3.785603,506.5464,507.8872,24.4959,28.8361,-9999,-59994.03,-9999,553.0312,580.2506,566.7405,-0.0415,-0.2249,-0.3905,-43.9155,-0.6767
13634.580480,227.243008,3.787383,506.39,507.7492,24.5016,28.8289,-9999,-59994.03,-9999,552.8512,580.0543,566.5504,-0.0444,-0.2262,-0.3934,-44.3747,-0.6794
13640.990720,227.349845,3.789164,506.2391,507.5703,24.4636,28.8303,-9999,-59994.03,-9999,552.6777,579.8641,566.3638,-0.0418,-0.2224,-0.3932,-44.2188,-0.675
13647.400960,227.456683,3.790945,506.082,507.4255,24.4968,28.8216,-9999,-59994.03,-9999,552.503,579.6767,566.1813,-0.0407,-0.2193,-0.3846,-43.1864,-0.6607
13653.811200,227.563520,3.792725,505.9263,507.2808,24.4968,28.8149,-9999,-59994.03,-9999,552.326,579.4906,565.9988,-0.038,-0.2087,-0.3729,-41.9246,-0.6486
13660.221440,227.670357,3.794506,505.7707,507.1005,24.4566,28.8147,-9999,-59994.03,-9999,552.148,579.3061,565.8206,-0.0359,-0.2022,-0.3638,-40.9371,-0.6428
13666.631680,227.777195,3.796287,505.6154,506.9444,24.4776,28.8163,-9999,-59994.03,-9999,551.9841,579.1146,565.6359,-0.0371,-0.2025,-0.3626,-40.7262,-0.6387
13673.041920,227.884032,3.798067,505.4553,506.8108,24.4982,28.8085,-9999,-59994.03,-9999,551.8135,578.9226,565.4548,-0.0391,-0.2059,-0.3683,-40.9099,-0.6338
13679.452160,227.990869,3.799848,505.307,506.6443,24.4633,28.8032,-9999,-59994.03,-9999,551.6383,578.7276,565.2621,-0.0394,-0.2086,-0.3672,-40.5131,-0.6298
13685.862400,228.097707,3.801628,505.1576,506.4732,24.4532,28.8087,-9999,-59994.03,-9999,551.4692,578.5403,565.0764,-0.0424,-0.2075,-0.366,-40.2462,-0.6252
13692.272640,228.204544,3.803409,505.0031,506.3431,24.4929,28.8147,-9999,-59994.03,-9999,551.2986,578.3455,564.8915,-0.0444,-0.208,-0.3646,-39.9224,-0.6199
13698.682880,228.311381,3.805190,504.8456,506.1828,24.462,28.8145,-9999,-59994.03,-9999,551.1256,578.1601,564.709,-0.0421,-0.2084,-0.362,-39.4646,-0.6152
13705.093120,228.418219,3.806970,504.6955,506.0097,24.4541,28.8135,-9999,-59994.03,-9999,550.9532,577.962,564.5247,-0.0431,-0.2068,-0.3587,-39.4708,-0.6139
13711.503360,228.525056,3.808751,504.5435,505.8824,24.4901,28.8085,-9999,-59994.03,-9999,550.7839,577.7799,564.347,-0.0401,-0.2039,-0.3554,-39.2301,-0.6118
13717.913600,228.631893,3.810532,504.3958,505.719,24.4599,28.8172,-9999,-59994.03,-9999,550.6221,577.6006,564.1753,-0.0414,-0.2026,-0.3536,-39.0428,-0.6091
13724.323840,228.738731,3.812312,504.2429,505.5512,24.4573,28.8209,-9999,-59994.03,-9999,550.3889,577.4067,563.9824,-0.0425,-0.2027,-0.35,-38.9015,-0.6067
13730.734080,228.845568,3.814093,504.0886,505.4235,24.4878,28.819,-9999,-59994.03,-9999,550.2115,577.219,563.8019,-0.0441,-0.2059,-0.3539,-38.7343,-0.6053
13737.144320,228.952405,3.815873,503.9319,505.2526,24.4518,28.8163,-9999,-59994.03,-9999,550.0411,577.0454,563.6266,-0.0434,-0.2072,-0.3521,-38.124,-0.6013
13743.554560,229.059243,3.817654,503.7805,505.0831,24.4391,28.8135,-9999,-59994.03,-9999,549.8701,576.8642,563.4484,-0.0436,-0.2117,-0.3582,-38.5347,-0.6071
13749.964800,229.166080,3.819435,503.5656,504.881,24.4083,28.7477,-9999,-59994.03,-9999,549.6918,576.6699,563.259,-0.0442,-0.2136,-0.3633,-38.8838,-0.6087
13756.375040,229.272917,3.821215,503.4144,504.7395,24.4063,28.739,-9999,-59994.03,-9999,549.5094,576.4893,563.0829,-0.0442,-0.2155,-0.3671,-39.0981,-0.6093
13762.785280,229.379755,3.822996,503.2564,504.5574,24.3677,28.7392,-9999,-59994.03,-9999,549.3325,576.2997,562.905,-0.0391,-0.2098,-0.3634,-39.0102,-0.6065
13769.195520,229.486592,3.824777,503.1028,504.4027,24.3866,28.7367,-9999,-59994.03,-9999,549.1579,576.1277,562.7311,-0.0329,-0.1988,-0.3544,-38.4684,-0.6025
13775.605760,229.593429,3.826557,502.9481,504.2628,24.4083,28.7328,-9999,-59994.03,-9999,548.9744,575.9592,562.5541,-0.0308,-0.1915,-0.3449,-37.8916,-0.5972
13782.016000,229.700267,3.828338,502.794,504.1041,24.3938,28.7277,-9999,-59994.03,-9999,548.7955,575.7717,562.3748,-0.0337,-0.1919,-0.3472,-37.9988,-0.5976
13788.426240,229.807104,3.830118,502.6406,503.9238,24.3649,28.7376,-9999,-59994.03,-9999,548.6166,575.5946,562.1934,-0.0388,-0.2003,-0.3526,-38.4211,-0.6008
13794.836480,229.913941,3.831899,502.4874,503.7811,24.3989,28.7264,-9999,-59994.03,-9999,548.4372,575.4142,562.0042,-0.0421,-0.2072,-0.3557,-38.7903,-0.6071
13801.246720,230.020779,3.833680,502.3237,503.6372,24.3979,28.7326,-9999,-59994.03,-9999,548.2502,575.2344,561.8294,-0.0445,-0.2129,-0.3611,-39.3236,-0.6121
13807.656960,230.127616,3.835460,502.169,503.4494,24.367,28.7254,-9999,-59994.03,-9999,548.0715,575.0508,561.6533,-0.0462,-0.2164,-0.3681,-39.6427,-0.6137
13814.067200,230.234453,3.837241,502.0186,503.3186,24.4153,28.7418,-9999,-59994.03,-9999,547.8965,574.8582,561.4696,-0.0474,-0.2207,-0.3754,-40.109,-0.6176
13820.477440,230.341291,3.839022,501.8628,503.1569,24.3848,28.7452,-9999,-59994.03,-9999,547.7189,574.6624,561.2896,-0.0477,-0.2239,-0.3788,-40.4021,-0.6193
13826.887680,230.448128,3.840802,501.7113,502.993,24.4009,28.7466,-9999,-59994.03,-9999,547.5441,574.4785,561.1067,-0.0457,-0.221,-0.3756,-40.2082,-0.622
13833.297920,230.554965,3.842583,501.5568,502.8608,24.4079,28.7542,-9999,-59994.03,-9999,547.3751,574.2978,560.9285,-0.0442,-0.2209,-0.3777,-40.6456,-0.6277
13839.708160,230.661803,3.844363,501.4051,502.6794,24.3841,28.7496,-9999,-59994.03,-9999,547.1994,574.1028,560.7526,-0.0457,-0.2252,-0.3842,-41.1546,-0.6307
13846.118400,230.768640,3.846144,501.2545,502.5551,24.43,28.7526,-9999,-59994.03,-9999,547.0331,573.9199,560.5776,-0.049,-0.2289,-0.3895,-41.5524,-0.6323
13852.528640,230.875477,3.847925,501.1079,502.389,24.4014,28.7576,-9999,-59994.03,-9999,546.8527,573.7302,560.3925,-0.0469,-0.2287,-0.3915,-42.0371,-0.6379
13858.938880,230.982315,3.849705,500.9543,502.2294,24.409,28.7611,-9999,-59994.03,-9999,546.6727,573.5433,560.2086,-0.0458,-0.2264,-0.3897,-42.471,-0.6418
13865.349120,231.089152,3.851486,500.8047,502.0981,24.4406,28.7627,-9999,-59994.03,-9999,546.489,573.3577,560.0298,-0.0453,-0.2251,-0.3884,-42.6413,-0.6448
13871.759360,231.195989,3.853266,500.655,501.9254,24.4005,28.7613,-9999,-59994.03,-9999,546.3168,573.1864,559.8536,-0.0472,-0.2276,-0.3899,-42.9008,-0.6483
13878.169600,231.302827,3.855047,500.5071,501.7781,24.4303,28.7613,-9999,-59994.03,-9999,546.1462,573.0026,559.6689,-0.0442,-0.2237,-0.3872,-42.5971,-0.6468
13884.579840,231.409664,3.856828,500.3484,501.6372,24.4316,28.7647,-9999,-59994.03,-9999,545.9703,572.829,559.4953,-0.0451,-0.223,-0.3839,-42.0529,-0.643
13890.990080,231.516501,3.858608,500.2002,501.4525,24.4102,28.7624,-9999,-59994.03,-9999,545.8522,572.6371,559.3072,-0.0455,-0.2213,-0.3811,-41.7095,-0.6416
13897.400320,231.623339,3.860389,500.0502,501.3372,24.4508,28.7765,-9999,-59994.03,-9999,545.6818,572.4601,559.1296,-0.0457,-0.2218,-0.3824,-42.192,-0.6474
13903.810560,231.730176,3.862170,499.9294,501.1476,24.4123,28.7744,-9999,-59994.03,-9999,545.5024,572.2755,558.9561,-0.0482,-0.2242,-0.3865,-42.7015,-0.6472
13910.220800,231.837013,3.863950,499.7806,501.0305,24.4556,28.7769,-9999,-59994.03,-9999,545.32,572.0953,558.7772,-0.0471,-0.2234,-0.384,-42.5699,-0.6439
13916.631040,231.943851,3.865731,499.6287,500.8389,24.4141,28.7811,-9999,-59994.03,-9999,545.1433,571.9091,558.5897,-0.0492,-0.224,-0.3827,-42.4953,-0.6439
13923.041280,232.050688,3.867511,499.4795,500.7151,24.4547,28.7886,-9999,-59994.03,-9999,544.9744,571.7317,558.4189,-0.0472,-0.2272,-0.3856,-42.4053,-0.6466
13929.451520,232.157525,3.869292,499.326,500.5283,24.4261,28.7886,-9999,-59994.03,-9999,544.7966,571.5405,558.2349,-0.0491,-0.2318,-0.3909,-42.9497,-0.6503
13935.861760,232.264363,3.871073,499.1775,500.4106,24.4621,28.7919,-9999,-59994.03,-9999,544.6166,571.3536,558.0591,-0.0542,-0.2401,-0.4003,-43.6243,-0.6545
13942.272000,232.371200,3.872853,499.0825,500.2808,24.5012,28.8434,-9999,-59994.03,-9999,544.4401,571.1746,557.8817,-0.0557,-0.2436,-0.4041,-43.9689,-0.6554
13948.682240,232.478037,3.874634,498.9329,500.1563,24.5111,28.8485,-9999,-59994.03,-9999,544.2697,570.9908,557.7087,-0.0507,-0.2393,-0.4063,-44.3268,-0.6615
13955.092480,232.584875,3.876415,498.781,499.9866,24.5208,28.8487,-9999,-59994.03,-9999,544.092,570.8038,557.5282,-0.0499,-0.2361,-0.4037,-44.2753,-0.6614
13961.502720,232.691712,3.878195,498.6416,499.888,24.5164,28.857,-9999,-59994.03,-9999,543.9183,570.6127,557.3493,-0.0496,-0.2354,-0.4002,-44.0124,-0.6559
13967.912960,232.798549,3.879976,498.4883,499.719,24.5289,28.8613,-9999,-59994.03,-9999,543.7538,570.4307,557.175,-0.0458,-0.2322,-0.3981,-43.4977,-0.652
13974.323200,232.905387,3.881756,498.3381,499.5854,24.5286,28.854,-9999,-59994.03,-9999,543.5854,570.2408,556.998,-0.0407,-0.2246,-0.392,-42.9027,-0.6525
13980.733440,233.012224,3.883537,498.1845,499.4096,24.5192,28.8501,-9999,-59994.03,-9999,543.4141,570.0433,556.8151,-0.0371,-0.217,-0.3865,-42.6434,-0.6504
13987.143680,233.119061,3.885318,498.0359,499.2901,24.554,28.8478,-9999,-59994.03,-9999,543.233,569.8511,556.624,-0.0381,-0.2158,-0.3824,-42.277,-0.6478
13993.553920,233.225899,3.887098,497.8807,499.0988,24.5053,28.8409,-9999,-59994.03,-9999,543.0547,569.6707,556.4484,-0.039,-0.2144,-0.377,-41.5564,-0.6392
13999.964160,233.332736,3.888879,497.7347,498.9792,24.5612,28.8473,-9999,-59994.03,-9999,542.8897,569.488,556.2753,-0.0362,-0.2087,-0.3724,-40.7677,-0.6312
14006.374400,233.439573,3.890660,497.5815,498.8022,24.5118,28.84,-9999,-59994.03,-9999,542.7237,569.3049,556.0977,-0.0358,-0.2035,-0.3596,-39.5934,-0.6202
14012.784640,233.546411,3.892440,497.4313,498.6747,24.5584,28.8312,-9999,-59994.03,-9999,542.5447,569.1138,555.9099,-0.0376,-0.1982,-0.3478,-38.7523,-0.6139
14019.194880,233.653248,3.894221,497.2852,498.5081,24.5166,28.8299,-9999,-59994.03,-9999,542.3761,568.9404,555.739,-0.0359,-0.1955,-0.3423,-38.2272,-0.6121
14025.605120,233.760085,3.896001,497.1328,498.3566,24.5476,28.8257,-9999,-59994.03,-9999,542.2079,568.7454,555.5621,-0.0383,-0.1969,-0.3404,-37.8514,-0.6081
14032.015360,233.866923,3.897782,496.9874,498.2163,24.5356,28.8384,-9999,-59994.03,-9999,542.0433,568.5601,555.3838,-0.0423,-0.2011,-0.3429,-37.6858,-0.6048
14038.425600,233.973760,3.899563,496.8328,498.0454,24.5256,28.8324,-9999,-59994.03,-9999,541.8668,568.3665,555.1953,-0.0402,-0.1994,-0.3408,-37.3644,-0.5995
14044.835840,234.080597,3.901343,496.6869,497.9217,24.5556,28.8333,-9999,-59994.03,-9999,541.6986,568.1768,555.0103,-0.0387,-0.2002,-0.3465,-38.2239,-0.6047
14051.246080,234.187435,3.903124,496.5312,497.7362,24.5079,28.8312,-9999,-59994.03,-9999,541.5291,567.9924,554.837,-0.0425,-0.2075,-0.361,-39.3274,-0.61
14057.656320,234.294272,3.904905,496.3812,497.6157,24.5513,28.8292,-9999,-59994.03,-9999,541.3636,567.8137,554.6546,-0.0486,-0.2161,-0.3681,-39.813,-0.6181
14064.066560,234.401109,3.906685,496.2383,497.4552,24.5226,28.8193,-9999,-59994.03,-9999,541.1887,567.6397,554.4799,-0.0477,-0.2195,-0.3732,-40.3995,-0.6258
14070.476800,234.507947,3.908466,496.0856,497.2902,24.54,28.8089,-9999,-59994.03,-9999,541.0154,567.4459,554.2933,-0.0451,-0.2213,-0.3771,-41.0665,-0.6352
14076.887040,234.614784,3.910246,495.9255,497.1511,24.5496,28.8103,-9999,-59994.03,-9999,540.8443,567.2645,554.124,-0.0445,-0.2255,-0.3852,-42.2723,-0.6444
14083.297280,234.721621,3.912027,495.7944,496.9861,24.5148,28.7984,-9999,-59994.03,-9999,540.6872,567.0865,553.9536,-0.0458,-0.2303,-0.3909,-42.5798,-0.6463
14089.707520,234.828459,3.913808,495.6422,496.8533,24.5563,28.7478,-9999,-59994.03,-9999,540.5124,566.9042,553.7755,-0.0461,-0.2286,-0.3889,-42.3609,-0.6423
14096.117760,234.935296,3.915588,495.4408,496.6928,24.5577,28.794,-9999,-59994.03,-9999,540.3481,566.7213,553.6047,-0.0489,-0.2331,-0.3903,-42.5482,-0.6468
14102.528000,235.042133,3.917369,495.2795,496.5214,24.5252,28.7919,-9999,-59994.03,-9999,540.1761,566.5382,553.4177,-0.0485,-0.2312,-0.3896,-42.7709,-0.6508
14108.938240,235.148971,3.919150,495.1301,496.3679,24.5356,28.7951,-9999,-59994.03,-9999,540.0057,566.3822,553.2316,-0.0416,-0.2243,-0.3834,-42.2159,-0.6465
14115.348480,235.255808,3.920930,494.9815,496.2459,24.5716,28.7841,-9999,-59994.03,-9999,539.8312,566.1663,553.059,-0.0409,-0.2189,-0.3817,-41.9374,-0.643
14121.758720,235.362645,3.922711,494.832,496.0858,24.5469,28.7802,-9999,-59994.03,-9999,539.6585,565.9708,552.8742,-0.0381,-0.2123,-0.3791,-41.8942,-0.6442
14128.168960,235.469483,3.924491,494.6812,495.9371,24.4472,28.7025,-9999,-59994.03,-9999,539.5108,565.7875,552.6937,-0.0391,-0.2094,-0.3752,-41.4796,-0.6377
14134.579200,235.576320,3.926272,494.5382,495.7783,24.5563,28.7832,-9999,-59994.03,-9999,539.3308,565.6183,552.5244,-0.0406,-0.2063,-0.3744,-41.3944,-0.636
14140.989440,235.683157,3.928053,494.3892,495.6437,24.5688,28.7689,-9999,-59994.03,-9999,539.1656,565.4442,552.3606,-0.0423,-0.2095,-0.3765,-41.6632,-0.6357
14147.399680,235.789995,3.929833,494.2423,495.4717,24.5323,28.7795,-9999,-59994.03,-9999,538.9985,565.2375,552.1749,-0.0417,-0.2077,-0.3724,-41.2387,-0.6322
14153.809920,235.896832,3.931614,494.0978,495.3175,24.5326,28.7696,-9999,-59994.03,-9999,538.8252,565.0616,551.9966,-0.0407,-0.2086,-0.37,-41.3932,-0.6339
14160.220160,236.003669,3.933394,493.9458,495.1864,24.5734,28.7671,-9999,-59994.03,-9999,538.6661,564.8809,551.8236,-0.0419,-0.2102,-0.3684,-41.4107,-0.6358
14166.630400,236.110507,3.935175,493.8072,495.0572,24.5035,28.7138,-9999,-59994.03,-9999,538.4937,564.7028,551.6296,-0.0443,-0.2134,-0.3661,-40.8724,-0.6322
14173.040640,236.217344,3.936956,493.6299,494.851,24.5206,28.763,-9999,-59994.03,-9999,538.3358,564.5123,551.4621,-0.0446,-0.2161,-0.3674,-40.4744,-0.6278
14179.450880,236.324181,3.938736,493.4847,494.7163,24.56,28.7531,-9999,-59994.03,-9999,538.1672,564.3342,551.283,-0.0455,-0.2188,-0.3705,-40.3683,-0.6263
14185.861120,236.431019,3.940517,493.3391,494.5758,24.5669,28.7471,-9999,-59994.03,-9999,538.0054,564.1614,551.1102,-0.0474,-0.2242,-0.3766,-40.8901,-0.6311
14192.271360,236.537856,3.942298,493.1924,494.4073,24.5296,28.7375,-9999,-59994.03,-9999,537.8356,563.9746,550.9269,-0.0465,-0.2263,-0.3818,-41.5954,-0.6385
14198.681600,236.644693,3.944078,493.045,494.2481,24.5328,28.7322,-9999,-59994.03,-9999,537.6699,563.7885,550.7549,-0.0461,-0.2298,-0.3865,-42.1119,-0.6419
14205.091840,236.751531,3.945859,492.8952,494.1183,24.5591,28.7276,-9999,-59994.03,-9999,537.5008,563.5953,550.5544,-0.0487,-0.2322,-0.3891,-42.1996,-0.6439
14211.502080,236.858368,3.947639,492.743,493.9762,24.5653,28.7168,-9999,-59994.03,-9999,537.3317,563.4266,550.3932,-0.0477,-0.2295,-0.3892,-42.3118,-0.6414
14217.912320,236.965205,3.949420,492.5962,493.8096,24.5441,28.7067,-9999,-59994.03,-9999,537.1634,563.2514,550.2138,-0.0455,-0.2254,-0.386,-42.2135,-0.6395
14224.322560,237.072043,3.951201,492.4438,493.6397,24.5162,28.706,-9999,-59994.03,-9999,536.9945,563.0607,550.032,-0.0452,-0.2219,-0.3849,-42.6108,-0.6459
14230.732800,237.178880,3.952981,492.3016,493.4959,24.5266,28.7046,-9999,-59994.03,-9999,536.8276,562.8905,549.8726,-0.046,-0.2248,-0.3869,-42.7988,-0.6504
14237.143040,237.285717,3.954762,492.1596,493.3631,24.5563,28.7016,-9999,-59994.03,-9999,536.6689,562.7109,549.6909,-0.0466,-0.226,-0.3857,-43.0289,-0.6521
14243.553280,237.392555,3.956543,491.9993,493.214,24.545,28.6926,-9999,-59994.03,-9999,536.5057,562.5295,549.5089,-0.0503,-0.2281,-0.3888,-43.3439,-0.6556
14249.963520,237.499392,3.958323,491.8542,493.0419,24.5079,28.6931,-9999,-59994.03,-9999,536.3309,562.3471,549.3394,-0.0528,-0.2323,-0.393,-43.7037,-0.659
14256.373760,237.606229,3.960104,491.7044,492.8914,24.5199,28.6855,-9999,-59994.03,-9999,536.1683,562.1747,549.1689,-0.0483,-0.2298,-0.3933,-43.8685,-0.6595
14262.784000,237.713067,3.961884,491.5589,492.7705,24.5529,28.6775,-9999,-59994.03,-9999,536.012,561.9899,548.9981,-0.0461,-0.2293,-0.3953,-44.13,-0.664
14269.194240,237.819904,3.963665,491.4153,492.6202,24.5404,28.6752,-9999,-59994.03,-9999,535.8495,561.8062,548.8181,-0.0463,-0.2326,-0.3981,-44.0424,-0.6686
14275.604480,237.926741,3.965446,491.2659,492.4507,24.5046,28.6611,-9999,-59994.03,-9999,535.6744,561.6846,548.7018,-0.049,-0.2344,-0.3987,-43.9618,-0.6692
14282.014720,238.033579,3.967226,491.1191,492.304,24.5166,28.6605,-9999,-59994.03,-9999,535.5068,561.5116,548.5259,-0.049,-0.2335,-0.4011,-44.2096,-0.6697
14288.424960,238.140416,3.969007,490.9703,492.1782,24.5483,28.6542,-9999,-59994.03,-9999,535.3532,561.3331,548.3516,-0.048,-0.2317,-0.4015,-44.4803,-0.671
14294.835200,238.247253,3.970788,490.8267,492.0292,24.5365,28.6483,-9999,-59994.03,-9999,535.1873,561.1422,548.1668,-0.0498,-0.233,-0.4023,-44.677,-0.6727
14301.245440,238.354091,3.972568,490.6808,491.8518,24.4986,28.6471,-9999,-59994.03,-9999,535.0142,560.8901,547.925,-0.052,-0.2378,-0.4041,-45.0285,-0.6747
14307.655680,238.460928,3.974349,490.532,491.7203,24.5254,28.6411,-9999,-59994.03,-9999,534.844,560.7147,547.7487,-0.0512,-0.2397,-0.4053,-45.225,-0.6787
14314.065920,238.567765,3.976129,490.3851,491.5897,24.54,28.6423,-9999,-59994.03,-9999,534.693,560.5848,547.6283,-0.0488,-0.2371,-0.404,-45.0963,-0.6815
14320.476160,238.674603,3.977910,490.2419,491.4168,24.5016,28.6506,-9999,-59994.03,-9999,534.5149,560.4194,547.4609,-0.0467,-0.2324,-0.4024,-44.9354,-0.6821
14326.886400,238.781440,3.979691,490.094,491.2748,24.5238,28.6444,-9999,-59994.03,-9999,534.3486,560.2407,547.2818,-0.0471,-0.2334,-0.4,-44.793,-0.6827
14333.296640,238.888277,3.981471,489.9493,491.1444,24.5256,28.6377,-9999,-59994.03,-9999,534.1945,560.0738,547.1249,-0.0462,-0.2285,-0.3958,-44.2814,-0.6773
14339.706880,238.995115,3.983252,489.8018,490.9633,24.4931,28.6359,-9999,-59994.03,-9999,534.0175,559.9058,546.9646,-0.0445,-0.2273,-0.3928,-43.7842,-0.6731
14346.117120,239.101952,3.985033,489.6532,490.8488,24.5379,28.6352,-9999,-59994.03,-9999,533.8837,559.7253,546.8008,-0.0438,-0.2219,-0.3889,-43.6352,-0.6679
14352.527360,239.208789,3.986813,489.5085,490.679,24.4945,28.629,-9999,-59994.03,-9999,533.7065,559.5357,546.6249,-0.0459,-0.2247,-0.3945,-44.1558,-0.6668
14358.937600,239.315627,3.988594,489.3616,490.5372,24.5183,28.6191,-9999,-59994.03,-9999,533.5465,559.34,546.4409,-0.0477,-0.2267,-0.3949,-44.1061,-0.6627
14365.347840,239.422464,3.990374,489.2164,490.4034,24.5183,28.6138,-9999,-59994.03,-9999,533.3854,559.1589,546.2631,-0.0491,-0.2303,-0.3961,-44.2469,-0.666
14371.758080,239.529301,3.992155,489.068,490.222,24.4853,28.6083,-9999,-59994.03,-9999,533.2054,558.9908,546.093,-0.0495,-0.2351,-0.4,-44.9576,-0.6737
14378.168320,239.636139,3.993936,488.9224,490.0959,24.5224,28.6037,-9999,-59994.03,-9999,533.0502,558.7521,545.8586,-0.0517,-0.2394,-0.4024,-45.1145,-0.6776
14384.578560,239.742976,3.995716,488.7744,489.9585,24.5247,28.597,-9999,-59994.03,-9999,532.9016,558.577,545.6836,-0.0556,-0.246,-0.4088,-45.5748,-0.6843
14390.988800,239.849813,3.997497,488.626,489.7832,24.4806,28.5839,-9999,-59994.03,-9999,532.7222,558.4475,545.5658,-0.055,-0.2495,-0.4152,-45.8618,-0.6864
14397.399040,239.956651,3.999278,488.4808,489.6429,24.4986,28.5811,-9999,-59994.03,-9999,532.5565,558.2682,545.389,-0.0497,-0.2447,-0.4151,-45.6563,-0.6841
14403.809280,240.063488,4.001058,488.333,489.5181,24.5252,28.577,-9999,-59994.03,-9999,532.3998,558.0881,545.2145,-0.0523,-0.2482,-0.4197,-46.2997,-0.6906
14410.219520,240.170325,4.002839,488.1852,489.3432,24.4841,28.5736,-9999,-59994.03,-9999,532.2195,557.9088,545.0319,-0.0503,-0.2492,-0.4218,-46.9108,-0.6973
14416.629760,240.277163,4.004619,488.0405,489.1943,24.4956,28.5671,-9999,-59994.03,-9999,532.0575,557.7305,544.8615,-0.0462,-0.2425,-0.4186,-46.9608,-0.6975
14423.040000,240.384000,4.006400,487.8988,489.0785,24.5236,28.5588,-9999,-59994.03,-9999,531.9076,557.5428,544.6884,-0.0432,-0.2348,-0.4143,-46.5007,-0.6928
14429.450240,240.490837,4.008181,487.7514,488.9154,24.501,28.554,-9999,-59994.03,-9999,531.741,557.3574,544.5075,-0.0419,-0.2316,-0.4126,-46.1892,-0.6896
14435.860480,240.597675,4.009961,487.6088,488.7475,24.4756,28.5478,-9999,-59994.03,-9999,531.5555,557.1789,544.3404,-0.045,-0.2323,-0.4102,-46.0739,-0.6924
14442.270720,240.704512,4.011742,487.4017,488.5549,24.4252,28.4866,-9999,-59994.03,-9999,531.3427,556.9937,544.1545,-0.0438,-0.2268,-0.4029,-45.4246,-0.6879
14448.680960,240.811349,4.013522,487.2535,488.4274,24.4554,28.4836,-9999,-59994.03,-9999,531.1989,556.8232,543.991,-0.0401,-0.2198,-0.3924,-44.5124,-0.6784
14455.091200,240.918187,4.015303,487.1113,488.2719,24.4436,28.4698,-9999,-59994.03,-9999,531.0372,556.6398,543.8182,-0.0438,-0.2198,-0.3905,-43.857,-0.6713
14461.501440,241.025024,4.017084,486.9677,488.1029,24.4056,28.4659,-9999,-59994.03,-9999,530.8472,556.4571,543.6325,-0.0486,-0.2277,-0.3944,-43.8277,-0.6673
14467.911680,241.131861,4.018864,486.8222,487.9615,24.4178,28.4606,-9999,-59994.03,-9999,530.6866,556.2767,543.4556,-0.0511,-0.2316,-0.3958,-43.716,-0.6671
14474.321920,241.238699,4.020645,486.6729,487.8375,24.4476,28.4576,-9999,-59994.03,-9999,530.5333,556.0953,543.2843,-0.0553,-0.2383,-0.4014,-44.0596,-0.671
14480.732160,241.345536,4.022426,486.5239,487.6814,24.4277,28.4491,-9999,-59994.03,-9999,530.3583,555.9158,543.1088,-0.056,-0.2451,-0.4055,-44.3367,-0.6736
14487.142400,241.452373,4.024206,486.3815,487.5091,24.3961,28.4401,-9999,-59994.03,-9999,530.1786,555.7427,542.9349,-0.0565,-0.252,-0.4145,-45.4378,-0.684
14493.552640,241.559211,4.025987,486.2354,487.375,24.4127,28.4365,-9999,-59994.03,-9999,530.0238,555.5745,542.7684,-0.0526,-0.2511,-0.4195,-46.1011,-0.6897
14499.962880,241.666048,4.027767,486.0915,487.2504,24.4406,28.4457,-9999,-59994.03,-9999,529.8811,555.3987,542.5995,-0.0509,-0.2492,-0.4173,-45.982,-0.689
14506.373120,241.772885,4.029548,485.9436,487.0846,24.4129,28.439,-9999,-59994.03,-9999,529.7104,555.225,542.4307,-0.0533,-0.2489,-0.416,-46.0635,-0.6896
14512.783360,241.879723,4.031329,485.7975,486.9208,24.3938,28.4427,-9999,-59994.03,-9999,529.5327,555.0415,542.2561,-0.0517,-0.2444,-0.4167,-46.3373,-0.6923
14519.193600,241.986560,4.033109,485.6497,486.7937,24.4132,28.4314,-9999,-59994.03,-9999,529.374,554.8593,542.0771,-0.0509,-0.2429,-0.4179,-46.5413,-0.6929
14525.603840,242.093397,4.034890,485.504,486.6619,24.4363,28.4337,-9999,-59994.03,-9999,529.2233,554.6837,541.9129,-0.0525,-0.2419,-0.4166,-46.3588,-0.6903
14532.014080,242.200235,4.036671,485.3587,486.4902,24.4009,28.4181,-9999,-59994.03,-9999,529.0533,554.5087,541.7486,-0.0507,-0.2367,-0.4122,-45.8585,-0.6864
14538.424320,242.307072,4.038451,485.2141,486.3391,24.3899,28.4132,-9999,-59994.03,-9999,528.8801,554.3425,541.576,-0.0471,-0.2307,-0.4072,-45.1808,-0.6762
14544.834560,242.413909,4.040232,485.0621,486.2131,24.4222,28.4043,-9999,-59994.03,-9999,528.7391,554.1679,541.408,-0.0444,-0.2274,-0.4,-44.5341,-0.6734
14551.244800,242.520747,4.042012,484.9149,486.0674,24.4194,28.4024,-9999,-59994.03,-9999,528.5726,553.9925,541.2474,-0.0433,-0.2235,-0.3943,-44.4727,-0.674
14557.655040,242.627584,4.043793,484.7692,485.8889,24.3802,28.3965,-9999,-59994.03,-9999,528.3918,553.8109,541.0717,-0.0425,-0.2215,-0.3917,-44.1444,-0.6681
14564.065280,242.734421,4.045574,484.6244,485.7605,24.3991,28.3903,-9999,-59994.03,-9999,528.2499,553.6443,540.9034,-0.0446,-0.2232,-0.3925,-44.0197,-0.6642
14570.475520,242.841259,4.047354,484.4775,485.6302,24.4213,28.3794,-9999,-59994.03,-9999,528.1019,553.4758,540.7304,-0.0457,-0.2262,-0.3969,-44.2899,-0.6623
14576.885760,242.948096,4.049135,484.3301,485.4644,24.3839,28.3721,-9999,-59994.03,-9999,527.9146,553.305,540.5557,-0.0446,-0.2257,-0.3988,-44.5835,-0.6637
14583.296000,243.054933,4.050916,484.1846,485.3095,24.3765,28.3698,-9999,-59994.03,-9999,527.7484,553.1261,540.3924,-0.0464,-0.2272,-0.4002,-44.721,-0.6686
14589.706240,243.161771,4.052696,484.038,485.1913,24.4102,28.3592,-9999,-59994.03,-9999,527.612,552.9629,540.226,-0.0474,-0.228,-0.3974,-44.5211,-0.6713
14596.116480,243.268608,4.054477,483.8897,485.0225,24.3836,28.3519,-9999,-59994.03,-9999,527.4412,552.7836,540.0549,-0.0478,-0.2331,-0.3984,-44.4092,-0.6701
14602.526720,243.375445,4.056257,483.7462,484.8691,24.3668,28.3424,-9999,-59994.03,-9999,527.2637,552.6003,539.8816,-0.044,-0.2319,-0.3945,-43.9023,-0.661
14608.936960,243.482283,4.058038,483.5965,484.7492,24.4072,28.3319,-9999,-59994.03,-9999,527.1214,552.3725,539.6531,-0.0421,-0.2292,-0.3932,-43.3144,-0.6575
14615.347200,243.589120,4.059819,483.4514,484.5987,24.3977,28.3312,-9999,-59994.03,-9999,526.9543,552.1979,539.4864,-0.0425,-0.2279,-0.3905,-42.9145,-0.6546
14621.757440,243.695957,4.061599,483.3042,484.4285,24.3631,28.3229,-9999,-59994.03,-9999,526.7845,552.0352,539.3195,-0.0401,-0.2239,-0.3908,-43.1018,-0.6559
14628.167680,243.802795,4.063380,483.1556,484.2815,24.3608,28.316,-9999,-59994.03,-9999,526.6255,551.8506,539.1528,-0.0439,-0.2235,-0.3891,-42.9353,-0.6566
14634.577920,243.909632,4.065161,483.0077,484.1603,24.3917,28.3091,-9999,-59994.03,-9999,526.4806,551.7292,539.038,-0.0476,-0.2231,-0.3839,-42.4665,-0.6542
14640.988160,244.016469,4.066941,482.86,484.0122,24.3832,28.2971,-9999,-59994.03,-9999,526.3153,551.5611,538.8721,-0.0463,-0.2222,-0.382,-42.3139,-0.6506
14647.398400,244.123307,4.068722,482.7114,483.8371,24.3409,28.2902,-9999,-59994.03,-9999,526.1295,551.3335,538.6467,-0.0448,-0.2229,-0.3829,-41.8989,-0.6482
14653.808640,244.230144,4.070502,482.5665,483.7028,24.3649,28.287,-9999,-59994.03,-9999,525.9659,551.166,538.4736,-0.0436,-0.221,-0.3818,-41.6445,-0.6409
14660.218880,244.336981,4.072283,482.4155,483.5739,24.3839,28.2774,-9999,-59994.03,-9999,525.8113,550.9893,538.2982,-0.0425,-0.2201,-0.3777,-41.3084,-0.639
14666.629120,244.443819,4.074064,482.2646,483.4033,24.3458,28.2631,-9999,-59994.03,-9999,525.631,550.8313,538.1382,-0.0442,-0.223,-0.3817,-41.7201,-0.6421
14673.039360,244.550656,4.075844,482.1192,483.2418,24.3296,28.2691,-9999,-59994.03,-9999,525.4534,550.6594,537.9763,-0.0503,-0.2304,-0.3893,-42.4225,-0.6473
14679.449600,244.657493,4.077625,481.9748,483.117,24.3603,28.2548,-9999,-59994.03,-9999,525.305,550.4824,537.7987,-0.0525,-0.2318,-0.3937,-43.0905,-0.6524
14685.859840,244.764331,4.079406,481.8247,482.9757,24.3686,28.2424,-9999,-59994.03,-9999,525.1348,550.3007,537.6115,-0.0521,-0.2309,-0.3939,-43.0128,-0.6539
14692.270080,244.871168,4.081186,481.6781,482.7982,24.3343,28.2459,-9999,-59994.03,-9999,524.9531,550.1488,537.4548,-0.0474,-0.2255,-0.3873,-42.3725,-0.6471
14698.680320,244.978005,4.082967,481.5327,482.6566,24.3403,28.2486,-9999,-59994.03,-9999,524.7889,549.9688,537.2823,-0.0425,-0.2173,-0.3821,-42.1344,-0.638
14705.090560,245.084843,4.084747,481.3865,482.5376,24.3779,28.2442,-9999,-59994.03,-9999,524.6403,549.8032,537.115,-0.0421,-0.2173,-0.3809,-42.0087,-0.6375
14711.500800,245.191680,4.086528,481.2401,482.3827,24.3673,28.2477,-9999,-59994.03,-9999,524.4623,549.6199,536.9369,-0.0407,-0.2128,-0.3743,-41.5297,-0.6365
14717.911040,245.298517,4.088309,481.0902,482.2135,24.3419,28.258,-9999,-59994.03,-9999,524.2845,549.4528,536.7704,-0.0384,-0.2092,-0.37,-41.0098,-0.6349
14724.321280,245.405355,4.090089,480.9427,482.0908,24.3855,28.2649,-9999,-59994.03,-9999,524.1367,549.2778,536.5997,-0.0411,-0.2114,-0.368,-40.5164,-0.6263
14730.731520,245.512192,4.091870,480.7996,481.9325,24.3656,28.2799,-9999,-59994.03,-9999,523.9641,549.1013,536.4264,-0.0415,-0.2065,-0.3603,-39.3983,-0.6166
14737.141760,245.619029,4.093650,480.6525,481.7778,24.3633,28.2815,-9999,-59994.03,-9999,523.7947,548.9161,536.2614,-0.0391,-0.2003,-0.3548,-38.839,-0.6096
14743.552000,245.725867,4.095431,480.51,481.6634,24.4012,28.2826,-9999,-59994.03,-9999,523.6477,548.7446,536.0914,-0.0417,-0.2019,-0.3563,-39.0111,-0.6057
14749.962240,245.832704,4.097212,480.3658,481.4841,24.364,28.2889,-9999,-59994.03,-9999,523.4579,548.5724,535.9223,-0.0442,-0.2056,-0.3602,-39.5556,-0.6123
14756.372480,245.939541,4.098992,480.2274,481.3495,24.3892,28.3017,-9999,-59994.03,-9999,523.3118,548.4025,535.7636,-0.0464,-0.2102,-0.3686,-40.2793,-0.6194
14762.782720,246.046379,4.100773,480.085,481.2261,24.4155,28.3052,-9999,-59994.03,-9999,523.1585,548.2281,535.596,-0.0437,-0.2105,-0.369,-40.4113,-0.6239
14769.192960,246.153216,4.102554,479.9407,481.0652,24.3961,28.3082,-9999,-59994.03,-9999,522.9888,548.0659,535.4378,-0.0465,-0.2124,-0.3653,-40.3754,-0.6286
14775.603200,246.260053,4.104334,479.798,480.9041,24.3813,28.324,-9999,-59994.03,-9999,522.8229,547.8961,535.2816,-0.0494,-0.2147,-0.3656,-40.5412,-0.629
14782.013440,246.366891,4.106115,479.6553,480.7702,24.4,28.3325,-9999,-59994.03,-9999,522.6597,547.7205,535.108,-0.0486,-0.2203,-0.3721,-40.84,-0.6306
14788.423680,246.473728,4.107895,479.5056,480.6446,24.4309,28.3348,-9999,-59994.03,-9999,522.5075,547.5437,534.9406,-0.0457,-0.2237,-0.3763,-41.0753,-0.6316
14794.833920,246.580565,4.109676,479.3594,480.4951,24.4247,28.3415,-9999,-59994.03,-9999,522.3404,547.3729,534.7662,-0.0418,-0.2199,-0.3744,-40.8046,-0.6257
14801.244160,246.687403,4.111457,479.2088,480.3266,24.4014,28.3424,-9999,-59994.03,-9999,522.1663,547.2023,534.5956,-0.04,-0.2174,-0.3709,-39.874,-0.6144
14807.654400,246.794240,4.113237,479.0632,480.174,24.3908,28.3525,-9999,-59994.03,-9999,521.9892,547.0273,534.4273,-0.0417,-0.2141,-0.3654,-39.0818,-0.6077
14814.064640,246.901077,4.115018,478.9229,480.0455,24.4187,28.3555,-9999,-59994.03,-9999,521.8302,546.8555,534.2566,-0.0439,-0.2154,-0.3672,-39.1212,-0.6044
14820.474880,247.007915,4.116799,478.7703,479.9109,24.4395,28.3558,-9999,-59994.03,-9999,521.6804,546.6782,534.0894,-0.0443,-0.2179,-0.3735,-39.519,-0.6059
14826.885120,247.114752,4.118579,478.6191,479.7557,24.4374,28.3551,-9999,-59994.03,-9999,521.515,546.5086,533.917,-0.0429,-0.2196,-0.3747,-39.827,-0.6095
14833.295360,247.221589,4.120360,478.4735,479.5916,24.4129,28.3551,-9999,-59994.03,-9999,521.3405,546.3345,533.7562,-0.0386,-0.2139,-0.3695,-40.0164,-0.6145
14839.705600,247.328427,4.122140,478.3275,479.4331,24.4016,28.3599,-9999,-59994.03,-9999,521.1751,546.1656,533.5844,-0.0353,-0.206,-0.3625,-39.9722,-0.6126
14846.115840,247.435264,4.123921,478.1791,479.3015,24.4238,28.3571,-9999,-59994.03,-9999,521.0103,545.9786,533.4067,-0.0361,-0.204,-0.3601,-39.625,-0.61
14852.526080,247.542101,4.125702,478.0318,479.17,24.4476,28.3578,-9999,-59994.03,-9999,520.918,545.8109,533.2365,-0.0398,-0.2055,-0.3567,-38.9925,-0.6073
14858.936320,247.648939,4.127482,477.8873,479.0194,24.4506,28.3624,-9999,-59994.03,-9999,520.7548,545.6448,533.0688,-0.0455,-0.2085,-0.3546,-38.3935,-0.6055
14865.346560,247.755776,4.129263,477.7395,478.8585,24.424,28.3571,-9999,-59994.03,-9999,520.5772,545.4744,532.8977,-0.0426,-0.2075,-0.3542,-38.7454,-0.6061
14871.756800,247.862613,4.131044,477.5931,478.7011,24.412,28.3576,-9999,-59994.03,-9999,520.3998,545.2983,532.7231,-0.0404,-0.2065,-0.3541,-38.9736,-0.6089
14878.167040,247.969451,4.132824,477.446,478.5639,24.4217,28.359,-9999,-59994.03,-9999,520.2421,545.1235,532.5537,-0.0362,-0.1983,-0.3459,-38.2253,-0.6049
14884.577280,248.076288,4.134605,477.3034,478.4391,24.4513,28.3592,-9999,-59994.03,-9999,520.0963,544.9562,532.3976,-0.0344,-0.1934,-0.3393,-37.4211,-0.5977
14890.987520,248.183125,4.136385,477.155,478.2955,24.4584,28.3539,-9999,-59994.03,-9999,519.9407,544.7806,532.223,-0.0329,-0.1908,-0.3351,-36.644,-0.5927
14897.397760,248.289963,4.138166,477.0062,478.1324,24.4372,28.3512,-9999,-59994.03,-9999,519.764,544.5951,532.0497,-0.0378,-0.1965,-0.337,-36.6305,-0.5959
14903.808000,248.396800,4.139947,476.8639,477.9742,24.4171,28.3594,-9999,-59994.03,-9999,519.6006,544.4149,531.9,-0.0433,-0.2033,-0.3456,-37.3438,-0.6013
14910.218240,248.503637,4.141727,476.7187,477.8351,24.4277,28.3567,-9999,-59994.03,-9999,519.4453,544.2342,531.7319,-0.0452,-0.2096,-0.3521,-37.7208,-0.6032
14916.628480,248.610475,4.143508,476.5679,477.7075,24.4531,28.3528,-9999,-59994.03,-9999,519.293,544.0596,531.5607,-0.0498,-0.2145,-0.3561,-38.0113,-0.6037
14923.038720,248.717312,4.145289,476.421,477.5687,24.4596,28.3514,-9999,-59994.03,-9999,519.132,543.8804,531.3804,-0.0504,-0.2178,-0.3608,-38.163,-0.6
14929.448960,248.824149,4.147069,476.3339,477.4657,24.5021,28.4048,-9999,-59994.03,-9999,518.9627,543.7194,531.22,-0.0482,-0.2174,-0.3655,-38.5491,-0.5976
14935.859200,248.930987,4.148850,476.1922,477.3063,24.4779,28.403,-9999,-59994.03,-9999,518.7923,543.5501,531.0528,-0.0471,-0.2213,-0.3691,-38.6091,-0.5939
14942.269440,249.037824,4.150630,475.9875,477.1125,24.4273,28.3457,-9999,-59994.03,-9999,518.6313,543.371,530.8854,-0.0443,-0.2191,-0.3631,-37.726,-0.5845
14948.679680,249.144661,4.152411,475.8415,476.9858,24.4526,28.3355,-9999,-59994.03,-9999,518.4843,543.1949,530.714,-0.0429,-0.2146,-0.356,-37.5493,-0.5812
14955.089920,249.251499,4.154192,475.757,476.9077,24.5263,28.3984,-9999,-59994.03,-9999,518.3265,543.0302,530.5533,-0.0408,-0.2088,-0.3519,-37.4988,-0.5837
14961.500160,249.358336,4.155972,475.6121,476.7454,24.4952,28.3981,-9999,-59994.03,-9999,518.1498,542.8512,530.3793,-0.0399,-0.2061,-0.3522,-37.6464,-0.5857
14967.910400,249.465173,4.157753,475.4691,476.5891,24.4795,28.4007,-9999,-59994.03,-9999,517.9861,542.6854,530.2194,-0.0412,-0.2049,-0.3526,-38.1264,-0.5893
14974.320640,249.572011,4.159534,475.3266,476.4527,24.4906,28.408,-9999,-59994.03,-9999,517.8382,542.511,530.0521,-0.0366,-0.2003,-0.3511,-38.3555,-0.5917
14980.730880,249.678848,4.161314,475.1808,476.3253,24.5192,28.4057,-9999,-59994.03,-9999,517.6925,542.3361,529.8886,-0.0377,-0.2001,-0.3454,-37.8002,-0.5878
14987.141120,249.785685,4.163095,475.0376,476.1841,24.5226,28.4041,-9999,-59994.03,-9999,517.5417,542.1626,529.7214,-0.038,-0.2019,-0.3443,-37.5427,-0.5876
14993.551360,249.892523,4.164875,474.892,476.0151,24.4855,28.4034,-9999,-59994.03,-9999,517.3722,541.9939,529.5535,-0.0379,-0.2017,-0.3414,-37.1265,-0.5834
14999.961600,249.999360,4.166656,474.7503,475.8678,24.4804,28.4034,-9999,-59994.03,-9999,517.2072,541.8254,529.3841,-0.0343,-0.201,-0.3418,-37.1591,-0.5825
15006.371840,250.106197,4.168437,474.6047,475.7456,24.5173,28.3988,-9999,-59994.03,-9999,517.0701,541.6513,529.2121,-0.036,-0.2034,-0.3482,-37.3405,-0.5828
15012.782080,250.213035,4.170217,474.46,475.5998,24.5139,28.3979,-9999,-59994.03,-9999,516.9152,541.4774,529.0438,-0.0397,-0.2081,-0.3551,-37.6967,-0.5845
15019.192320,250.319872,4.171998,474.3184,475.4305,24.4781,28.3968,-9999,-59994.03,-9999,516.7451,541.3085,528.8881,-0.0402,-0.2098,-0.3568,-37.5507,-0.5851
15025.602560,250.426709,4.173778,474.1747,475.2935,24.4878,28.3919,-9999,-59994.03,-9999,516.59,541.1281,528.7128,-0.0404,-0.2084,-0.3552,-37.2557,-0.5831
15032.012800,250.533547,4.175559,474.0326,475.1797,24.5229,28.3903,-9999,-59994.03,-9999,516.4548,540.9467,528.5399,-0.0403,-0.2054,-0.3543,-37.0753,-0.5838
15038.423040,250.640384,4.177340,473.8873,475.0172,24.4954,28.3843,-9999,-59994.03,-9999,516.2747,540.7706,528.3711,-0.0341,-0.1973,-0.3486,-36.8521,-0.5804
15044.833280,250.747221,4.179120,473.7428,474.8543,24.4733,28.3786,-9999,-59994.03,-9999,516.1071,540.5919,528.2041,-0.0345,-0.1962,-0.347,-36.7498,-0.5781
15051.243520,250.854059,4.180901,473.5985,474.742,24.516,28.3761,-9999,-59994.03,-9999,515.9754,540.4326,528.0447,-0.0353,-0.1948,-0.3471,-36.7956,-0.5747
15057.653760,250.960896,4.182682,473.4568,474.5964,24.5086,28.3699,-9999,-59994.03,-9999,515.8207,540.2689,527.8782,-0.0325,-0.1939,-0.3471,-37.0932,-0.5786
15064.064000,251.067733,4.184462,473.3112,474.423,24.4721,28.3685,-9999,-59994.03,-9999,515.6386,540.0952,527.7151,-0.0338,-0.1938,-0.3456,-37.1964,-0.5804
15070.474240,251.174571,4.186243,473.1689,474.2993,24.5005,28.365,-9999,-59994.03,-9999,515.4996,539.9318,527.5544,-0.0349,-0.1938,-0.3425,-37.2035,-0.5811
15076.884480,251.281408,4.188023,473.0226,474.1644,24.5079,28.3572,-9999,-59994.03,-9999,515.3513,539.7522,527.3924,-0.0329,-0.1913,-0.3372,-36.8714,-0.578
15083.294720,251.388245,4.189804,472.8786,473.9923,24.4682,28.3522,-9999,-59994.03,-9999,515.1756,539.5713,527.2223,-0.0348,-0.1947,-0.3363,-36.4229,-0.5754
15089.704960,251.495083,4.191585,472.7354,473.8704,24.4963,28.3423,-9999,-59994.03,-9999,515.0344,539.4037,527.057,-0.0387,-0.1967,-0.3357,-36.4309,-0.574
15096.115200,251.601920,4.193365,472.5939,473.7355,24.5053,28.3446,-9999,-59994.03,-9999,514.8843,539.2335,526.8874,-0.0402,-0.1998,-0.3403,-36.7115,-0.576
15102.525440,251.708757,4.195146,472.4503,473.5656,24.4677,28.3423,-9999,-59994.03,-9999,514.7084,539.0591,526.7197,-0.0396,-0.2026,-0.3484,-37.6218,-0.5844
15108.935680,251.815595,4.196927,472.3051,473.4369,24.4841,28.3338,-9999,-59994.03,-9999,514.5716,538.887,526.5642,-0.0401,-0.2074,-0.3591,-38.4627,-0.5908
15115.345920,251.922432,4.198707,472.1562,473.3105,24.5123,28.3338,-9999,-59994.03,-9999,514.4307,538.7117,526.4018,-0.0476,-0.2149,-0.3696,-39.566,-0.6003
15121.756160,252.029269,4.200488,472.0179,473.145,24.4728,28.3271,-9999,-59994.03,-9999,514.2643,538.5529,526.2393,-0.0477,-0.2174,-0.3698,-39.8553,-0.6071
15128.166400,252.136107,4.202268,471.8758,472.9998,24.4707,28.3349,-9999,-59994.03,-9999,514.1046,538.3787,526.0762,-0.0461,-0.2172,-0.3689,-40.1017,-0.6109
15134.576640,252.242944,4.204049,471.7336,472.884,24.5044,28.3253,-9999,-59994.03,-9999,513.9667,538.2168,525.9057,-0.0436,-0.2153,-0.3672,-40.0502,-0.6101
15140.986880,252.349781,4.205830,471.5856,472.715,24.47,28.3225,-9999,-59994.03,-9999,513.7951,538.0481,525.7472,-0.0442,-0.2163,-0.373,-40.4463,-0.6158
15147.397120,252.456619,4.207610,471.4453,472.5659,24.4613,28.3151,-9999,-59994.03,-9999,513.6335,537.8862,525.584,-0.0415,-0.2144,-0.3731,-40.6008,-0.6144
15153.807360,252.563456,4.209391,471.3054,472.4492,24.4986,28.311,-9999,-59994.03,-9999,513.4976,537.7144,525.4186,-0.0413,-0.2136,-0.3681,-39.8792,-0.6063
15160.217600,252.670293,4.211172,471.1563,472.2981,24.4813,28.3034,-9999,-59994.03,-9999,513.3271,537.5508,525.2559,-0.0401,-0.2074,-0.3644,-39.2266,-0.6031
15166.627840,252.777131,4.212952,471.0187,472.1354,24.4495,28.2986,-9999,-59994.03,-9999,513.163,537.3937,525.1019,-0.0372,-0.2034,-0.3624,-39.2107,-0.6052
15173.038080,252.883968,4.214733,470.8729,472.0108,24.4758,28.294,-9999,-59994.03,-9999,513.0168,537.2145,524.9316,-0.0388,-0.2027,-0.3597,-39.2034,-0.606
15179.448320,252.990805,4.216513,470.7286,471.8808,24.4929,28.2866,-9999,-59994.03,-9999,512.8704,537.0543,524.7736,-0.0364,-0.198,-0.3575,-38.9134,-0.6055
15185.858560,253.097643,4.218294,470.5883,471.7126,24.4566,28.2813,-9999,-59994.03,-9999,512.6981,536.8891,524.6113,-0.0349,-0.1984,-0.3589,-39.1328,-0.6099
15192.268800,253.204480,4.220075,470.4477,471.5718,24.4576,28.2744,-9999,-59994.03,-9999,512.5388,536.7139,524.4352,-0.0383,-0.2018,-0.3607,-39.2861,-0.6128
15198.679040,253.311317,4.221855,470.3045,471.4586,24.4913,28.2708,-9999,-59994.03,-9999,512.3971,536.5517,524.275,-0.0404,-0.2033,-0.3599,-38.9963,-0.61
15205.089280,253.418155,4.223636,470.1617,471.2944,24.4647,28.2606,-9999,-59994.03,-9999,512.2244,536.3817,524.111,-0.0404,-0.2076,-0.3605,-38.9294,-0.6084
15211.499520,253.524992,4.225417,470.0236,471.1398,24.4428,28.262,-9999,-59994.03,-9999,512.0607,536.21,523.9492,-0.0419,-0.2138,-0.3666,-39.672,-0.614
15217.909760,253.631829,4.227197,469.8771,471.0242,24.4781,28.2602,-9999,-59994.03,-9999,511.9263,536.0356,523.7891,-0.0414,-0.211,-0.3658,-39.399,-0.6113
15224.320000,253.738667,4.228978,469.7334,470.8744,24.464,28.2514,-9999,-59994.03,-9999,511.7632,535.8662,523.6166,-0.0406,-0.2034,-0.3569,-38.5725,-0.6017
15230.730240,253.845504,4.230758,469.5915,470.7146,24.4382,28.2535,-9999,-59994.03,-9999,511.6031,535.6997,523.4617,-0.0374,-0.197,-0.3536,-38.2,-0.6007
15237.140480,253.952341,4.232539,469.3929,470.5333,24.3977,28.1858,-9999,-59994.03,-9999,511.4602,535.5281,523.3006,-0.0347,-0.1955,-0.3517,-38.3375,-0.6022
15243.550720,254.059179,4.234320,469.2506,470.4043,24.4162,28.1851,-9999,-59994.03,-9999,511.3148,535.3511,523.1328,-0.0333,-0.1957,-0.3491,-38.0054,-0.5991
15249.960960,254.166016,4.236100,469.1733,470.2961,24.4382,28.248,-9999,-59994.03,-9999,511.1366,535.1899,522.9673,-0.0387,-0.1967,-0.3502,-38.1979,-0.5993
15256.371200,254.272853,4.237881,469.0277,470.174,24.4673,28.2317,-9999,-59994.03,-9999,511.0053,535.0129,522.7985,-0.0408,-0.2005,-0.3543,-38.5142,-0.6038
15262.781440,254.379691,4.239662,468.8889,470.0279,24.4525,28.228,-9999,-59994.03,-9999,510.8369,534.85,522.6351,-0.0367,-0.1963,-0.3513,-38.2992,-0.6025
15269.191680,254.486528,4.241442,468.7456,469.87,24.44,28.2294,-9999,-59994.03,-9999,510.683,534.673,522.4628,-0.0379,-0.1964,-0.3517,-38.5033,-0.6028
15275.601920,254.593365,4.243223,468.5455,469.6926,24.403,28.1612,-9999,-59994.03,-9999,510.5387,534.5078,522.3005,-0.04,-0.2004,-0.3589,-39.3388,-0.6106
15282.012160,254.700203,4.245003,468.4047,469.5172,24.3578,28.1557,-9999,-59994.03,-9999,510.3734,534.35,522.1373,-0.0455,-0.2103,-0.3687,-40.4602,-0.6218
15288.422400,254.807040,4.246784,468.2615,469.4052,24.3996,28.1493,-9999,-59994.03,-9999,510.2403,534.192,521.9738,-0.0477,-0.2132,-0.3729,-41.1367,-0.6294
15294.832640,254.913877,4.248565,468.1187,469.2554,24.3811,28.1391,-9999,-59994.03,-9999,510.0726,534.0205,521.8071,-0.0465,-0.2159,-0.3798,-41.7362,-0.6343
15301.242880,255.020715,4.250345,467.9792,469.0964,24.3601,28.1447,-9999,-59994.03,-9999,509.9071,533.8528,521.6497,-0.0535,-0.2268,-0.3887,-42.6564,-0.6419
15307.653120,255.127552,4.252126,467.8367,468.9841,24.3966,28.1396,-9999,-59994.03,-9999,509.7781,533.6966,521.4893,-0.057,-0.2357,-0.3947,-43.271,-0.6467
15314.063360,255.234389,4.253906,467.7005,468.8209,24.3673,28.1352,-9999,-59994.03,-9999,509.606,533.5163,521.3233,-0.0521,-0.231,-0.3921,-43.1529,-0.6528
15320.473600,255.341227,4.255687,467.5605,468.6762,24.3599,28.1306,-9999,-59994.03,-9999,509.4468,533.3456,521.1516,-0.0478,-0.2265,-0.3857,-43.0681,-0.6538
15326.883840,255.448064,4.257468,467.4187,468.5652,24.3954,28.1214,-9999,-59994.03,-9999,509.3104,533.1769,520.9819,-0.046,-0.224,-0.3809,-42.4114,-0.6466
15333.294080,255.554901,4.259248,467.2766,468.3931,24.355,28.124,-9999,-59994.03,-9999,509.1289,533.0121,520.8209,-0.0467,-0.223,-0.377,-41.9423,-0.6425
15339.704320,255.661739,4.261029,467.1399,468.2564,24.3613,28.1281,-9999,-59994.03,-9999,508.9828,532.8401,520.6611,-0.0433,-0.2173,-0.3705,-41.1771,-0.6381
15346.114560,255.768576,4.262810,467.0015,468.1421,24.3938,28.124,-9999,-59994.03,-9999,508.846,532.6779,520.5034,-0.0424,-0.2117,-0.3648,-40.4172,-0.6302
15352.524800,255.875413,4.264590,466.8589,467.9746,24.3543,28.1217,-9999,-59994.03,-9999,508.6747,532.5114,520.3463,-0.0435,-0.2105,-0.3619,-39.8952,-0.6252
15358.935040,255.982251,4.266371,466.7206,467.8316,24.3557,28.1175,-9999,-59994.03,-9999,508.5232,532.3481,520.189,-0.0445,-0.2102,-0.3593,-39.7767,-0.6263
15365.345280,256.089088,4.268151,466.58,467.7171,24.3887,28.1083,-9999,-59994.03,-9999,508.3876,532.1849,520.0317,-0.0471,-0.2121,-0.3646,-40.2467,-0.6279
15371.755520,256.195925,4.269932,466.4409,467.573,24.379,28.1104,-9999,-59994.03,-9999,508.2348,532.0229,519.8694,-0.0472,-0.2131,-0.3663,-40.3083,-0.6273
15378.165760,256.302763,4.271713,466.2962,467.4068,24.3451,28.1024,-9999,-59994.03,-9999,508.0056,531.8502,519.7058,-0.0438,-0.2078,-0.3591,-39.6163,-0.6206
15384.576000,256.409600,4.273493,466.1589,467.2697,24.3396,28.0989,-9999,-59994.03,-9999,507.8462,531.6915,519.5389,-0.0396,-0.2019,-0.3504,-38.996,-0.6127
15390.986240,256.516437,4.275274,466.0161,467.1429,24.361,28.0945,-9999,-59994.03,-9999,507.7041,531.518,519.3766,-0.035,-0.1968,-0.3448,-38.3453,-0.6032
15397.396480,256.623275,4.277055,465.8757,467.0205,24.382,28.0902,-9999,-59994.03,-9999,507.5724,531.3508,519.2187,-0.0362,-0.1964,-0.3404,-37.5999,-0.5992
15403.806720,256.730112,4.278835,465.738,466.8712,24.3645,28.0869,-9999,-59994.03,-9999,507.4161,531.1963,519.0623,-0.0367,-0.1911,-0.3357,-37.1768,-0.5952
15410.216960,256.836949,4.280616,465.6,466.7074,24.3345,28.0819,-9999,-59994.03,-9999,507.2463,531.0249,518.8989,-0.0346,-0.1864,-0.3326,-37.0122,-0.5916
15416.627200,256.943787,4.282396,465.4625,466.5721,24.3403,28.0856,-9999,-59994.03,-9999,507.0963,530.8636,518.7359,-0.0376,-0.1855,-0.3315,-36.8244,-0.5885
15423.037440,257.050624,4.284177,465.3248,466.4567,24.3707,28.081,-9999,-59994.03,-9999,506.9636,530.704,518.5773,-0.0385,-0.1874,-0.3291,-36.4857,-0.5844
15429.447680,257.157461,4.285958,465.1813,466.3121,24.3645,28.0734,-9999,-59994.03,-9999,506.808,530.5314,518.4117,-0.0399,-0.1889,-0.3279,-36.4746,-0.5856
15435.857920,257.264299,4.287738,465.0408,466.1409,24.3236,28.0649,-9999,-59994.03,-9999,506.6363,530.3734,518.2496,-0.0382,-0.1879,-0.3271,-36.4434,-0.5834
15442.268160,257.371136,4.289519,464.9024,466.02,24.3465,28.0644,-9999,-59994.03,-9999,506.4955,530.2074,518.0903,-0.039,-0.1883,-0.3268,-36.3844,-0.5815
15448.678400,257.477973,4.291300,464.7611,465.8983,24.3661,28.0708,-9999,-59994.03,-9999,506.3516,530.0413,517.9328,-0.0382,-0.186,-0.3274,-35.9706,-0.578
15455.088640,257.584811,4.293080,464.6234,465.7246,24.3204,28.0573,-9999,-59994.03,-9999,506.1814,529.8785,517.7728,-0.0385,-0.1858,-0.3262,-35.7313,-0.5776
15461.498880,257.691648,4.294861,464.4799,465.6136,24.3661,28.052,-9999,-59994.03,-9999,506.055,529.7184,517.609,-0.035,-0.1854,-0.3256,-35.9392,-0.5745
15467.909120,257.798485,4.296641,464.3398,465.4535,24.3262,28.0485,-9999,-59994.03,-9999,505.8859,529.5567,517.4497,-0.0348,-0.1881,-0.3313,-35.9649,-0.5701
15474.319360,257.905323,4.298422,464.2005,465.33,24.3585,28.0428,-9999,-59994.03,-9999,505.7603,529.3908,517.2988,-0.0377,-0.192,-0.3337,-35.8534,-0.5699
15480.729600,258.012160,4.300203,464.0621,465.1787,24.3382,28.0393,-9999,-59994.03,-9999,505.6013,529.2283,517.1403,-0.036,-0.1906,-0.3305,-35.4713,-0.571
15487.139840,258.118997,4.301983,463.9207,465.0306,24.3252,28.0352,-9999,-59994.03,-9999,505.4513,529.0666,516.9876,-0.0344,-0.1894,-0.3321,-35.5749,-0.5674
15493.550080,258.225835,4.303764,463.7823,464.922,24.3613,28.0251,-9999,-59994.03,-9999,505.3251,528.8996,516.8288,-0.0361,-0.1936,-0.3352,-35.5334,-0.5634
15499.960320,258.332672,4.305545,463.6432,464.7766,24.3435,28.0163,-9999,-59994.03,-9999,505.1531,528.7258,516.6559,-0.0394,-0.1933,-0.3376,-36.2226,-0.5715
15506.370560,258.439509,4.307325,463.5033,464.6174,24.3146,28.009,-9999,-59994.03,-9999,504.9844,528.573,516.4995,-0.0406,-0.1988,-0.3449,-37.1322,-0.579
15512.780800,258.546347,4.309106,463.3633,464.4889,24.328,28.0092,-9999,-59994.03,-9999,504.8389,528.406,516.334,-0.0364,-0.1957,-0.342,-36.5632,-0.5731
15519.191040,258.653184,4.310886,463.2227,464.3733,24.3569,28.0062,-9999,-59994.03,-9999,504.707,528.2431,516.1708,-0.0341,-0.1938,-0.3425,-36.4342,-0.5735
15525.601280,258.760021,4.312667,463.0883,464.2246,24.3453,28.0067,-9999,-59994.03,-9999,504.5519,528.0842,516.0216,-0.0387,-0.1991,-0.3487,-37.3991,-0.5831
15532.011520,258.866859,4.314448,462.9496,464.0632,24.3137,28.006,-9999,-59994.03,-9999,504.3845,527.9148,515.8553,-0.0432,-0.2066,-0.3529,-38.0224,-0.5898
15538.421760,258.973696,4.316228,462.8137,463.9322,24.3206,27.9998,-9999,-59994.03,-9999,504.232,527.7399,515.6888,-0.0476,-0.2133,-0.3585,-38.6191,-0.5968
15544.832000,259.080533,4.318009,462.6764,463.819,24.3553,28.003,-9999,-59994.03,-9999,504.0857,527.5556,515.5159,-0.0456,-0.2152,-0.3633,-38.9908,-0.5985
15551.242240,259.187371,4.319790,462.536,463.6765,24.3493,27.9929,-9999,-59994.03,-9999,503.9292,527.3875,515.3555,-0.0407,-0.2091,-0.3623,-39.0903,-0.6014
15557.652480,259.294208,4.321570,462.3991,463.5104,24.3109,28.0007,-9999,-59994.03,-9999,503.7581,527.2322,515.1986,-0.0356,-0.2008,-0.3603,-39.6243,-0.6087
15564.062720,259.401045,4.323351,462.26,463.3843,24.3262,27.9979,-9999,-59994.03,-9999,503.6152,527.0681,515.032,-0.0367,-0.2024,-0.3609,-40.0738,-0.6141
15570.472960,259.507883,4.325131,462.1269,463.2652,24.3606,27.9984,-9999,-59994.03,-9999,503.4743,526.9166,514.8769,-0.0406,-0.2078,-0.365,-40.6898,-0.6211
15576.883200,259.614720,4.326912,461.9885,463.1099,24.3377,27.9952,-9999,-59994.03,-9999,503.3192,526.769,514.7227,-0.0429,-0.2105,-0.3667,-40.5667,-0.6235
15583.293440,259.721557,4.328693,461.8468,462.9439,24.3068,27.9906,-9999,-59994.03,-9999,503.1454,526.6214,514.5696,-0.0411,-0.2086,-0.3593,-39.7141,-0.6177
15589.703680,259.828395,4.330473,461.7051,462.82,24.3276,27.9968,-9999,-59994.03,-9999,503.0034,526.4509,514.4027,-0.0389,-0.203,-0.3515,-39.0069,-0.6126
15596.113920,259.935232,4.332254,461.5645,462.6971,24.3523,27.9885,-9999,-59994.03,-9999,502.7928,526.2935,514.2399,-0.0392,-0.2021,-0.3484,-38.5534,-0.6085
15602.524160,260.042069,4.334034,461.4241,462.544,24.3336,27.9864,-9999,-59994.03,-9999,502.631,526.1362,514.0829,-0.0412,-0.202,-0.3473,-37.9726,-0.6031
15608.934400,260.148907,4.335815,461.2868,462.384,24.3077,28.003,-9999,-59994.03,-9999,502.5224,525.9823,513.9282,-0.0415,-0.2048,-0.35,-37.8269,-0.599
15615.344640,260.255744,4.337596,461.1471,462.2661,24.3384,27.9986,-9999,-59994.03,-9999,502.3843,525.8146,513.7665,-0.0407,-0.2043,-0.3498,-37.4855,-0.597
15621.754880,260.362581,4.339376,461.0026,462.1363,24.3529,27.991,-9999,-59994.03,-9999,502.173,525.6473,513.6002,-0.0411,-0.2061,-0.3493,-37.0739,-0.5909
15628.165120,260.469419,4.341157,460.8609,461.9672,24.3137,27.9899,-9999,-59994.03,-9999,501.995,525.4902,513.4412,-0.0397,-0.2058,-0.3491,-36.9484,-0.5864
15634.575360,260.576256,4.342938,460.7192,461.8323,24.3296,28.0035,-9999,-59994.03,-9999,501.8486,525.3382,513.2821,-0.0369,-0.2014,-0.3462,-36.8169,-0.581
15640.985600,260.683093,4.344718,460.5777,461.7165,24.3636,28.0067,-9999,-59994.03,-9999,501.7119,525.1779,513.1193,-0.0379,-0.2012,-0.3438,-36.5771,-0.5782
15647.395840,260.789931,4.346499,460.4371,461.5479,24.3278,28.0117,-9999,-59994.03,-9999,501.6012,525.0207,512.9639,-0.0419,-0.2082,-0.3483,-36.9404,-0.5809
15653.806080,260.896768,4.348279,460.2996,461.4151,24.3403,28.0184,-9999,-59994.03,-9999,501.4478,524.8438,512.7929,-0.0457,-0.2163,-0.3569,-37.649,-0.5855
15660.216320,261.003605,4.350060,460.1588,461.2999,24.3698,28.023,-9999,-59994.03,-9999,501.2992,524.6202,512.5748,-0.0503,-0.2255,-0.3706,-38.9589,-0.598
15666.626560,261.110443,4.351841,460.0245,461.1328,24.3296,28.0311,-9999,-59994.03,-9999,501.1247,524.4584,512.4196,-0.0487,-0.2291,-0.3757,-39.7434,-0.6083
15673.036800,261.217280,4.353621,459.8909,461.0266,24.3795,28.0462,-9999,-59994.03,-9999,500.995,524.2939,512.2666,-0.0462,-0.2268,-0.3751,-39.8003,-0.6116
15679.447040,261.324117,4.355402,459.7564,460.874,24.3518,28.0527,-9999,-59994.03,-9999,500.8288,524.1462,512.1223,-0.0463,-0.2276,-0.3802,-40.4775,-0.6164
15685.857280,261.430955,4.357183,459.6189,460.7354,24.3684,28.0561,-9999,-59994.03,-9999,500.6835,523.9708,511.9544,-0.0476,-0.2307,-0.3857,-41.1398,-0.6169
15692.267520,261.537792,4.358963,459.4805,460.6055,24.3767,28.0649,-9999,-59994.03,-9999,500.5267,523.8206,511.7924,-0.0492,-0.2316,-0.3884,-41.3731,-0.6193
15698.677760,261.644629,4.360744,459.3467,460.4487,24.3599,28.0713,-9999,-59994.03,-9999,500.3711,523.6784,511.6414,-0.0439,-0.2258,-0.3832,-41.0703,-0.6179
15705.088000,261.751467,4.362524,459.2092,460.3401,24.4028,28.0773,-9999,-59994.03,-9999,500.2273,523.5278,511.4903,-0.0435,-0.2232,-0.3782,-40.9536,-0.617
15711.498240,261.858304,4.364305,459.0692,460.1664,24.3529,28.0791,-9999,-59994.03,-9999,500.053,523.3672,511.3279,-0.0397,-0.2156,-0.3704,-40.5615,-0.6137
15717.908480,261.965141,4.366086,458.9343,460.0606,24.4046,28.0955,-9999,-59994.03,-9999,499.9643,523.2032,511.1832,-0.038,-0.2133,-0.3665,-39.6751,-0.6078
15724.318720,262.071979,4.367866,458.7941,459.8972,24.3656,28.103,-9999,-59994.03,-9999,499.781,523.0342,511.0247,-0.038,-0.21,-0.3631,-39.3173,-0.6074
15730.728960,262.178816,4.369647,458.6544,459.7809,24.4088,28.1106,-9999,-59994.03,-9999,499.6584,522.8743,510.8638,-0.0379,-0.2058,-0.3614,-39.4833,-0.6078
15737.139200,262.285653,4.371428,458.523,459.6215,24.3749,28.1175,-9999,-59994.03,-9999,499.4773,522.7048,510.6963,-0.0359,-0.199,-0.3567,-39.0534,-0.6034
15743.549440,262.392491,4.373208,458.38,459.4998,24.4118,28.1196,-9999,-59994.03,-9999,499.3501,522.5535,510.5522,-0.0371,-0.1974,-0.3511,-38.324,-0.5991
15749.959680,262.499328,4.374989,458.2405,459.3394,24.3795,28.1196,-9999,-59994.03,-9999,499.1674,522.3871,510.3847,-0.0394,-0.198,-0.3454,-37.61,-0.5957
15756.369920,262.606165,4.376769,458.0992,459.2223,24.4155,28.1182,-9999,-59994.03,-9999,499.0443,522.2075,510.2236,-0.0395,-0.2,-0.3481,-37.9409,-0.5987
15762.780160,262.713003,4.378550,457.961,459.0628,24.3797,28.1187,-9999,-59994.03,-9999,498.8653,522.0262,510.0522,-0.0422,-0.2057,-0.3561,-38.4917,-0.6016
15769.190400,262.819840,4.380331,457.8259,458.9445,24.4162,28.118,-9999,-59994.03,-9999,498.7363,521.8633,509.8939,-0.0427,-0.2091,-0.3613,-38.7268,-0.6042
15775.600640,262.926677,4.382111,457.6859,458.8018,24.4035,28.1224,-9999,-59994.03,-9999,498.572,521.6968,509.7288,-0.0417,-0.2114,-0.364,-39.0756,-0.6065
15782.010880,263.033515,4.383892,457.5446,458.6511,24.3917,28.1212,-9999,-59994.03,-9999,498.4232,521.5313,509.5678,-0.0434,-0.2113,-0.3683,-39.7568,-0.6134
15788.421120,263.140352,4.385673,457.4065,458.5409,24.4245,28.1168,-9999,-59994.03,-9999,498.2814,521.3699,509.4065,-0.0428,-0.2141,-0.3698,-40.1943,-0.62
15794.831360,263.247189,4.387453,457.2667,458.3705,24.3841,28.1219,-9999,-59994.03,-9999,498.1121,521.2083,509.2418,-0.0463,-0.2175,-0.3701,-40.5606,-0.6254
15801.241600,263.354027,4.389234,457.1292,458.2704,24.4319,28.1132,-9999,-59994.03,-9999,497.98,521.0405,509.0815,-0.0462,-0.2194,-0.3725,-41.0793,-0.6314
15807.651840,263.460864,4.391014,456.991,458.0913,24.3841,28.112,-9999,-59994.03,-9999,497.8122,520.8793,508.9236,-0.0454,-0.2216,-0.3777,-41.3627,-0.6332
15814.062080,263.567701,4.392795,456.8526,457.9912,24.4335,28.1129,-9999,-59994.03,-9999,497.6956,520.7109,508.7677,-0.0468,-0.2231,-0.379,-41.628,-0.6354
15820.472320,263.674539,4.394576,456.7144,457.8191,24.3786,28.1028,-9999,-59994.03,-9999,497.5149,520.5416,508.6046,-0.046,-0.2244,-0.3819,-41.9083,-0.6399
15826.882560,263.781376,4.396356,456.5807,457.7161,24.4335,28.1014,-9999,-59994.03,-9999,497.393,520.4437,508.5129,-0.0489,-0.2304,-0.3861,-42.1932,-0.6459
15833.292800,263.888213,4.398137,456.4401,457.5444,24.3876,28.098,-9999,-59994.03,-9999,497.2165,520.2748,508.3498,-0.048,-0.2299,-0.3864,-42.6651,-0.6509
15839.703040,263.995051,4.399918,456.3033,457.4294,24.4176,28.1028,-9999,-59994.03,-9999,497.0913,520.1075,508.1991,-0.0466,-0.2277,-0.3913,-43.0305,-0.654
15846.113280,264.101888,4.401698,456.1617,457.2917,24.4134,28.1056,-9999,-59994.03,-9999,496.9424,519.9465,508.0485,-0.0471,-0.2313,-0.399,-43.5712,-0.6599
15852.523520,264.208725,4.403479,456.0273,457.1313,24.3804,28.0987,-9999,-59994.03,-9999,496.7885,519.7831,507.8989,-0.0487,-0.2367,-0.4044,-44.109,-0.6656
15858.933760,264.315563,4.405259,455.8897,457.0157,24.4129,28.0973,-9999,-59994.03,-9999,496.6552,519.6202,507.7392,-0.0486,-0.2357,-0.4007,-43.6172,-0.6628
15865.344000,264.422400,4.407040,455.7515,456.8917,24.4289,28.0918,-9999,-59994.03,-9999,496.5071,519.4596,507.576,-0.0484,-0.2319,-0.3949,-43.1413,-0.6586
15871.754240,264.529237,4.408821,455.6146,456.7345,24.4039,28.0941,-9999,-59994.03,-9999,496.3473,519.3069,507.4186,-0.0458,-0.2238,-0.3901,-42.6887,-0.6553
15878.164480,264.636075,4.410601,455.4749,456.5833,24.3836,28.0874,-9999,-59994.03,-9999,496.183,519.1446,507.2574,-0.043,-0.219,-0.3835,-41.9627,-0.6512
15884.574720,264.742912,4.412382,455.3393,456.4754,24.4231,28.0881,-9999,-59994.03,-9999,496.0557,518.9821,507.0942,-0.0416,-0.2174,-0.3797,-41.5862,-0.6474
15890.984960,264.849749,4.414162,455.2029,456.3225,24.3977,28.0865,-9999,-59994.03,-9999,495.8908,518.8176,506.9341,-0.0435,-0.22,-0.382,-41.8379,-0.6501
15897.395200,264.956587,4.415943,455.0646,456.1779,24.3843,28.0964,-9999,-59994.03,-9999,495.737,518.6686,506.7819,-0.0425,-0.2172,-0.3789,-41.8068,-0.6488
15903.805440,265.063424,4.417724,454.929,456.073,24.4273,28.1003,-9999,-59994.03,-9999,495.6032,518.4993,506.6183,-0.0417,-0.2135,-0.3767,-41.6582,-0.6473
15910.215680,265.170261,4.419504,454.7935,455.9099,24.3901,28.1012,-9999,-59994.03,-9999,495.4433,518.3413,506.4625,-0.0381,-0.2115,-0.3731,-41.2902,-0.6469
15916.625920,265.277099,4.421285,454.6566,455.7651,24.3795,28.1014,-9999,-59994.03,-9999,495.2952,518.1812,506.3109,-0.038,-0.2084,-0.3681,-41.1631,-0.6431
15923.036160,265.383936,4.423066,454.5212,455.6549,24.4164,28.0966,-9999,-59994.03,-9999,495.1699,518.0261,506.1565,-0.0418,-0.2107,-0.3691,-41.346,-0.6432
15929.446400,265.490773,4.424846,454.3834,455.5239,24.4196,28.0959,-9999,-59994.03,-9999,495.0318,517.8611,505.9973,-0.0486,-0.2191,-0.3767,-41.9589,-0.6487
15935.856640,265.597611,4.426627,454.2476,455.3581,24.3841,28.0902,-9999,-59994.03,-9999,494.8579,517.7086,505.8444,-0.0499,-0.2248,-0.3842,-42.4058,-0.6535
15942.266880,265.704448,4.428407,454.114,455.2179,24.3774,28.0869,-9999,-59994.03,-9999,494.7117,517.5465,505.6869,-0.0513,-0.2277,-0.3864,-42.3498,-0.6508
15948.677120,265.811285,4.430188,453.974,455.108,24.4095,28.0874,-9999,-59994.03,-9999,494.5764,517.3848,505.5316,-0.0459,-0.2225,-0.3792,-41.5675,-0.644
15955.087360,265.918123,4.431969,453.8358,454.9746,24.4129,28.0757,-9999,-59994.03,-9999,494.4319,517.2264,505.3729,-0.0417,-0.216,-0.3726,-40.9777,-0.6379
15961.497600,266.024960,4.433749,453.7031,454.8213,24.3841,28.0842,-9999,-59994.03,-9999,494.2767,517.0693,505.2227,-0.0422,-0.2109,-0.3679,-40.0532,-0.6285
15967.907840,266.131797,4.435530,453.5638,454.6751,24.3705,28.0798,-9999,-59994.03,-9999,494.1234,516.9063,505.0697,-0.0407,-0.2078,-0.3625,-39.4243,-0.6192
15974.318080,266.238635,4.437311,453.4297,454.5661,24.4056,28.0704,-9999,-59994.03,-9999,493.9953,516.7527,504.912,-0.0388,-0.2049,-0.3593,-39.2809,-0.617
15980.728320,266.345472,4.439091,453.2926,454.4228,24.3936,28.0603,-9999,-59994.03,-9999,493.8405,516.5873,504.7516,-0.0394,-0.2044,-0.3572,-39.1661,-0.6165
15987.138560,266.452309,4.440872,453.1548,454.2605,24.3557,28.0531,-9999,-59994.03,-9999,493.6805,516.4308,504.5983,-0.0384,-0.2002,-0.3568,-39.0749,-0.6118
15993.548800,266.559147,4.442652,453.0216,454.1416,24.3839,28.0451,-9999,-59994.03,-9999,493.5572,516.272,504.4493,-0.0361,-0.1966,-0.3532,-38.6491,-0.608
15999.959040,266.665984,4.444433,452.8862,454.0213,24.3996,28.0407,-9999,-59994.03,-9999,493.4109,516.106,504.2836,-0.0382,-0.1976,-0.3523,-38.6691,-0.611
16006.369280,266.772821,4.446214,452.7458,453.8577,24.3626,28.035,-9999,-59994.03,-9999,493.253,515.9574,504.1344,-0.0393,-0.2001,-0.3519,-38.3694,-0.6102
16012.779520,266.879659,4.447994,452.6126,453.7173,24.3527,28.0246,-9999,-59994.03,-9999,493.1017,515.7983,503.99,-0.0397,-0.2001,-0.3504,-38.252,-0.6095
16019.189760,266.986496,4.449775,452.4786,453.606,24.3869,28.0152,-9999,-59994.03,-9999,492.9816,515.6445,503.8325,-0.0392,-0.2025,-0.3544,-38.6091,-0.6133
16025.600000,267.093333,4.451556,452.3364,453.4673,24.3843,28.0062,-9999,-59994.03,-9999,492.8333,515.4998,503.6901,-0.0419,-0.2105,-0.3646,-39.6675,-0.6184
16032.010240,267.200171,4.453336,452.2054,453.3085,24.346,27.9984,-9999,-59994.03,-9999,492.6717,515.3451,503.5354,-0.0478,-0.2206,-0.3743,-40.4935,-0.6239
16038.420480,267.307008,4.455117,452.0687,453.1789,24.3506,27.9947,-9999,-59994.03,-9999,492.5356,515.1882,503.3846,-0.0498,-0.2245,-0.3783,-40.7292,-0.6234
16044.830720,267.413845,4.456897,451.9344,453.0682,24.3876,27.9899,-9999,-59994.03,-9999,492.4066,515.0326,503.2299,-0.0454,-0.2251,-0.379,-40.9399,-0.6262
16051.240960,267.520683,4.458678,451.7984,452.9311,24.3834,27.9807,-9999,-59994.03,-9999,492.2703,514.8757,503.071,-0.0441,-0.2257,-0.3805,-41.349,-0.6313
16057.651200,267.627520,4.460459,451.6667,452.7797,24.3631,27.9729,-9999,-59994.03,-9999,492.12,514.7151,502.9205,-0.0435,-0.2292,-0.3867,-41.9563,-0.6361
16064.061440,267.734357,4.462239,451.5349,452.6334,24.3396,27.9676,-9999,-59994.03,-9999,491.9716,514.547,502.7658,-0.0414,-0.2234,-0.387,-42.0035,-0.6376
16070.471680,267.841195,4.464020,451.4012,452.5015,24.3451,27.9648,-9999,-59994.03,-9999,491.8207,514.3765,502.5968,-0.0417,-0.2161,-0.3794,-41.4298,-0.6363
16076.881920,267.948032,4.465801,451.2693,452.3819,24.3564,27.9556,-9999,-59994.03,-9999,491.6833,514.2084,502.432,-0.0418,-0.2116,-0.3735,-41.0191,-0.635
16083.292160,268.054869,4.467581,451.1331,452.2599,24.3783,27.9464,-9999,-59994.03,-9999,491.5442,514.0552,502.2781,-0.0393,-0.2102,-0.3743,-41.1494,-0.6357
16089.702400,268.161707,4.469362,450.9957,452.1217,24.3864,27.9453,-9999,-59994.03,-9999,491.4065,513.8887,502.1223,-0.04,-0.2112,-0.3725,-40.7682,-0.6336
16096.112640,268.268544,4.471142,450.8645,451.9742,24.3659,27.9425,-9999,-59994.03,-9999,491.2652,513.7226,501.9696,-0.0425,-0.2115,-0.3675,-40.0091,-0.6294
16102.522880,268.375381,4.472923,450.7298,451.8266,24.3409,27.9296,-9999,-59994.03,-9999,491.1041,513.5587,501.8047,-0.044,-0.2138,-0.3672,-39.8749,-0.6268
16108.933120,268.482219,4.474704,450.599,451.6921,24.3403,27.9292,-9999,-59994.03,-9999,490.9534,513.4048,501.6505,-0.0421,-0.2136,-0.3655,-39.6222,-0.6184
16115.343360,268.589056,4.476484,450.4642,451.5751,24.3693,27.9319,-9999,-59994.03,-9999,490.8236,513.2645,501.5047,-0.0377,-0.2066,-0.3577,-39.0669,-0.6156
16121.753600,268.695893,4.478265,450.3299,451.4533,24.3836,27.9211,-9999,-59994.03,-9999,490.6863,513.1063,501.348,-0.0354,-0.2012,-0.3544,-39.2266,-0.6174
16128.163840,268.802731,4.480046,450.1937,451.3033,24.3603,27.9137,-9999,-59994.03,-9999,490.5225,512.9373,501.1882,-0.0356,-0.1984,-0.3521,-39.0605,-0.6152
16134.574080,268.909568,4.481826,450.06,451.1499,24.3336,27.9029,-9999,-59994.03,-9999,490.3623,512.783,501.0323,-0.037,-0.1982,-0.3517,-39.2107,-0.6122
16140.984320,269.016405,4.483607,449.9264,451.022,24.3363,27.9041,-9999,-59994.03,-9999,490.222,512.6288,500.8754,-0.037,-0.1974,-0.3521,-39.0896,-0.6158
16147.394560,269.123243,4.485387,449.7903,450.9072,24.3659,27.8995,-9999,-59994.03,-9999,490.0806,512.4713,500.7182,-0.0405,-0.1995,-0.3532,-39.3763,-0.62
16153.804800,269.230080,4.487168,449.6547,450.7825,24.3769,27.8974,-9999,-59994.03,-9999,489.9328,512.3209,500.565,-0.0443,-0.2036,-0.3563,-39.6812,-0.6214
16160.215040,269.336917,4.488949,449.5215,450.6346,24.3562,27.8953,-9999,-59994.03,-9999,489.7678,512.1602,500.4004,-0.0448,-0.207,-0.3574,-39.36,-0.6144
16166.625280,269.443755,4.490729,449.3878,450.4843,24.3331,27.8942,-9999,-59994.03,-9999,489.6087,512.0148,500.262,-0.0415,-0.2053,-0.3549,-38.8127,-0.6065
16173.035520,269.550592,4.492510,449.2542,450.3494,24.3259,27.8919,-9999,-59994.03,-9999,489.4622,511.8629,500.1156,-0.0415,-0.2061,-0.3564,-38.7679,-0.6037
16179.445760,269.657429,4.494290,449.1208,450.2372,24.3502,27.8843,-9999,-59994.03,-9999,489.33,511.6953,499.9601,-0.0408,-0.2067,-0.3592,-38.6063,-0.6034
16185.856000,269.764267,4.496071,448.9828,450.108,24.3675,27.8783,-9999,-59994.03,-9999,489.1932,511.544,499.8414,-0.036,-0.2062,-0.362,-38.9502,-0.6057
16192.266240,269.871104,4.497852,448.8487,449.971,24.3601,27.868,-9999,-59994.03,-9999,489.0487,511.3809,499.6892,-0.0379,-0.2088,-0.3638,-39.5442,-0.608
16198.676480,269.977941,4.499632,448.7168,449.819,24.334,27.8652,-9999,-59994.03,-9999,488.8915,511.2289,499.5381,-0.0383,-0.2033,-0.3571,-39.1413,-0.6093
16205.086720,270.084779,4.501413,448.5836,449.6746,24.3186,27.865,-9999,-59994.03,-9999,488.7466,511.0834,499.3951,-0.034,-0.1932,-0.3486,-38.4882,-0.6079
16211.496960,270.191616,4.503194,448.4505,449.5556,24.3384,27.8615,-9999,-59994.03,-9999,488.6027,510.9253,499.2387,-0.0345,-0.19,-0.3434,-38.1306,-0.6062
16217.907200,270.298453,4.504974,448.3143,449.4404,24.3647,27.8523,-9999,-59994.03,-9999,488.4753,510.776,499.0897,-0.0393,-0.1941,-0.3439,-38.2433,-0.6058
16224.317440,270.405291,4.506755,448.1791,449.3044,24.3583,27.8417,-9999,-59994.03,-9999,488.3205,510.612,498.9246,-0.0392,-0.1943,-0.3449,-37.9558,-0.6021
16230.727680,270.512128,4.508535,448.0474,449.149,24.3287,27.842,-9999,-59994.03,-9999,488.1582,510.4513,498.7734,-0.0384,-0.1963,-0.3478,-37.9927,-0.6021
16237.137920,270.618965,4.510316,447.9133,449.0081,24.3119,27.8397,-9999,-59994.03,-9999,488.0041,510.2915,498.6214,-0.0403,-0.1985,-0.3492,-38.1528,-0.6032
16243.548160,270.725803,4.512097,447.784,448.8946,24.3313,27.8374,-9999,-59994.03,-9999,487.8757,510.1408,498.4691,-0.0391,-0.1992,-0.3492,-37.9584,-0.6006
16249.958400,270.832640,4.513877,447.6526,448.7809,24.3557,27.8348,-9999,-59994.03,-9999,487.7432,509.9823,498.3231,-0.0349,-0.1951,-0.3444,-37.2661,-0.5952
16256.368640,270.939477,4.515658,447.516,448.6431,24.3532,27.8296,-9999,-59994.03,-9999,487.6044,509.8218,498.1671,-0.0359,-0.1931,-0.343,-37.1109,-0.5889
16262.778880,271.046315,4.517439,447.3857,448.49,24.3232,27.825,-9999,-59994.03,-9999,487.4465,509.6655,498.0169,-0.0357,-0.1861,-0.3375,-36.6837,-0.5864
16269.189120,271.153152,4.519219,447.2546,448.3497,24.3146,27.8268,-9999,-59994.03,-9999,487.2967,509.5063,497.8712,-0.0342,-0.1838,-0.3346,-36.4257,-0.5847
16275.599360,271.259989,4.521000,447.1164,448.2384,24.3435,27.8208,-9999,-59994.03,-9999,487.1747,509.3419,497.7133,-0.0355,-0.1896,-0.3373,-36.4737,-0.5833
16282.009600,271.366827,4.522780,446.9831,448.1098,24.3502,27.8063,-9999,-59994.03,-9999,487.0367,509.1888,497.5575,-0.0349,-0.1903,-0.3374,-36.4661,-0.5819
16288.419840,271.473664,4.524561,446.8517,447.9562,24.3222,27.7996,-9999,-59994.03,-9999,486.879,509.0428,497.4071,-0.0342,-0.1875,-0.3346,-36.1595,-0.5798
16294.830080,271.580501,4.526342,446.7197,447.8098,24.3019,27.7921,-9999,-59994.03,-9999,486.7327,508.9,497.2685,-0.0308,-0.1819,-0.3294,-35.8617,-0.5746
16301.240320,271.687339,4.528122,446.5832,447.7007,24.3289,27.7939,-9999,-59994.03,-9999,486.5938,508.7301,497.1017,-0.0274,-0.1768,-0.3263,-35.2953,-0.5687
16307.650560,271.794176,4.529903,446.4474,447.5763,24.3414,27.7856,-9999,-59994.03,-9999,486.4567,508.5726,496.9523,-0.0278,-0.173,-0.322,-34.7976,-0.5638
16314.060800,271.901013,4.531684,446.3183,447.4167,24.3056,27.776,-9999,-59994.03,-9999,486.2946,508.4051,496.7955,-0.0253,-0.1681,-0.3162,-34.1318,-0.5574
16320.471040,272.007851,4.533464,446.1855,447.2899,24.3135,27.772,-9999,-59994.03,-9999,486.1634,508.245,496.6481,-0.0247,-0.1648,-0.3086,-33.5871,-0.5528
16326.881280,272.114688,4.535245,446.0516,447.1818,24.3433,27.7626,-9999,-59994.03,-9999,486.0273,508.0862,496.4881,-0.0275,-0.1613,-0.304,-33.3316,-0.5506
16333.291520,272.221525,4.537025,445.9168,447.0199,24.298,27.7621,-9999,-59994.03,-9999,485.8635,507.927,496.3302,-0.0278,-0.1585,-0.2989,-32.3851,-0.5413
16339.701760,272.328363,4.538806,445.7873,446.8954,24.3084,27.7688,-9999,-59994.03,-9999,485.6729,507.7625,496.1755,-0.0302,-0.1612,-0.2953,-31.4231,-0.5315
16346.112000,272.435200,4.540587,445.6595,446.787,24.3354,27.7697,-9999,-59994.03,-9999,485.5482,507.6071,496.0239,-0.0292,-0.1601,-0.2917,-30.8153,-0.5231
16352.522240,272.542037,4.542367,445.5254,446.6154,24.289,27.7679,-9999,-59994.03,-9999,485.3855,507.4594,495.8813,-0.0296,-0.1617,-0.2928,-30.9899,-0.5206
16358.932480,272.648875,4.544148,445.392,446.5174,24.3301,27.758,-9999,-59994.03,-9999,485.2678,507.3063,495.7271,-0.034,-0.165,-0.2944,-31.0107,-0.5186
16365.342720,272.755712,4.545929,445.2035,446.3097,24.2391,27.6984,-9999,-59994.03,-9999,485.1055,507.146,495.5732,-0.0352,-0.1687,-0.2967,-31.4356,-0.5201
16371.752960,272.862549,4.547709,445.0648,446.1801,24.2469,27.6977,-9999,-59994.03,-9999,484.9692,506.9925,495.4218,-0.0333,-0.1727,-0.3023,-32.0764,-0.5261
16378.163200,272.969387,4.549490,444.9416,446.0555,24.2483,27.6981,-9999,-59994.03,-9999,484.8165,506.8516,495.273,-0.0323,-0.1749,-0.3058,-32.627,-0.5311
16384.573440,273.076224,4.551270,444.8127,445.9183,24.2513,27.6947,-9999,-59994.03,-9999,484.6925,506.6966,495.1227,-0.0346,-0.1794,-0.3122,-33.003,-0.5333
16390.983680,273.183061,4.553051,444.736,445.8464,24.3091,27.7486,-9999,-59994.03,-9999,484.5347,506.4791,494.9087,-0.037,-0.1863,-0.3201,-33.383,-0.5369
16397.393920,273.289899,4.554832,444.5988,445.7005,24.2978,27.7458,-9999,-59994.03,-9999,484.3952,506.3168,494.7579,-0.0394,-0.1929,-0.3263,-33.855,-0.5427
16403.804160,273.396736,4.556612,444.409,445.5295,24.2571,27.6845,-9999,-59994.03,-9999,484.2608,506.2366,494.6701,-0.0372,-0.1965,-0.3319,-34.8085,-0.5543
16410.214400,273.503573,4.558393,444.2769,445.37,24.2188,27.6744,-9999,-59994.03,-9999,484.1031,506.0742,494.5084,-0.0361,-0.1952,-0.3353,-35.3515,-0.5589
16416.624640,273.610411,4.560174,444.1432,445.2696,24.2622,27.6664,-9999,-59994.03,-9999,483.9784,505.8687,494.3081,-0.0337,-0.1945,-0.3389,-35.9987,-0.5655
16423.034880,273.717248,4.561954,444.0075,445.1046,24.2148,27.6632,-9999,-59994.03,-9999,483.8055,505.7199,494.1662,-0.038,-0.2008,-0.3468,-36.8093,-0.5757
16429.445120,273.824085,4.563735,443.8755,444.986,24.2345,27.659,-9999,-59994.03,-9999,483.6821,505.5771,494.0149,-0.0444,-0.2101,-0.3548,-37.572,-0.5819
16435.855360,273.930923,4.565515,443.7401,444.8651,24.2472,27.6567,-9999,-59994.03,-9999,483.5351,505.4215,493.863,-0.047,-0.2151,-0.3566,-37.9475,-0.5867
16442.265600,274.037760,4.567296,443.604,444.6976,24.2033,27.6526,-9999,-59994.03,-9999,483.3692,505.266,493.713,-0.0481,-0.2184,-0.3631,-38.513,-0.5943
16448.675840,274.144597,4.569077,443.4731,444.5952,24.2462,27.6477,-9999,-59994.03,-9999,483.2432,505.1212,493.5628,-0.0466,-0.2197,-0.3674,-38.8378,-0.5964
16455.086080,274.251435,4.570857,443.3418,444.4497,24.2303,27.6411,-9999,-59994.03,-9999,483.0789,504.9656,493.4065,-0.0413,-0.2152,-0.3694,-39.3491,-0.6014
16461.496320,274.358272,4.572638,443.2079,444.2985,24.2077,27.6482,-9999,-59994.03,-9999,482.9128,504.8173,493.2552,-0.0418,-0.2143,-0.3703,-39.8435,-0.6074
16467.906560,274.465109,4.574418,443.0777,444.1977,24.2525,27.6482,-9999,-59994.03,-9999,482.7856,504.6771,493.1097,-0.0462,-0.2187,-0.3738,-40.6369,-0.6175
16474.316800,274.571947,4.576199,442.946,444.0469,24.2222,27.6429,-9999,-59994.03,-9999,482.6113,504.5292,492.9545,-0.0455,-0.2178,-0.3754,-41.2182,-0.6219
16480.727040,274.678784,4.577980,442.8092,443.904,24.2165,27.6424,-9999,-59994.03,-9999,482.4638,504.369,492.7983,-0.04,-0.2125,-0.3751,-41.1582,-0.6225
16487.137280,274.785621,4.579760,442.6768,443.7955,24.2559,27.6521,-9999,-59994.03,-9999,482.3349,504.2264,492.6472,-0.0381,-0.2076,-0.371,-40.6681,-0.6187
16493.547520,274.892459,4.581541,442.5442,443.6353,24.213,27.6556,-9999,-59994.03,-9999,482.1664,504.0706,492.4956,-0.0373,-0.2055,-0.3652,-39.9765,-0.6112
16499.957760,274.999296,4.583322,442.4091,443.5185,24.2407,27.6526,-9999,-59994.03,-9999,482.0384,503.9267,492.346,-0.0379,-0.2028,-0.3596,-39.2129,-0.6059
16506.368000,275.106133,4.585102,442.2792,443.3997,24.2564,27.6625,-9999,-59994.03,-9999,481.8926,503.7724,492.196,-0.0407,-0.2035,-0.3585,-39.2532,-0.607
16512.778240,275.212971,4.586883,442.1448,443.2359,24.2183,27.6618,-9999,-59994.03,-9999,481.7368,503.6171,492.0553,-0.0403,-0.203,-0.357,-39.1127,-0.6098
16519.188480,275.319808,4.588663,442.0183,443.1472,24.2732,27.6786,-9999,-59994.03,-9999,481.6217,503.46,491.9098,-0.0347,-0.1948,-0.3478,-38.2744,-0.6057
16525.598720,275.426645,4.590444,441.8885,442.9957,24.249,27.6772,-9999,-59994.03,-9999,481.4514,503.3184,491.7685,-0.0333,-0.1884,-0.3404,-37.6736,-0.598
16532.008960,275.533483,4.592225,441.7592,442.8587,24.2428,27.6864,-9999,-59994.03,-9999,481.3008,503.1652,491.621,-0.0316,-0.1837,-0.3369,-37.2713,-0.5905
16538.419200,275.640320,4.594005,441.6331,442.7572,24.2887,27.6894,-9999,-59994.03,-9999,481.1798,503.0081,491.4797,-0.028,-0.1751,-0.3278,-36.3235,-0.5798
16544.829440,275.747157,4.595786,441.5056,442.6031,24.2589,27.6961,-9999,-59994.03,-9999,481.0198,502.8578,491.33,-0.0293,-0.1771,-0.3249,-35.6434,-0.5728
16551.239680,275.853995,4.597567,441.3721,442.4692,24.2654,27.7039,-9999,-59994.03,-9999,480.887,502.7103,491.1801,-0.0328,-0.1811,-0.3256,-35.5733,-0.5707
16557.649920,275.960832,4.599347,441.2432,442.3701,24.2998,27.7094,-9999,-59994.03,-9999,480.7544,502.5455,491.0279,-0.0364,-0.1858,-0.3262,-35.2528,-0.5679
16564.060160,276.067669,4.601128,441.1132,442.2048,24.2599,27.7232,-9999,-59994.03,-9999,480.5755,502.4028,490.8802,-0.039,-0.1889,-0.3267,-35.1467,-0.5661
16570.470400,276.174507,4.602908,440.9768,442.0825,24.2836,27.7246,-9999,-59994.03,-9999,480.4574,502.2726,490.7442,-0.0404,-0.1938,-0.3319,-35.6409,-0.571
16576.880640,276.281344,4.604689,440.8483,441.9678,24.3051,27.7329,-9999,-59994.03,-9999,480.3208,502.1232,490.5983,-0.0421,-0.1999,-0.3399,-36.2956,-0.5763
16583.290880,276.388181,4.606470,440.7168,441.8047,24.2672,27.7365,-9999,-59994.03,-9999,480.1503,501.9728,490.4497,-0.0443,-0.2042,-0.3465,-36.7507,-0.5801
16589.701120,276.495019,4.608250,440.5841,441.6761,24.2702,27.734,-9999,-59994.03,-9999,480.0111,501.8172,490.3,-0.0406,-0.2025,-0.3466,-36.8873,-0.5833
16596.111360,276.601856,4.610031,440.45,441.5689,24.3086,27.7425,-9999,-59994.03,-9999,479.9457,501.6739,490.1494,-0.0363,-0.1995,-0.3475,-37.1872,-0.5851
16602.521600,276.708693,4.611812,440.3213,441.4299,24.3069,27.7437,-9999,-59994.03,-9999,479.7872,501.5108,489.9824,-0.0358,-0.1993,-0.3501,-37.7366,-0.59
16608.931840,276.815531,4.613592,440.1838,441.269,24.2682,27.7428,-9999,-59994.03,-9999,479.6279,501.3576,489.8474,-0.0381,-0.1982,-0.3508,-38.1911,-0.5924
16615.342080,276.922368,4.615373,440.0549,441.1635,24.3104,27.7467,-9999,-59994.03,-9999,479.5066,501.2087,489.6987,-0.0401,-0.2012,-0.3543,-38.4292,-0.5932
16621.752320,277.029205,4.617153,439.9861,441.0883,24.3726,27.8148,-9999,-59994.03,-9999,479.3497,501.0468,489.539,-0.0403,-0.2025,-0.354,-38.5272,-0.5982
16628.162560,277.136043,4.618934,439.8523,440.9347,24.3456,27.8148,-9999,-59994.03,-9999,479.1929,500.897,489.3907,-0.0433,-0.2075,-0.3565,-39.077,-0.6032
16634.572800,277.242880,4.620715,439.7159,440.8356,24.3901,27.8137,-9999,-59994.03,-9999,479.0682,500.739,489.2365,-0.0478,-0.2118,-0.3584,-39.133,-0.604
16640.983040,277.349717,4.622495,439.5868,440.6865,24.3668,27.8174,-9999,-59994.03,-9999,478.9066,500.5858,489.0898,-0.047,-0.216,-0.3642,-39.3841,-0.6075
16647.393280,277.456555,4.624276,439.4561,440.546,24.3539,27.8213,-9999,-59994.03,-9999,478.7628,500.4264,488.9483,-0.0418,-0.2135,-0.3651,-39.3225,-0.6063
16653.803520,277.563392,4.626057,439.3197,440.4442,24.3919,27.8187,-9999,-59994.03,-9999,478.6394,500.2618,488.7894,-0.0408,-0.2099,-0.3659,-39.7804,-0.6103
16660.213760,277.670229,4.627837,439.1864,440.2965,24.3746,27.8171,-9999,-59994.03,-9999,478.4868,500.1002,488.6453,-0.0453,-0.2157,-0.373,-40.6511,-0.6213
16666.624000,277.777067,4.629618,439.0586,440.148,24.3506,27.8227,-9999,-59994.03,-9999,478.3309,499.9801,488.4982,-0.0432,-0.2162,-0.3755,-40.9643,-0.6237
16673.034240,277.883904,4.631398,438.9285,440.0441,24.3862,27.8208,-9999,-59994.03,-9999,478.2075,499.8257,488.3452,-0.0393,-0.2097,-0.3704,-40.6357,-0.6229
16679.444480,277.990741,4.633179,438.7959,439.9207,24.397,27.8208,-9999,-59994.03,-9999,478.0693,499.6677,488.1949,-0.0385,-0.2084,-0.3651,-40.3419,-0.6219
16685.854720,278.097579,4.634960,438.6669,439.7589,24.3576,27.8199,-9999,-59994.03,-9999,477.9076,499.5202,488.0487,-0.0392,-0.2075,-0.3645,-40.4014,-0.6196
16692.264960,278.204416,4.636740,438.5345,439.6409,24.3733,27.8176,-9999,-59994.03,-9999,477.7745,499.3674,487.8969,-0.0376,-0.2027,-0.3588,-39.7734,-0.6154
16698.675200,278.311253,4.638521,438.4075,439.5326,24.4093,27.8167,-9999,-59994.03,-9999,477.6409,499.2115,487.7419,-0.0374,-0.1977,-0.3542,-39.4479,-0.6133
16705.085440,278.418091,4.640302,438.2762,439.3778,24.3795,27.819,-9999,-59994.03,-9999,477.4868,499.0633,487.6039,-0.0375,-0.197,-0.3528,-39.2216,-0.6137
16711.495680,278.524928,4.642082,438.1451,439.2379,24.3652,27.8213,-9999,-59994.03,-9999,477.3395,498.9059,487.448,-0.0391,-0.2005,-0.3548,-39.2754,-0.6121
16717.905920,278.631765,4.643863,438.0124,439.1353,24.4021,27.8181,-9999,-59994.03,-9999,477.2309,498.7549,487.3048,-0.0387,-0.2006,-0.3499,-38.2721,-0.604
16724.316160,278.738603,4.645643,437.8841,439.0077,24.4118,27.8079,-9999,-59994.03,-9999,477.0895,498.5939,487.1519,-0.0363,-0.1951,-0.3417,-37.0507,-0.5924
16730.726400,278.845440,4.647424,437.7518,438.8568,24.3799,27.799,-9999,-59994.03,-9999,476.9314,498.4403,487.0004,-0.0393,-0.2008,-0.3447,-36.7382,-0.5899
16737.136640,278.952277,4.649205,437.6222,438.7149,24.3622,27.804,-9999,-59994.03,-9999,476.7887,498.2884,486.851,-0.0446,-0.2058,-0.3479,-37.1643,-0.5875
16743.546880,279.059115,4.650985,437.4961,438.6068,24.3968,27.8022,-9999,-59994.03,-9999,476.6646,498.144,486.7045,-0.0447,-0.2062,-0.3515,-37.3013,-0.5868
16749.957120,279.165952,4.652766,437.3643,438.4886,24.4095,27.7914,-9999,-59994.03,-9999,476.531,497.981,486.5577,-0.0399,-0.2013,-0.3449,-36.9496,-0.5842
16756.367360,279.272789,4.654546,437.2336,438.334,24.379,27.7923,-9999,-59994.03,-9999,476.378,497.831,486.407,-0.0359,-0.1974,-0.342,-37.2416,-0.5864
16762.777600,279.379627,4.656327,437.1053,438.1959,24.3638,27.7939,-9999,-59994.03,-9999,476.2333,497.6763,486.2515,-0.0322,-0.1915,-0.3409,-36.9754,-0.5798
16769.187840,279.486464,4.658108,436.9735,438.0908,24.3947,27.7875,-9999,-59994.03,-9999,476.1046,497.5163,486.0962,-0.0326,-0.1885,-0.3379,-36.4066,-0.5733
16775.598080,279.593301,4.659888,436.8487,437.9713,24.4051,27.7863,-9999,-59994.03,-9999,475.9741,497.3746,485.9558,-0.0338,-0.1862,-0.3362,-36.3851,-0.5722
16782.008320,279.700139,4.661669,436.7176,437.8119,24.3679,27.7875,-9999,-59994.03,-9999,475.8162,497.2207,485.8071,-0.0325,-0.1853,-0.3348,-36.4505,-0.5719
16788.418560,279.806976,4.663450,436.5857,437.6797,24.3603,27.7868,-9999,-59994.03,-9999,475.6752,497.0718,485.6542,-0.0333,-0.1807,-0.3309,-36.2082,-0.5699
16794.828800,279.913813,4.665230,436.457,437.5777,24.4014,27.787,-9999,-59994.03,-9999,475.5533,496.9172,485.5037,-0.0311,-0.1727,-0.3222,-34.9228,-0.5593
16801.239040,280.020651,4.667011,436.3239,437.4424,24.3926,27.7806,-9999,-59994.03,-9999,475.4134,496.7646,485.3503,-0.0303,-0.1724,-0.3174,-34.1268,-0.5516
16807.649280,280.127488,4.668791,436.1977,437.291,24.3617,27.7888,-9999,-59994.03,-9999,475.2578,496.6154,485.2092,-0.0363,-0.1813,-0.3217,-34.7088,-0.5542
16814.059520,280.234325,4.670572,436.0694,437.1682,24.3643,27.7835,-9999,-59994.03,-9999,475.1264,496.4643,485.0681,-0.0388,-0.1849,-0.3271,-35.2362,-0.5577
16820.469760,280.341163,4.672353,435.942,437.0612,24.3945,27.7796,-9999,-59994.03,-9999,475.007,496.3087,484.9117,-0.0424,-0.1895,-0.3322,-35.8003,-0.5632
16826.880000,280.448000,4.674133,435.8104,436.9353,24.4009,27.7776,-9999,-59994.03,-9999,474.8718,496.2273,484.8274,-0.0426,-0.195,-0.3381,-36.2762,-0.5702
16833.290240,280.554837,4.675914,435.6801,436.7796,24.37,27.7716,-9999,-59994.03,-9999,474.7148,496.0683,484.68,-0.0386,-0.1921,-0.3369,-36.3905,-0.5717
16839.700480,280.661675,4.677695,435.552,436.6407,24.3523,27.7702,-9999,-59994.03,-9999,474.5768,495.9239,484.5301,-0.0358,-0.1901,-0.3396,-36.7245,-0.5735
16846.110720,280.768512,4.679475,435.4309,436.5352,24.3756,27.7704,-9999,-59994.03,-9999,474.4558,495.776,484.3938,-0.0366,-0.1926,-0.3426,-37.0448,-0.5762
16852.520960,280.875349,4.681256,435.2931,436.4168,24.3968,27.7638,-9999,-59994.03,-9999,474.3268,495.6192,484.2347,-0.034,-0.1894,-0.3408,-37.1783,-0.5793
16858.931200,280.982187,4.683036,435.1646,436.2775,24.3772,27.7566,-9999,-59994.03,-9999,474.1795,495.476,484.0844,-0.0349,-0.1898,-0.3436,-37.7799,-0.5891
16865.341440,281.089024,4.684817,435.036,436.1277,24.3474,27.7525,-9999,-59994.03,-9999,474.0255,495.324,483.9333,-0.0353,-0.1901,-0.3445,-37.5647,-0.5893
16871.751680,281.195861,4.686598,434.9097,436.0159,24.3691,27.75,-9999,-59994.03,-9999,473.9049,495.1662,483.7832,-0.038,-0.1925,-0.3411,-37.2959,-0.5888
16878.161920,281.302699,4.688378,434.7798,435.8987,24.3813,27.7477,-9999,-59994.03,-9999,473.7665,495.0102,483.6311,-0.0396,-0.1958,-0.3427,-37.517,-0.5912
16884.572160,281.409536,4.690159,434.6521,435.7393,24.3419,27.7486,-9999,-59994.03,-9999,473.6163,494.8625,483.4924,-0.0371,-0.1979,-0.345,-37.5784,-0.5921
16890.982400,281.516373,4.691940,434.5234,435.6412,24.3802,27.7527,-9999,-59994.03,-9999,473.5038,494.6508,483.2778,-0.0379,-0.1975,-0.3487,-37.487,-0.5893
16897.392640,281.623211,4.693720,434.3974,435.4991,24.3599,27.7483,-9999,-59994.03,-9999,473.3479,494.5018,483.1314,-0.039,-0.1973,-0.349,-37.3129,-0.5845
16903.802880,281.730048,4.695501,434.268,435.3646,24.3504,27.7513,-9999,-59994.03,-9999,473.2196,494.4155,483.0528,-0.0399,-0.1984,-0.3474,-37.1478,-0.5801
16910.213120,281.836885,4.697281,434.1432,435.2593,24.3795,27.7467,-9999,-59994.03,-9999,473.0863,494.2551,482.8937,-0.0371,-0.1987,-0.3451,-36.9215,-0.5764
16916.623360,281.943723,4.699062,434.0153,435.0961,24.3338,27.749,-9999,-59994.03,-9999,472.9369,494.1057,482.7523,-0.0339,-0.1938,-0.3407,-36.4841,-0.5716
16923.033600,282.050560,4.700843,433.8839,435.004,24.3799,27.744,-9999,-59994.03,-9999,472.829,493.9551,482.6136,-0.0317,-0.1901,-0.3384,-35.8204,-0.5681
16929.443840,282.157397,4.702623,433.7584,434.8487,24.3354,27.7442,-9999,-59994.03,-9999,472.6733,493.8073,482.4771,-0.0291,-0.1865,-0.3324,-35.3799,-0.5683
16935.854080,282.264235,4.704404,433.6276,434.7458,24.3735,27.7467,-9999,-59994.03,-9999,472.5566,493.6537,482.3263,-0.0295,-0.1847,-0.3291,-35.2731,-0.5687
16942.264320,282.371072,4.706185,433.4986,434.5951,24.3368,27.7428,-9999,-59994.03,-9999,472.3972,493.5019,482.1801,-0.0319,-0.1837,-0.3265,-35.0333,-0.5647
16948.674560,282.477909,4.707965,433.3735,434.4803,24.3553,27.7332,-9999,-59994.03,-9999,472.2777,493.3609,482.0344,-0.0342,-0.1881,-0.3303,-35.0825,-0.5626
16955.084800,282.584747,4.709746,433.2462,434.3553,24.3546,27.7368,-9999,-59994.03,-9999,472.1327,493.2224,481.891,-0.0382,-0.195,-0.3334,-34.9393,-0.5562
16961.495040,282.691584,4.711526,433.117,434.2057,24.3292,27.7276,-9999,-59994.03,-9999,471.9911,493.0683,481.749,-0.0357,-0.1929,-0.33,-34.5999,-0.5539
16967.905280,282.798421,4.713307,432.9913,434.1109,24.3772,27.7318,-9999,-59994.03,-9999,471.8715,492.9259,481.6004,-0.0342,-0.1923,-0.3298,-34.586,-0.5513
16974.315520,282.905259,4.715088,432.8596,433.9444,24.3204,27.7134,-9999,-59994.03,-9999,471.7095,492.7732,481.4553,-0.0329,-0.189,-0.3272,-34.5555,-0.5484
16980.725760,283.012096,4.716868,432.7291,433.8404,24.3511,27.706,-9999,-59994.03,-9999,471.5921,492.6175,481.3054,-0.0307,-0.1849,-0.3214,-33.9164,-0.5446
16987.136000,283.118933,4.718649,432.6001,433.7138,24.3506,27.7,-9999,-59994.03,-9999,471.4391,492.4747,481.1669,-0.0326,-0.1855,-0.319,-33.5231,-0.5432
16993.546240,283.225771,4.720430,432.4741,433.5604,24.3174,27.6975,-9999,-59994.03,-9999,471.2932,492.3386,481.0257,-0.0353,-0.1873,-0.3231,-34.0007,-0.5487
16999.956480,283.332608,4.722210,432.3475,433.4659,24.3559,27.6986,-9999,-59994.03,-9999,471.1815,492.1886,480.8802,-0.0344,-0.1903,-0.3288,-34.6391,-0.5546
17006.366720,283.439445,4.723991,432.2213,433.3296,24.3428,27.692,-9999,-59994.03,-9999,471.0349,492.0326,480.73,-0.0331,-0.1897,-0.3296,-34.5943,-0.5528
17012.776960,283.546283,4.725771,432.0942,433.1754,24.31,27.6913,-9999,-59994.03,-9999,470.8811,491.8895,480.5886,-0.029,-0.1852,-0.3256,-34.2586,-0.5497
17019.187200,283.653120,4.727552,431.9656,433.0729,24.3386,27.6844,-9999,-59994.03,-9999,470.7629,491.7506,480.4496,-0.0295,-0.1847,-0.3258,-34.4249,-0.5505
17025.597440,283.759957,4.729333,431.8421,432.961,24.3615,27.6724,-9999,-59994.03,-9999,470.6381,491.5968,480.3129,-0.0303,-0.1832,-0.3217,-34.116,-0.5512
17032.007680,283.866795,4.731113,431.7153,432.8028,24.316,27.6708,-9999,-59994.03,-9999,470.4813,491.4493,480.1721,-0.0302,-0.1769,-0.3173,-33.9653,-0.5505
17038.417920,283.973632,4.732894,431.5836,432.6799,24.3213,27.6657,-9999,-59994.03,-9999,470.3556,491.3034,480.0287,-0.0328,-0.1815,-0.3222,-34.7348,-0.5553
17044.828160,284.080469,4.734674,431.4565,432.5805,24.3583,27.6565,-9999,-59994.03,-9999,470.2302,491.1406,479.8742,-0.0329,-0.1829,-0.3233,-35.1571,-0.5571
17051.238400,284.187307,4.736455,431.3325,432.4302,24.3269,27.6519,-9999,-59994.03,-9999,470.0756,491.0014,479.7289,-0.0311,-0.1787,-0.32,-35.0362,-0.5622
17057.648640,284.294144,4.738236,431.2061,432.2904,24.3066,27.6526,-9999,-59994.03,-9999,469.9302,490.859,479.5864,-0.0313,-0.1765,-0.3183,-35.0612,-0.5622
17064.058880,284.400981,4.740016,431.0779,432.1837,24.3359,27.6446,-9999,-59994.03,-9999,469.804,490.722,479.4435,-0.0334,-0.1791,-0.3239,-35.6708,-0.5657
17070.469120,284.507819,4.741797,430.9517,432.0661,24.3502,27.6368,-9999,-59994.03,-9999,469.6825,490.579,479.3058,-0.0353,-0.1818,-0.3285,-36.3476,-0.5715
17076.879360,284.614656,4.743578,430.822,431.9206,24.3216,27.6319,-9999,-59994.03,-9999,469.5385,490.427,479.1666,-0.0363,-0.1881,-0.3367,-37.1138,-0.5793
17083.289600,284.721493,4.745358,430.6956,431.7813,24.3017,27.6278,-9999,-59994.03,-9999,469.3979,490.2845,479.0252,-0.0376,-0.1933,-0.345,-37.7392,-0.5858
17089.699840,284.828331,4.747139,430.5692,431.6808,24.3315,27.6195,-9999,-59994.03,-9999,469.2722,490.1376,478.8781,-0.0402,-0.1968,-0.3486,-37.607,-0.5847
17096.110080,284.935168,4.748919,430.4447,431.5656,24.3534,27.6236,-9999,-59994.03,-9999,469.1447,489.9892,478.7354,-0.0389,-0.1999,-0.3494,-37.5956,-0.5844
17102.520320,285.042005,4.750700,430.3179,431.4183,24.3204,27.6223,-9999,-59994.03,-9999,468.9948,489.8399,478.5924,-0.0393,-0.2026,-0.3521,-38.1734,-0.5901
17108.930560,285.148843,4.752481,430.1908,431.2783,24.3026,27.6172,-9999,-59994.03,-9999,468.8601,489.7001,478.4576,-0.0397,-0.2037,-0.3528,-38.3103,-0.5931
17115.340800,285.255680,4.754261,430.0645,431.1756,24.3379,27.6098,-9999,-59994.03,-9999,468.7438,489.5405,478.3102,-0.0415,-0.2036,-0.3519,-38.0652,-0.5954
17121.751040,285.362517,4.756042,429.937,431.0465,24.3285,27.5981,-9999,-59994.03,-9999,468.5859,489.3303,478.0974,-0.0455,-0.2076,-0.3555,-38.3179,-0.599
17128.161280,285.469355,4.757823,429.8108,430.8966,24.2978,27.5882,-9999,-59994.03,-9999,468.4397,489.1819,477.9481,-0.0486,-0.2128,-0.3618,-38.654,-0.6026
17134.571520,285.576192,4.759603,429.687,430.8093,24.3463,27.5898,-9999,-59994.03,-9999,468.3236,489.1049,477.8727,-0.0481,-0.2179,-0.3678,-39.1994,-0.6047
17140.981760,285.683029,4.761384,429.5625,430.6464,24.2964,27.5891,-9999,-59994.03,-9999,468.1629,488.9496,477.7236,-0.0499,-0.2257,-0.3808,-40.4959,-0.6139
17147.392000,285.789867,4.763164,429.4363,430.5558,24.3428,27.5843,-9999,-59994.03,-9999,467.9975,488.7585,477.5271,-0.0531,-0.2384,-0.3982,-42.089,-0.6282
17153.802240,285.896704,4.764945,429.3143,430.3944,24.2906,27.5767,-9999,-59994.03,-9999,467.8311,488.6118,477.3782,-0.0548,-0.2448,-0.4032,-43.3395,-0.6433
17160.212480,286.003541,4.766726,429.1889,430.302,24.3433,27.5726,-9999,-59994.03,-9999,467.7823,488.467,477.2419,-0.056,-0.2475,-0.4106,-44.4108,-0.6539
17166.622720,286.110379,4.768506,429.0631,430.1433,24.2906,27.5638,-9999,-59994.03,-9999,467.6222,488.3273,477.0926,-0.0543,-0.2496,-0.4168,-44.9449,-0.6593
17173.032960,286.217216,4.770287,428.9389,430.0492,24.3373,27.5673,-9999,-59994.03,-9999,467.4511,488.1786,476.9533,-0.0552,-0.2528,-0.4219,-45.5784,-0.6694
17179.443200,286.324053,4.772068,428.81,429.8839,24.2839,27.5594,-9999,-59994.03,-9999,467.2913,488.0234,476.8047,-0.056,-0.2554,-0.4276,-46.8994,-0.6854
17185.853440,286.430891,4.773848,428.6851,429.7965,24.3368,27.562,-9999,-59994.03,-9999,467.246,487.8878,476.6654,-0.0563,-0.262,-0.4408,-48.3693,-0.7
17192.263680,286.537728,4.775629,428.558,429.6347,24.2837,27.5592,-9999,-59994.03,-9999,467.0792,487.7291,476.5065,-0.0619,-0.2696,-0.4493,-48.8589,-0.7085
17198.673920,286.644565,4.777409,428.4352,429.5439,24.3347,27.5576,-9999,-59994.03,-9999,466.9736,487.5922,476.3721,-0.0622,-0.2695,-0.4475,-48.8452,-0.7113
17205.084160,286.751403,4.779190,428.309,429.3812,24.2851,27.5581,-9999,-59994.03,-9999,466.8092,487.4448,476.2271,-0.0583,-0.2668,-0.4449,-49.183,-0.7142
17211.494400,286.858240,4.780971,428.1849,429.2951,24.3347,27.5539,-9999,-59994.03,-9999,466.642,487.2898,476.0844,-0.0549,-0.2631,-0.4429,-49.464,-0.7186
17217.904640,286.965077,4.782751,428.0607,429.1395,24.2851,27.5502,-9999,-59994.03,-9999,466.4752,487.15,475.9386,-0.0535,-0.2565,-0.4367,-48.8232,-0.7152
17224.314880,287.071915,4.784532,427.9349,429.044,24.3324,27.5413,-9999,-59994.03,-9999,466.3663,487.0016,475.7976,-0.0478,-0.2435,-0.4257,-47.9266,-0.7099
17230.725120,287.178752,4.786313,427.8097,428.8947,24.2904,27.5371,-9999,-59994.03,-9999,466.2119,486.8509,475.6557,-0.0441,-0.2348,-0.416,-47.5794,-0.7033
17237.135360,287.285589,4.788093,427.6835,428.7832,24.3123,27.5348,-9999,-59994.03,-9999,466.0981,486.7107,475.5169,-0.0439,-0.2297,-0.41,-46.9193,-0.6998
17243.545600,287.392427,4.789874,427.5658,428.6673,24.3151,27.5371,-9999,-59994.03,-9999,465.9564,486.5591,475.3657,-0.0428,-0.224,-0.4056,-46.0413,-0.6927
17249.955840,287.499264,4.791654,427.4318,428.5162,24.2853,27.5263,-9999,-59994.03,-9999,465.8132,486.4091,475.2277,-0.0433,-0.2235,-0.4039,-45.9213,-0.6913
17256.366080,287.606101,4.793435,427.3117,428.4258,24.3289,27.5279,-9999,-59994.03,-9999,465.6998,486.2741,475.0858,-0.0493,-0.2277,-0.4039,-46.1063,-0.6925
17262.776320,287.712939,4.795216,427.187,428.2729,24.2867,27.5284,-9999,-59994.03,-9999,465.5403,486.1278,474.9451,-0.0477,-0.2251,-0.3941,-45.2359,-0.685
17269.186560,287.819776,4.796996,427.0601,428.1441,24.2807,27.5275,-9999,-59994.03,-9999,465.4107,485.9723,474.7986,-0.0466,-0.2207,-0.3879,-44.6055,-0.6785
17275.596800,287.926613,4.798777,426.9351,428.0446,24.3165,27.5254,-9999,-59994.03,-9999,465.2973,485.8246,474.662,-0.0455,-0.2181,-0.3842,-43.8473,-0.6736
17282.007040,288.033451,4.800558,426.8051,427.8962,24.2835,27.5222,-9999,-59994.03,-9999,465.1514,485.6777,474.5204,-0.0487,-0.224,-0.3864,-43.5823,-0.6728
17288.417280,288.140288,4.802338,426.6837,427.7647,24.2678,27.5259,-9999,-59994.03,-9999,465.015,485.5344,474.3748,-0.0479,-0.2254,-0.3865,-43.4157,-0.6704
17294.827520,288.247125,4.804119,426.5563,427.6667,24.3121,27.5254,-9999,-59994.03,-9999,464.8994,485.3948,474.2333,-0.0458,-0.2209,-0.3819,-42.9037,-0.6628
17301.237760,288.353963,4.805899,426.4355,427.5196,24.2816,27.5164,-9999,-59994.03,-9999,464.7391,485.2452,474.0895,-0.0409,-0.2151,-0.3767,-42.3914,-0.6595
17307.648000,288.460800,4.807680,426.3099,427.3846,24.2694,27.5102,-9999,-59994.03,-9999,464.6,485.0923,473.9415,-0.0407,-0.2151,-0.3743,-41.9568,-0.6576
17314.058240,288.567637,4.809461,426.123,427.2319,24.2469,27.4482,-9999,-59994.03,-9999,464.4857,484.9534,473.8026,-0.0455,-0.2211,-0.3786,-42.1889,-0.6574
17320.468480,288.674475,4.811241,425.998,427.0791,24.2132,27.4466,-9999,-59994.03,-9999,464.3434,484.8088,473.6551,-0.046,-0.2216,-0.3833,-42.6611,-0.6608
17326.878720,288.781312,4.813022,425.877,426.9487,24.1978,27.4457,-9999,-59994.03,-9999,464.2048,484.6574,473.5097,-0.0388,-0.2138,-0.3796,-42.4443,-0.658
17333.288960,288.888149,4.814802,425.7496,426.847,24.2289,27.4365,-9999,-59994.03,-9999,464.0916,484.5202,473.3696,-0.0408,-0.2119,-0.379,-42.1464,-0.6558
17339.699200,288.994987,4.816583,425.6212,426.7236,24.2358,27.4423,-9999,-59994.03,-9999,463.958,484.3758,473.2288,-0.0436,-0.2129,-0.38,-42.2818,-0.6552
17346.109440,289.101824,4.818364,425.5047,426.5738,24.1975,27.4342,-9999,-59994.03,-9999,463.8117,484.2476,473.0922,-0.0407,-0.2102,-0.3772,-42.0333,-0.6505
17352.519680,289.208661,4.820144,425.3791,426.4478,24.1906,27.4289,-9999,-59994.03,-9999,463.6718,484.1115,472.9501,-0.0417,-0.2084,-0.3733,-41.6334,-0.6446
17358.929920,289.315499,4.821925,425.2497,426.343,24.2328,27.4342,-9999,-59994.03,-9999,463.5476,483.9816,472.8167,-0.0388,-0.2055,-0.3683,-41.2522,-0.6376
17365.340160,289.422336,4.823706,425.1259,426.2172,24.2241,27.4312,-9999,-59994.03,-9999,463.4028,483.8427,472.6735,-0.035,-0.2027,-0.3635,-40.6388,-0.6285
17371.750400,289.529173,4.825486,424.9998,426.0579,24.1858,27.4337,-9999,-59994.03,-9999,463.2382,483.7057,472.5284,-0.0339,-0.2007,-0.3572,-39.5745,-0.6179
17378.160640,289.636011,4.827267,424.8748,425.9422,24.1985,27.4367,-9999,-59994.03,-9999,463.1048,483.5654,472.3836,-0.03,-0.1924,-0.3473,-38.1571,-0.6058
17384.570880,289.742848,4.829047,424.7434,425.8423,24.2287,27.4376,-9999,-59994.03,-9999,462.9804,483.4311,472.2494,-0.0308,-0.1889,-0.343,-37.4102,-0.5957
17390.981120,289.849685,4.830828,424.62,425.6914,24.2031,27.4406,-9999,-59994.03,-9999,462.8253,483.2946,472.1042,-0.0305,-0.1863,-0.3395,-37.015,-0.5879
17397.391360,289.956523,4.832609,424.4965,425.555,24.1837,27.4457,-9999,-59994.03,-9999,462.6788,483.1499,471.968,-0.0283,-0.1815,-0.3332,-36.2911,-0.5768
17403.801600,290.063360,4.834389,424.366,425.4583,24.2262,27.4577,-9999,-59994.03,-9999,462.5689,483.0044,471.8325,-0.0292,-0.1779,-0.3274,-35.4184,-0.5645
17410.211840,290.170197,4.836170,424.2395,425.3362,24.2395,27.4588,-9999,-59994.03,-9999,462.4333,482.8591,471.6924,-0.0276,-0.173,-0.3183,-34.7641,-0.5552
17416.622080,290.277035,4.837951,424.1145,425.1864,24.198,27.463,-9999,-59994.03,-9999,462.2715,482.7086,471.5457,-0.0295,-0.1714,-0.3159,-34.4986,-0.5533
17423.032320,290.383872,4.839731,423.9893,425.0764,24.2181,27.4687,-9999,-59994.03,-9999,462.1449,482.556,471.3983,-0.0306,-0.1763,-0.3187,-34.7353,-0.5578
17429.442560,290.490709,4.841512,423.8669,424.9696,24.2481,27.4747,-9999,-59994.03,-9999,462.0157,482.4156,471.2658,-0.0295,-0.1791,-0.3221,-35.1966,-0.5632
17435.852800,290.597547,4.843292,423.7454,424.8134,24.2033,27.4848,-9999,-59994.03,-9999,461.8572,482.2713,471.1253,-0.0277,-0.1787,-0.3209,-35.1737,-0.5596
17442.263040,290.704384,4.845073,423.6239,424.7141,24.243,27.4915,-9999,-59994.03,-9999,461.7446,482.1361,470.9805,-0.0291,-0.1778,-0.3207,-35.0085,-0.561
17448.673280,290.811221,4.846854,423.4998,424.5971,24.2596,27.4954,-9999,-59994.03,-9999,461.6038,482.0011,470.8481,-0.0314,-0.1801,-0.3194,-34.8463,-0.5603
17455.083520,290.918059,4.848634,423.3794,424.4472,24.2275,27.5046,-9999,-59994.03,-9999,461.4538,481.8682,470.7132,-0.0314,-0.1803,-0.315,-34.2178,-0.5545
17461.493760,291.024896,4.850415,423.2636,424.3319,24.2372,27.5134,-9999,-59994.03,-9999,461.3202,481.7177,470.5704,-0.0315,-0.1777,-0.3125,-33.6575,-0.5465
17467.904000,291.131733,4.852196,423.141,424.2353,24.2811,27.5219,-9999,-59994.03,-9999,461.196,481.5726,470.4204,-0.033,-0.1805,-0.3141,-33.5564,-0.544
17474.314240,291.238571,4.853976,423.0177,424.0898,24.2555,27.5246,-9999,-59994.03,-9999,461.0436,481.438,470.2803,-0.0344,-0.1824,-0.3178,-33.8968,-0.5444
17480.724480,291.345408,4.855757,422.8888,423.9536,24.2382,27.5297,-9999,-59994.03,-9999,460.9037,481.2981,470.148,-0.034,-0.183,-0.3195,-33.8006,-0.5435
17487.134720,291.452245,4.857537,422.7694,423.8596,24.2818,27.5474,-9999,-59994.03,-9999,460.7883,481.1519,470.007,-0.036,-0.1865,-0.3191,-33.5425,-0.5418
17493.544960,291.559083,4.859318,422.6431,423.7315,24.2859,27.5476,-9999,-59994.03,-9999,460.638,481.0025,469.8614,-0.0346,-0.1857,-0.319,-33.5694,-0.5385
17499.955200,291.665920,4.861099,422.5183,423.5799,24.2511,27.5513,-9999,-59994.03,-9999,460.4935,480.8696,469.7278,-0.0336,-0.1842,-0.3167,-33.4468,-0.5344
17506.365440,291.772757,4.862879,422.3904,423.4655,24.2654,27.5536,-9999,-59994.03,-9999,460.3693,480.7302,469.5927,-0.031,-0.176,-0.3084,-32.5039,-0.5259
17512.775680,291.879595,4.864660,422.2656,423.3635,24.3014,27.5568,-9999,-59994.03,-9999,460.2475,480.5862,469.4515,-0.0283,-0.1708,-0.2999,-31.5797,-0.5167
17519.185920,291.986432,4.866441,422.1408,423.2235,24.2864,27.5656,-9999,-59994.03,-9999,460.1539,480.4481,469.3055,-0.0287,-0.1717,-0.3004,-31.5858,-0.5168
17525.596160,292.093269,4.868221,422.0208,423.0772,24.2605,27.5619,-9999,-59994.03,-9999,460.01,480.3111,469.1747,-0.0327,-0.1763,-0.3039,-32.0176,-0.5221
17532.006400,292.200107,4.870002,421.8883,422.97,24.2926,27.5681,-9999,-59994.03,-9999,459.8895,480.1618,469.0276,-0.0376,-0.1846,-0.312,-32.7966,-0.5301
17538.416640,292.306944,4.871782,421.7687,422.8608,24.3169,27.5743,-9999,-59994.03,-9999,459.7478,480.0066,468.8839,-0.0347,-0.1882,-0.3189,-33.628,-0.5387
17544.826880,292.413781,4.873563,421.6461,422.7127,24.282,27.5762,-9999,-59994.03,-9999,459.6044,479.8659,468.7442,-0.0359,-0.1939,-0.3255,-34.1429,-0.542
17551.237120,292.520619,4.875344,421.5224,422.5866,24.2723,27.5803,-9999,-59994.03,-9999,459.4596,479.7214,468.5962,-0.0353,-0.1944,-0.3276,-34.2052,-0.5434
17557.647360,292.627456,4.877124,421.4571,422.5433,24.3749,27.6473,-9999,-59994.03,-9999,459.3418,479.5859,468.4648,-0.0343,-0.195,-0.3282,-34.1393,-0.5441
17564.057600,292.734293,4.878905,421.327,422.4251,24.3862,27.6499,-9999,-59994.03,-9999,459.2141,479.4325,468.3227,-0.0345,-0.1945,-0.3251,-33.8854,-0.5393
17570.467840,292.841131,4.880686,421.2094,422.2836,24.3652,27.6473,-9999,-59994.03,-9999,459.0634,479.2948,468.185,-0.0376,-0.1961,-0.3247,-33.8772,-0.5381
17576.878080,292.947968,4.882466,421.0887,422.1539,24.3465,27.6552,-9999,-59994.03,-9999,458.9189,479.1462,468.0492,-0.0381,-0.1952,-0.3206,-33.4286,-0.537
17583.288320,293.054805,4.884247,420.9626,422.0507,24.3846,27.6591,-9999,-59994.03,-9999,458.8017,479.0011,467.9058,-0.0381,-0.1954,-0.3204,-33.7397,-0.5388
17589.698560,293.161643,4.886027,420.8364,421.9348,24.3984,27.6605,-9999,-59994.03,-9999,458.6786,478.8452,467.7683,-0.0357,-0.1964,-0.3226,-33.8531,-0.5432
17596.108800,293.268480,4.887808,420.7169,421.7847,24.3682,27.6628,-9999,-59994.03,-9999,458.5218,478.7032,467.6259,-0.0329,-0.1904,-0.318,-33.3797,-0.5431
17602.519040,293.375317,4.889589,420.592,421.6676,24.3739,27.6704,-9999,-59994.03,-9999,458.3985,478.5539,467.4823,-0.0328,-0.187,-0.3164,-33.3412,-0.5403
17608.929280,293.482155,4.891369,420.4654,421.5709,24.4123,27.6621,-9999,-59994.03,-9999,458.2787,478.4164,467.3432,-0.0364,-0.1876,-0.3173,-33.2853,-0.5393
17615.339520,293.588992,4.893150,420.3443,421.4234,24.3783,27.6653,-9999,-59994.03,-9999,458.1287,478.275,467.2025,-0.0347,-0.1865,-0.3178,-33.3471,-0.5401
17621.749760,293.695829,4.894930,420.2227,421.2911,24.367,27.6687,-9999,-59994.03,-9999,457.9887,478.1204,467.0553,-0.0344,-0.1855,-0.3202,-33.6797,-0.544
17628.160000,293.802667,4.896711,420.0977,421.1942,24.4076,27.6655,-9999,-59994.03,-9999,457.8712,477.9641,466.9132,-0.0393,-0.1919,-0.3262,-34.3793,-0.5507
17634.570240,293.909504,4.898492,419.9724,421.0698,24.4028,27.663,-9999,-59994.03,-9999,457.7384,477.8238,466.7702,-0.0441,-0.1997,-0.3342,-35.4557,-0.5591
17640.980480,294.016341,4.900272,419.8479,420.9212,24.3659,27.6639,-9999,-59994.03,-9999,457.5842,477.675,466.6252,-0.043,-0.199,-0.3379,-35.8475,-0.5621
17647.390720,294.123179,4.902053,419.7246,420.8111,24.3862,27.6687,-9999,-59994.03,-9999,457.4703,477.5276,466.4862,-0.0398,-0.1975,-0.3391,-36.0332,-0.5662
17653.800960,294.230016,4.903834,419.6013,420.7067,24.4157,27.6745,-9999,-59994.03,-9999,457.3505,477.381,466.3463,-0.0398,-0.1958,-0.3407,-36.4099,-0.5739
17660.211200,294.336853,4.905614,419.4813,420.5665,24.3892,27.6752,-9999,-59994.03,-9999,457.2062,477.2375,466.2037,-0.0422,-0.2027,-0.3495,-37.4097,-0.583
17666.621440,294.443691,4.907395,419.3586,420.4284,24.3659,27.6786,-9999,-59994.03,-9999,457.0702,477.1084,466.0762,-0.0444,-0.2089,-0.3574,-37.8065,-0.5845
17673.031680,294.550528,4.909175,419.2344,420.3221,24.3966,27.6855,-9999,-59994.03,-9999,456.9591,476.9713,465.9396,-0.0434,-0.2117,-0.3623,-37.9672,-0.5809
17679.441920,294.657365,4.910956,419.113,420.217,24.4162,27.6855,-9999,-59994.03,-9999,456.8297,476.8203,465.7889,-0.044,-0.2154,-0.3672,-38.0271,-0.5802
17685.852160,294.764203,4.912737,418.9853,420.0682,24.3783,27.6871,-9999,-59994.03,-9999,456.6834,476.6789,465.6521,-0.0417,-0.2176,-0.3711,-39.0903,-0.5912
17692.262400,294.871040,4.914517,418.8681,419.9299,24.3571,27.6812,-9999,-59994.03,-9999,456.5419,476.5296,465.5154,-0.0465,-0.2224,-0.378,-39.9545,-0.6034
17698.672640,294.977877,4.916298,418.743,419.8257,24.3772,27.6814,-9999,-59994.03,-9999,456.4309,476.384,465.3803,-0.0509,-0.2286,-0.3815,-40.5285,-0.613
17705.082880,295.084715,4.918079,418.6177,419.7215,24.4069,27.6904,-9999,-59994.03,-9999,456.3128,476.2395,465.2327,-0.049,-0.2317,-0.3862,-41.0226,-0.6183
17711.493120,295.191552,4.919859,418.4897,419.5898,24.394,27.6881,-9999,-59994.03,-9999,456.1674,476.0955,465.091,-0.0477,-0.2282,-0.3811,-40.6924,-0.6167
17717.903360,295.298389,4.921640,418.3727,419.4408,24.3606,27.6881,-9999,-59994.03,-9999,456.0279,475.9536,464.9546,-0.0406,-0.2207,-0.376,-40.4484,-0.6134
17724.313600,295.405227,4.923420,418.2483,419.3238,24.3613,27.6899,-9999,-59994.03,-9999,455.9061,475.8196,464.8258,-0.037,-0.2135,-0.3712,-40.0275,-0.6078
17730.723840,295.512064,4.925201,418.1271,419.2185,24.3889,27.6871,-9999,-59994.03,-9999,455.7849,475.6738,464.6835,-0.0353,-0.2095,-0.3694,-39.693,-0.6044
17737.134080,295.618901,4.926982,418.007,419.1055,24.4007,27.689,-9999,-59994.03,-9999,455.663,475.5306,464.5464,-0.0382,-0.2101,-0.3676,-39.3931,-0.6054
17743.544320,295.725739,4.928762,417.8811,418.9718,24.3857,27.6807,-9999,-59994.03,-9999,455.5265,475.3916,464.4026,-0.0395,-0.2097,-0.3624,-38.7901,-0.6026
17749.954560,295.832576,4.930543,417.7623,418.8318,24.361,27.6777,-9999,-59994.03,-9999,455.385,475.2532,464.2661,-0.0442,-0.2123,-0.3635,-38.5985,-0.6001
17756.364800,295.939413,4.932324,417.6387,418.7032,24.3493,27.6814,-9999,-59994.03,-9999,455.2527,475.1083,464.1334,-0.0458,-0.214,-0.3643,-38.7643,-0.5984
17762.775040,296.046251,4.934104,417.5189,418.5992,24.3656,27.675,-9999,-59994.03,-9999,455.1344,474.9644,463.9924,-0.0445,-0.2094,-0.3578,-38.5702,-0.5944
17769.185280,296.153088,4.935885,417.396,418.4956,24.3899,27.6729,-9999,-59994.03,-9999,455.0229,474.8191,463.8531,-0.0423,-0.2061,-0.3538,-38.598,-0.592
17775.595520,296.259925,4.937665,417.2781,418.3718,24.3896,27.6667,-9999,-59994.03,-9999,454.8948,474.673,463.7134,-0.0422,-0.2052,-0.3544,-38.6358,-0.5902
17782.005760,296.366763,4.939446,417.1534,418.2324,24.3631,27.6598,-9999,-59994.03,-9999,454.7553,474.5377,463.5737,-0.0403,-0.2043,-0.3507,-38.3474,-0.5901
17788.416000,296.473600,4.941227,417.0342,418.0987,24.3384,27.6565,-9999,-59994.03,-9999,454.6225,474.3941,463.4386,-0.0392,-0.1972,-0.3459,-37.9504,-0.5876
17794.826240,296.580437,4.943007,416.9137,417.9793,24.3407,27.654,-9999,-59994.03,-9999,454.487,474.2505,463.2962,-0.0383,-0.1967,-0.3453,-37.8543,-0.588
17801.236480,296.687275,4.944788,416.7905,417.8795,24.3663,27.6487,-9999,-59994.03,-9999,454.3836,474.1044,463.1554,-0.038,-0.1977,-0.3465,-37.9053,-0.5861
17807.646720,296.794112,4.946569,416.6711,417.7664,24.3788,27.6467,-9999,-59994.03,-9999,454.2552,473.9619,463.0166,-0.0387,-0.2,-0.3488,-37.9771,-0.5877
17814.056960,296.900949,4.948349,416.5503,417.6268,24.3481,27.6441,-9999,-59994.03,-9999,454.1091,473.8181,462.8747,-0.041,-0.2003,-0.3479,-37.8932,-0.5867
17820.467200,297.007787,4.950130,416.4318,417.4969,24.3285,27.6414,-9999,-59994.03,-9999,453.9729,473.6751,462.7393,-0.0338,-0.1892,-0.3375,-36.8268,-0.5806
17826.877440,297.114624,4.951910,416.3064,417.3994,24.3626,27.6372,-9999,-59994.03,-9999,453.855,473.5398,462.6068,-0.0305,-0.1839,-0.3282,-36.2072,-0.5767
17833.287680,297.221461,4.953691,416.1892,417.2879,24.3728,27.6354,-9999,-59994.03,-9999,453.7273,473.4108,462.4728,-0.0314,-0.1781,-0.322,-35.9052,-0.5736
17839.697920,297.328299,4.955472,416.0664,417.1355,24.3319,27.6301,-9999,-59994.03,-9999,453.576,473.2781,462.3368,-0.0296,-0.1736,-0.3186,-35.4448,-0.5698
17846.108160,297.435136,4.957252,415.9474,417.0143,24.3278,27.6299,-9999,-59994.03,-9999,453.4456,473.1424,462.2041,-0.0268,-0.1694,-0.3151,-34.8494,-0.5623
17852.518400,297.541973,4.959033,415.8295,416.9229,24.3686,27.6326,-9999,-59994.03,-9999,453.337,473.0086,462.0718,-0.027,-0.1668,-0.3064,-33.8238,-0.5479
17858.928640,297.648811,4.960814,415.7079,416.796,24.3624,27.6278,-9999,-59994.03,-9999,453.197,472.8632,461.9328,-0.0253,-0.1593,-0.2953,-32.5101,-0.53
17865.338880,297.755648,4.962594,415.5845,416.6515,24.3294,27.6218,-9999,-59994.03,-9999,453.0526,472.7222,461.7889,-0.0275,-0.1566,-0.2905,-31.6397,-0.5195
17871.749120,297.862485,4.964375,415.4675,416.5408,24.3333,27.622,-9999,-59994.03,-9999,452.9344,472.5862,461.656,-0.027,-0.1543,-0.2831,-31.0071,-0.5132
17878.159360,297.969323,4.966155,415.346,416.4417,24.3691,27.6186,-9999,-59994.03,-9999,452.8202,472.435,461.515,-0.025,-0.1497,-0.2764,-29.9986,-0.5054
17884.569600,298.076160,4.967936,415.2248,416.3163,24.3649,27.6158,-9999,-59994.03,-9999,452.6868,472.3021,461.3838,-0.0237,-0.1496,-0.2725,-29.2217,-0.4995
17890.979840,298.182997,4.969717,415.1045,416.1746,24.3308,27.6135,-9999,-59994.03,-9999,452.549,472.1621,461.2478,-0.0262,-0.1548,-0.275,-29.4834,-0.5045
17897.390080,298.289835,4.971497,414.9859,416.0466,24.3153,27.6059,-9999,-59994.03,-9999,452.4202,472.0224,461.1199,-0.0284,-0.1591,-0.284,-30.1807,-0.5069
17903.800320,298.396672,4.973278,414.8675,415.9428,24.3352,27.5993,-9999,-59994.03,-9999,452.3041,471.8891,460.9843,-0.0323,-0.1676,-0.2944,-30.6309,-0.5118
17910.210560,298.503509,4.975058,414.7454,415.8412,24.3626,27.5949,-9999,-59994.03,-9999,452.1856,471.7507,460.8544,-0.0343,-0.1758,-0.3013,-31.707,-0.5227
17916.620800,298.610347,4.976839,414.6284,415.7208,24.3617,27.5999,-9999,-59994.03,-9999,452.0619,471.6088,460.7176,-0.0361,-0.182,-0.3066,-32.9298,-0.5344
17923.031040,298.717184,4.978620,414.5045,415.5792,24.3338,27.5928,-9999,-59994.03,-9999,451.9236,471.4711,460.5763,-0.034,-0.1814,-0.3093,-33.3904,-0.5348
17929.441280,298.824021,4.980400,414.3866,415.4474,24.3098,27.5873,-9999,-59994.03,-9999,451.783,471.3261,460.4403,-0.0337,-0.1856,-0.3136,-33.5732,-0.5371
17935.851520,298.930859,4.982181,414.2664,415.3414,24.3287,27.5822,-9999,-59994.03,-9999,451.6704,471.1948,460.3056,-0.0392,-0.196,-0.324,-34.5959,-0.5441
17942.261760,299.037696,4.983962,414.1454,415.2422,24.3592,27.5783,-9999,-59994.03,-9999,451.5567,471.0568,460.1657,-0.039,-0.1993,-0.3337,-35.468,-0.5481
17948.672000,299.144533,4.985742,414.0271,415.1124,24.3433,27.5712,-9999,-59994.03,-9999,451.4224,470.9176,460.0332,-0.0354,-0.1972,-0.3353,-35.6845,-0.5539
17955.082240,299.251371,4.987523,413.9056,414.9656,24.3068,27.5698,-9999,-59994.03,-9999,451.2782,470.7823,459.9062,-0.034,-0.1957,-0.3361,-35.818,-0.5541
17961.492480,299.358208,4.989303,413.7839,414.862,24.3294,27.5673,-9999,-59994.03,-9999,451.1659,470.6432,459.7664,-0.0355,-0.1964,-0.3399,-35.9703,-0.5539
17967.902720,299.465045,4.991084,413.6653,414.7606,24.3534,27.5634,-9999,-59994.03,-9999,451.0508,470.5103,459.6377,-0.0369,-0.1987,-0.3457,-36.1208,-0.5572
17974.312960,299.571883,4.992865,413.5445,414.6158,24.3197,27.559,-9999,-59994.03,-9999,450.9025,470.3623,459.4971,-0.0348,-0.1961,-0.345,-36.4489,-0.5632
17980.723200,299.678720,4.994645,413.4228,414.4845,24.3038,27.5491,-9999,-59994.03,-9999,450.77,470.2265,459.3584,-0.0342,-0.1926,-0.3432,-36.5375,-0.5657
17987.133440,299.785557,4.996426,413.3033,414.3947,24.3435,27.5406,-9999,-59994.03,-9999,450.6602,470.0949,459.2279,-0.0379,-0.1952,-0.3438,-36.5382,-0.5699
17993.543680,299.892395,4.998207,413.1794,414.2693,24.3361,27.5369,-9999,-59994.03,-9999,450.5268,469.9574,459.0919,-0.0416,-0.2003,-0.3452,-36.8804,-0.5744
17999.953920,299.999232,4.999987,413.0624,414.126,24.304,27.539,-9999,-59994.03,-9999,450.3813,469.8177,458.9489,-0.0408,-0.2003,-0.3468,-36.9747,-0.5772
18006.364160,300.106069,5.001768,412.9473,414.0156,24.3135,27.5438,-9999,-59994.03,-9999,450.2661,469.673,458.819,-0.0415,-0.2047,-0.3518,-37.748,-0.5836
18012.774400,300.212907,5.003548,412.8275,413.9234,24.3493,27.5316,-9999,-59994.03,-9999,450.1496,469.5295,458.6723,-0.0429,-0.2062,-0.3562,-38.1067,-0.5843
18019.184640,300.319744,5.005329,412.7091,413.7802,24.3176,27.5245,-9999,-59994.03,-9999,450.001,469.3765,458.5315,-0.0443,-0.2096,-0.3617,-38.4792,-0.5883
18025.594880,300.426581,5.007110,412.5874,413.6413,24.2922,27.516,-9999,-59994.03,-9999,449.8658,469.2364,458.3941,-0.0464,-0.2182,-0.3691,-39.1496,-0.5951
18032.005120,300.533419,5.008890,412.4679,413.5529,24.3292,27.5183,-9999,-59994.03,-9999,449.7576,469.0975,458.257,-0.0493,-0.2256,-0.3732,-39.1373,-0.5974
18038.415360,300.640256,5.010671,412.3491,413.4325,24.3306,27.5208,-9999,-59994.03,-9999,449.6378,468.9602,458.1302,-0.0486,-0.2244,-0.3694,-38.9601,-0.5968
18044.825600,300.747093,5.012452,412.2327,413.289,24.2943,27.5192,-9999,-59994.03,-9999,449.4949,468.8181,457.9916,-0.0427,-0.2168,-0.3675,-39.2055,-0.5983
18051.235840,300.853931,5.014232,412.1136,413.1853,24.3116,27.5123,-9999,-59994.03,-9999,449.3884,468.683,457.8525,-0.0457,-0.2213,-0.3763,-40.1841,-0.6063
18057.646080,300.960768,5.016013,411.9951,413.0841,24.3398,27.5072,-9999,-59994.03,-9999,449.2773,468.5418,457.7209,-0.0486,-0.2267,-0.3817,-40.4708,-0.6114
18064.056320,301.067605,5.017793,411.8803,412.9349,24.2895,27.501,-9999,-59994.03,-9999,449.1249,468.3948,457.5836,-0.0469,-0.2267,-0.3849,-40.3648,-0.6138
18070.466560,301.174443,5.019574,411.7596,412.8387,24.3273,27.4957,-9999,-59994.03,-9999,449.0296,468.2536,457.4449,-0.0454,-0.2249,-0.3888,-41.1135,-0.6183
18076.876800,301.281280,5.021355,411.6425,412.7168,24.3156,27.4955,-9999,-59994.03,-9999,448.883,468.1091,457.3054,-0.0447,-0.226,-0.3922,-41.9754,-0.6259
18083.287040,301.388117,5.023135,411.5179,412.585,24.2989,27.4897,-9999,-59994.03,-9999,448.7634,467.9814,457.1782,-0.0473,-0.2272,-0.3905,-42.2043,-0.6307
18089.697280,301.494955,5.024916,411.4002,412.4866,24.3269,27.4819,-9999,-59994.03,-9999,448.6451,467.8452,457.043,-0.0494,-0.2277,-0.3892,-42.2371,-0.6354
18096.107520,301.601792,5.026697,411.2793,412.3365,24.2837,27.4771,-9999,-59994.03,-9999,448.4421,467.7,456.9035,-0.0488,-0.225,-0.3885,-42.3229,-0.6364
18102.517760,301.708629,5.028477,411.1684,412.2581,24.3373,27.4695,-9999,-59994.03,-9999,448.3362,467.5656,456.7666,-0.0484,-0.2251,-0.3921,-42.8033,-0.6416
18108.928000,301.815467,5.030258,411.0495,412.1087,24.2886,27.4633,-9999,-59994.03,-9999,448.1846,467.4239,456.6253,-0.0477,-0.2252,-0.3956,-43.3725,-0.6457
18115.338240,301.922304,5.032038,410.9267,412.0132,24.3255,27.4577,-9999,-59994.03,-9999,448.0845,467.2868,456.4883,-0.0435,-0.2201,-0.3909,-42.855,-0.6414
18121.748480,302.029141,5.033819,410.8188,411.8782,24.2989,27.4513,-9999,-59994.03,-9999,447.9364,467.1443,456.3516,-0.044,-0.2152,-0.384,-42.3101,-0.6397
18128.158720,302.135979,5.035600,410.6968,411.7697,24.3135,27.4499,-9999,-59994.03,-9999,447.8303,467.0072,456.2151,-0.0428,-0.2116,-0.383,-42.2837,-0.6405
18134.568960,302.242816,5.037380,410.5834,411.6551,24.3075,27.446,-9999,-59994.03,-9999,447.6923,466.8756,456.0811,-0.0432,-0.2141,-0.3817,-42.145,-0.6372
18140.979200,302.349653,5.039161,410.4639,411.5241,24.3003,27.4373,-9999,-59994.03,-9999,447.5692,466.7482,455.9525,-0.0437,-0.2169,-0.3806,-42.0347,-0.6369
18147.389440,302.456491,5.040942,410.2873,411.3622,24.2589,27.3769,-9999,-59994.03,-9999,447.4385,466.6227,455.8307,-0.0415,-0.2156,-0.3817,-41.7369,-0.6346
18153.799680,302.563328,5.042722,410.1684,411.2178,24.2206,27.3737,-9999,-59994.03,-9999,447.3088,466.4977,455.6982,-0.0395,-0.2125,-0.3747,-40.9673,-0.6301
18160.209920,302.670165,5.044503,410.0519,411.134,24.2647,27.37,-9999,-59994.03,-9999,447.1898,466.361,455.5631,-0.0374,-0.2073,-0.3672,-39.9351,-0.624
18166.620160,302.777003,5.046283,409.9322,410.9799,24.2128,27.3675,-9999,-59994.03,-9999,447.0417,466.2379,455.4439,-0.0369,-0.2047,-0.3598,-39.3732,-0.6159
18173.030400,302.883840,5.048064,409.8201,410.8797,24.2365,27.3702,-9999,-59994.03,-9999,446.9328,466.098,455.2978,-0.0399,-0.206,-0.3594,-38.8605,-0.6103
18179.440640,302.990677,5.049845,409.6944,410.7707,24.2506,27.3608,-9999,-59994.03,-9999,446.809,465.9716,455.1743,-0.0417,-0.2076,-0.3594,-38.4832,-0.6045
18185.850880,303.097515,5.051625,409.5757,410.6204,24.2084,27.3569,-9999,-59994.03,-9999,446.6613,465.8269,455.0334,-0.0374,-0.2049,-0.3546,-38.1634,-0.6028
18192.261120,303.204352,5.053406,409.4554,410.511,24.2204,27.3502,-9999,-59994.03,-9999,446.5452,465.6968,454.9029,-0.034,-0.1989,-0.3474,-37.8989,-0.5994
18198.671360,303.311189,5.055186,409.3412,410.4114,24.2458,27.3403,-9999,-59994.03,-9999,446.4185,465.5591,454.7625,-0.0363,-0.1995,-0.3465,-37.7683,-0.5949
18205.081600,303.418027,5.056967,409.217,410.2606,24.1973,27.3311,-9999,-59994.03,-9999,446.2675,465.4126,454.6223,-0.0386,-0.2019,-0.3486,-37.9931,-0.5931
18211.491840,303.524864,5.058748,409.1005,410.1644,24.2298,27.3269,-9999,-59994.03,-9999,446.1696,465.2711,454.4891,-0.0354,-0.1997,-0.3524,-38.428,-0.5958
18217.902080,303.631701,5.060528,408.9899,410.0552,24.2386,27.3318,-9999,-59994.03,-9999,446.0425,465.1426,454.3595,-0.0395,-0.2041,-0.3585,-39.2705,-0.6029
18224.312320,303.738539,5.062309,408.869,409.9103,24.1913,27.3237,-9999,-59994.03,-9999,445.8996,465.004,454.2239,-0.0379,-0.2,-0.3583,-39.2459,-0.6049
18230.722560,303.845376,5.064090,408.7499,409.8115,24.2132,27.3242,-9999,-59994.03,-9999,445.7885,464.859,454.0824,-0.0383,-0.1975,-0.3541,-39.1427,-0.6075
18237.132800,303.952213,5.065870,408.636,409.71,24.2379,27.3286,-9999,-59994.03,-9999,445.6837,464.7379,453.959,-0.0392,-0.1978,-0.3537,-38.9537,-0.6066
18243.543040,304.059051,5.067651,408.5193,409.5657,24.201,27.3286,-9999,-59994.03,-9999,445.5426,464.5977,453.8239,-0.0404,-0.1981,-0.3507,-38.6202,-0.6051
18249.953280,304.165888,5.069431,408.3979,409.4446,24.1927,27.3288,-9999,-59994.03,-9999,445.4269,464.4611,453.6947,-0.04,-0.1969,-0.3491,-38.4861,-0.6073
18256.363520,304.272725,5.071212,408.2759,409.3541,24.2335,27.3269,-9999,-59994.03,-9999,445.3197,464.3321,453.5641,-0.0405,-0.1993,-0.3524,-38.6731,-0.6112
18262.773760,304.379563,5.072993,408.1614,409.2101,24.1922,27.332,-9999,-59994.03,-9999,445.1678,464.1999,453.4344,-0.0427,-0.2049,-0.3582,-39.385,-0.617
18269.184000,304.486400,5.074773,408.0438,409.0932,24.1985,27.3288,-9999,-59994.03,-9999,445.0471,464.0704,453.3039,-0.0427,-0.2071,-0.3608,-39.4949,-0.617
18275.594240,304.593237,5.076554,407.9249,408.9963,24.2298,27.3325,-9999,-59994.03,-9999,444.925,463.9377,453.1729,-0.0432,-0.2077,-0.3562,-39.0515,-0.6141
18282.004480,304.700075,5.078335,407.8011,408.8408,24.1758,27.3253,-9999,-59994.03,-9999,444.7723,463.8035,453.0367,-0.042,-0.2057,-0.3581,-39.0341,-0.6142
18288.414720,304.806912,5.080115,407.6832,408.7479,24.2082,27.3147,-9999,-59994.03,-9999,444.6677,463.6765,452.9021,-0.0438,-0.2082,-0.364,-39.2724,-0.616
18294.824960,304.913749,5.081896,407.5656,408.625,24.2042,27.3187,-9999,-59994.03,-9999,444.524,463.5506,452.7681,-0.0473,-0.2148,-0.3703,-39.9316,-0.6232
18301.235200,305.020587,5.083676,407.45,408.4908,24.1775,27.3113,-9999,-59994.03,-9999,444.3835,463.422,452.6351,-0.0486,-0.2159,-0.369,-40.0927,-0.6274
18307.645440,305.127424,5.085457,407.3293,408.4052,24.2245,27.3097,-9999,-59994.03,-9999,444.2664,463.2908,452.4945,-0.0448,-0.2126,-0.3662,-40.0856,-0.6288
18314.055680,305.234261,5.087238,407.2103,408.2486,24.1721,27.3014,-9999,-59994.03,-9999,444.1115,463.1562,452.3646,-0.0455,-0.2137,-0.368,-40.3799,-0.6287
18320.465920,305.341099,5.089018,407.0909,408.1625,24.2241,27.3161,-9999,-59994.03,-9999,444.012,463.0191,452.2283,-0.0457,-0.2164,-0.3706,-40.7434,-0.6303
18326.876160,305.447936,5.090799,406.9724,408.0237,24.1989,27.3214,-9999,-59994.03,-9999,443.8471,462.8846,452.0962,-0.0442,-0.2152,-0.3716,-41.212,-0.632
18333.286400,305.554773,5.092580,406.8574,407.9078,24.2038,27.3304,-9999,-59994.03,-9999,443.7365,462.7432,451.9637,-0.0438,-0.2115,-0.3665,-41.0637,-0.6314
18339.696640,305.661611,5.094360,406.7404,407.8142,24.2285,27.3336,-9999,-59994.03,-9999,443.6098,462.6192,451.8401,-0.0446,-0.21,-0.3624,-40.37,-0.627
18346.106880,305.768448,5.096141,406.6228,407.6636,24.1929,27.3419,-9999,-59994.03,-9999,443.4734,462.4793,451.7083,-0.0441,-0.212,-0.3623,-39.9207,-0.6236
18352.517120,305.875285,5.097921,406.5047,407.5794,24.2444,27.3546,-9999,-59994.03,-9999,443.363,462.347,451.5781,-0.0413,-0.2104,-0.3605,-39.2532,-0.6158
18358.927360,305.982123,5.099702,406.3886,407.431,24.1978,27.3582,-9999,-59994.03,-9999,443.213,462.2202,451.4579,-0.0407,-0.2102,-0.3599,-39.0208,-0.615
18365.337600,306.088960,5.101483,406.2751,407.3501,24.2469,27.3626,-9999,-59994.03,-9999,443.1175,462.0941,451.3374,-0.0424,-0.2124,-0.3596,-39.171,-0.6114
18371.747840,306.195797,5.103263,406.1634,407.214,24.2206,27.3764,-9999,-59994.03,-9999,442.9709,461.9574,451.2143,-0.0415,-0.2106,-0.3604,-39.3279,-0.6096
18378.158080,306.302635,5.105044,406.0458,407.1105,24.2437,27.3797,-9999,-59994.03,-9999,442.8562,461.8183,451.0717,-0.0426,-0.2131,-0.363,-39.6137,-0.6114
18384.568320,306.409472,5.106825,405.9332,406.9939,24.2442,27.3801,-9999,-59994.03,-9999,442.7043,461.6703,450.9312,-0.0426,-0.2136,-0.3644,-39.8163,-0.616
18390.978560,306.516309,5.108605,405.8148,406.8578,24.2208,27.3863,-9999,-59994.03,-9999,442.573,461.5391,450.7963,-0.0428,-0.2139,-0.3647,-40.0244,-0.6183
18397.388800,306.623147,5.110386,405.6939,406.765,24.2709,27.3875,-9999,-59994.03,-9999,442.4577,461.4138,450.669,-0.0429,-0.2136,-0.3684,-40.4538,-0.6226
18403.799040,306.729984,5.112166,405.5829,406.6225,24.234,27.3953,-9999,-59994.03,-9999,442.3176,461.293,450.5472,-0.0447,-0.2135,-0.3698,-40.5873,-0.6271
18410.209280,306.836821,5.113947,405.4623,406.5119,24.2532,27.4043,-9999,-59994.03,-9999,442.199,461.1624,450.4124,-0.0452,-0.2109,-0.3694,-40.7784,-0.6315
18416.619520,306.943659,5.115728,405.3438,406.4068,24.2739,27.4024,-9999,-59994.03,-9999,442.0702,461.0201,450.283,-0.0461,-0.214,-0.3753,-41.2827,-0.6343
18423.029760,307.050496,5.117508,405.2265,406.2552,24.2356,27.4156,-9999,-59994.03,-9999,441.9266,460.8948,450.153,-0.0444,-0.2158,-0.3775,-41.383,-0.6336
18429.440000,307.157333,5.119289,405.1115,406.1574,24.2647,27.4192,-9999,-59994.03,-9999,441.8073,460.7536,450.0163,-0.0483,-0.2203,-0.3803,-41.7102,-0.6374
18435.850240,307.264171,5.121070,404.993,406.049,24.2862,27.4241,-9999,-59994.03,-9999,441.6775,460.618,449.8834,-0.0475,-0.2192,-0.38,-42.2062,-0.6418
18442.260480,307.371008,5.122850,404.8797,405.9032,24.2444,27.4252,-9999,-59994.03,-9999,441.5234,460.4796,449.7508,-0.0466,-0.2186,-0.3794,-42.4577,-0.6414
18448.670720,307.477845,5.124631,404.7578,405.8005,24.2693,27.4208,-9999,-59994.03,-9999,441.418,460.3449,449.618,-0.0465,-0.2204,-0.3819,-42.521,-0.644
18455.080960,307.584683,5.126411,404.6412,405.6919,24.2839,27.4236,-9999,-59994.03,-9999,441.2941,460.2146,449.4848,-0.0461,-0.2214,-0.384,-42.5943,-0.6437
18461.491200,307.691520,5.128192,404.5233,405.5445,24.2421,27.4287,-9999,-59994.03,-9999,441.1461,460.0699,449.351,-0.0467,-0.2199,-0.3839,-42.6096,-0.6468
18467.901440,307.798357,5.129973,404.4028,405.4585,24.2878,27.4344,-9999,-59994.03,-9999,441.1037,459.9306,449.2226,-0.0441,-0.2172,-0.3803,-42.0822,-0.6438
18474.311680,307.905195,5.131753,404.2851,405.3351,24.2714,27.4273,-9999,-59994.03,-9999,440.9642,459.7915,449.0867,-0.0447,-0.2154,-0.3753,-41.691,-0.643
18480.721920,308.012032,5.133534,404.1672,405.202,24.2555,27.4303,-9999,-59994.03,-9999,440.8375,459.6524,448.9561,-0.0431,-0.2116,-0.3687,-41.5533,-0.6385
18487.132160,308.118869,5.135314,404.0524,405.1187,24.3021,27.4282,-9999,-59994.03,-9999,440.7268,459.5039,448.8194,-0.0419,-0.2107,-0.3682,-41.474,-0.6372
18493.542400,308.225707,5.137095,403.936,404.981,24.2714,27.433,-9999,-59994.03,-9999,440.5839,459.368,448.6908,-0.0416,-0.2124,-0.3744,-41.8665,-0.6391
18499.952640,308.332544,5.138876,403.824,404.8596,24.2629,27.4324,-9999,-59994.03,-9999,440.4598,459.221,448.5508,-0.0406,-0.2156,-0.3779,-42.0345,-0.6387
18506.362880,308.439381,5.140656,403.7015,404.7723,24.3037,27.4317,-9999,-59994.03,-9999,440.3506,459.0773,448.4198,-0.0401,-0.2178,-0.3796,-41.9109,-0.6366
18512.773120,308.546219,5.142437,403.5809,404.652,24.2993,27.4335,-9999,-59994.03,-9999,440.2114,458.9258,448.2822,-0.0408,-0.219,-0.381,-42.1273,-0.641
18519.183360,308.653056,5.144218,403.5205,404.5685,24.3292,27.492,-9999,-59994.03,-9999,440.0715,458.8009,448.149,-0.0419,-0.2212,-0.3821,-42.0236,-0.6368
18525.593600,308.759893,5.145998,403.4074,404.4523,24.3246,27.4941,-9999,-59994.03,-9999,439.9546,458.6702,448.0212,-0.0431,-0.2196,-0.3779,-40.8953,-0.6256
18532.003840,308.866731,5.147779,403.2291,404.3038,24.303,27.4289,-9999,-59994.03,-9999,439.8503,458.5351,447.8858,-0.0473,-0.2252,-0.3776,-40.7571,-0.6246
18538.414080,308.973568,5.149559,403.116,404.1826,24.2936,27.4319,-9999,-59994.03,-9999,439.713,458.3958,447.753,-0.0436,-0.224,-0.377,-40.5167,-0.6198
18544.824320,309.080405,5.151340,403.0587,404.103,24.3246,27.495,-9999,-59994.03,-9999,439.5773,458.2538,447.6128,-0.0384,-0.2159,-0.3676,-39.6165,-0.6113
18551.234560,309.187243,5.153121,402.9412,404.003,24.3469,27.4932,-9999,-59994.03,-9999,439.463,458.1224,447.4796,-0.0412,-0.215,-0.3683,-39.749,-0.6122
18557.644800,309.294080,5.154901,402.8279,403.9036,24.3723,27.4969,-9999,-59994.03,-9999,439.3442,457.9926,447.3499,-0.0458,-0.2194,-0.3731,-40.0603,-0.6128
18564.055040,309.400917,5.156682,402.7155,403.7603,24.3319,27.4987,-9999,-59994.03,-9999,439.1975,457.8578,447.2238,-0.0468,-0.2187,-0.3723,-40.0325,-0.6101
18570.465280,309.507755,5.158463,402.5956,403.6497,24.3469,27.4989,-9999,-59994.03,-9999,439.0883,457.7269,447.0847,-0.0444,-0.215,-0.3704,-40.0873,-0.6126
18576.875520,309.614592,5.160243,402.4829,403.5575,24.3756,27.5021,-9999,-59994.03,-9999,438.9732,457.5847,446.9519,-0.043,-0.214,-0.3717,-40.489,-0.6154
18583.285760,309.721429,5.162024,402.3605,403.4085,24.3273,27.4946,-9999,-59994.03,-9999,438.8243,457.4411,446.8217,-0.0419,-0.2119,-0.3716,-40.6442,-0.6202
18589.696000,309.828267,5.163804,402.245,403.2963,24.3375,27.4932,-9999,-59994.03,-9999,438.7149,457.2987,446.6841,-0.0376,-0.2047,-0.3681,-40.6293,-0.6253
18596.106240,309.935104,5.165585,402.133,403.2099,24.3739,27.4821,-9999,-59994.03,-9999,438.6048,457.1629,446.5496,-0.0366,-0.2035,-0.3691,-40.8523,-0.6296
18602.516480,310.041941,5.167366,402.0155,403.0662,24.3317,27.4736,-9999,-59994.03,-9999,438.4634,457.0333,446.4225,-0.0407,-0.2071,-0.3751,-41.6528,-0.6346
18608.926720,310.148779,5.169146,401.8951,402.9429,24.325,27.4755,-9999,-59994.03,-9999,438.3408,456.89,446.288,-0.0441,-0.2135,-0.3812,-42.3366,-0.6408
18615.336960,310.255616,5.170927,401.7809,402.8581,24.3622,27.4699,-9999,-59994.03,-9999,438.2289,456.7527,446.153,-0.0417,-0.2106,-0.3778,-42.3009,-0.6408
18621.747200,310.362453,5.172708,401.6656,402.7225,24.3442,27.4755,-9999,-59994.03,-9999,438.1007,456.6281,446.0252,-0.0392,-0.2056,-0.3738,-41.9001,-0.6399
18628.157440,310.469291,5.174488,401.55,402.5863,24.3102,27.4738,-9999,-59994.03,-9999,437.9684,456.4864,445.8948,-0.0377,-0.2035,-0.3715,-41.8661,-0.6421
18634.567680,310.576128,5.176269,401.4343,402.4996,24.3495,27.4681,-9999,-59994.03,-9999,437.8649,456.346,445.7578,-0.0404,-0.2044,-0.3703,-41.6984,-0.6404
18640.977920,310.682965,5.178049,401.3247,402.3907,24.3557,27.4683,-9999,-59994.03,-9999,437.7386,456.2196,445.6303,-0.0385,-0.2028,-0.3648,-40.8362,-0.6352
18647.388160,310.789803,5.179830,401.209,402.2437,24.3121,27.4626,-9999,-59994.03,-9999,437.6013,456.0798,445.4933,-0.0364,-0.199,-0.3598,-40.3112,-0.6293
18653.798400,310.896640,5.181611,401.0938,402.1444,24.334,27.4612,-9999,-59994.03,-9999,437.4879,455.9379,445.3616,-0.0398,-0.1999,-0.3571,-40.0093,-0.6284
18660.208640,311.003477,5.183391,400.9763,402.0492,24.3608,27.4646,-9999,-59994.03,-9999,437.3802,455.8118,445.2312,-0.0422,-0.2025,-0.3597,-40.1456,-0.6297
18666.618880,311.110315,5.185172,400.8647,401.9035,24.3146,27.4656,-9999,-59994.03,-9999,437.232,455.6786,445.101,-0.0395,-0.2022,-0.3588,-39.621,-0.6229
18673.029120,311.217152,5.186953,400.7505,401.8005,24.3322,27.4688,-9999,-59994.03,-9999,437.1267,455.5437,444.9661,-0.036,-0.1981,-0.3543,-39.1748,-0.6219
18679.439360,311.323989,5.188733,400.6354,401.7033,24.3539,27.4656,-9999,-59994.03,-9999,437.0171,455.4138,444.8451,-0.0402,-0.201,-0.3554,-39.3376,-0.6227
18685.849600,311.430827,5.190514,400.5201,401.5562,24.3119,27.472,-9999,-59994.03,-9999,436.8815,455.3493,444.7792,-0.0423,-0.2061,-0.3577,-39.1512,-0.6189
18692.259840,311.537664,5.192294,400.4069,401.444,24.3149,27.4665,-9999,-59994.03,-9999,436.7688,455.2223,444.6561,-0.0359,-0.2,-0.3494,-38.633,-0.6118
18698.670080,311.644501,5.194075,400.2909,401.3542,24.3469,27.4681,-9999,-59994.03,-9999,436.669,455.1027,444.5305,-0.0362,-0.1994,-0.3464,-38.3637,-0.6067
18705.080320,311.751339,5.195856,400.1771,401.2398,24.3504,27.4672,-9999,-59994.03,-9999,436.5512,454.9664,444.4064,-0.0368,-0.1985,-0.3449,-37.9622,-0.6056
18711.490560,311.858176,5.197636,400.0633,401.1013,24.316,27.4658,-9999,-59994.03,-9999,436.4144,454.8304,444.2732,-0.0401,-0.1983,-0.3483,-38.2652,-0.6056
18717.900800,311.965013,5.199417,399.9484,400.9829,24.3017,27.4621,-9999,-59994.03,-9999,436.2784,454.695,444.141,-0.0373,-0.1936,-0.3474,-38.15,-0.6051
18724.311040,312.071851,5.201198,399.8317,400.8837,24.3285,27.4541,-9999,-59994.03,-9999,436.1692,454.5709,444.0207,-0.0329,-0.1869,-0.3354,-36.9787,-0.5968
18730.721280,312.178688,5.202978,399.7155,400.7831,24.3513,27.4591,-9999,-59994.03,-9999,436.049,454.4298,443.8828,-0.0283,-0.1782,-0.3246,-35.7507,-0.5869
18737.131520,312.285525,5.204759,399.6039,400.644,24.3169,27.4541,-9999,-59994.03,-9999,435.9143,454.3025,443.7516,-0.0275,-0.1726,-0.3169,-34.7806,-0.576
18743.541760,312.392363,5.206539,399.4879,400.5233,24.3026,27.4497,-9999,-59994.03,-9999,435.7947,454.175,443.6279,-0.0323,-0.1735,-0.3148,-34.4844,-0.5706
18749.952000,312.499200,5.208320,399.3741,400.4408,24.3449,27.4435,-9999,-59994.03,-9999,435.6925,454.0403,443.4964,-0.0338,-0.1764,-0.3175,-34.4436,-0.5698
18756.362240,312.606037,5.210101,399.26,400.3156,24.3313,27.4356,-9999,-59994.03,-9999,435.5605,453.8958,443.3627,-0.0309,-0.1744,-0.3136,-34.2407,-0.5673
18762.772480,312.712875,5.211881,399.1539,400.1821,24.2985,27.4386,-9999,-59994.03,-9999,435.4348,453.7617,443.2365,-0.0329,-0.1767,-0.3157,-34.2015,-0.564
18769.182720,312.819712,5.213662,399.041,400.0906,24.3296,27.4313,-9999,-59994.03,-9999,435.3332,453.6346,443.1039,-0.0356,-0.1781,-0.3169,-34.1264,-0.5584
18775.592960,312.926549,5.215442,398.9285,399.9858,24.3453,27.4343,-9999,-59994.03,-9999,435.2068,453.501,442.9684,-0.0315,-0.1758,-0.3186,-34.4445,-0.5567
18782.003200,313.033387,5.217223,398.8153,399.8465,24.3063,27.429,-9999,-59994.03,-9999,435.0663,453.3624,442.8349,-0.0321,-0.181,-0.323,-34.5324,-0.5575
18788.413440,313.140224,5.219004,398.6984,399.7318,24.3012,27.4207,-9999,-59994.03,-9999,434.9568,453.2358,442.7111,-0.0368,-0.1872,-0.328,-34.8888,-0.5622
18794.823680,313.247061,5.220784,398.5848,399.6471,24.3442,27.4152,-9999,-59994.03,-9999,434.8473,453.1076,442.5868,-0.0406,-0.195,-0.3351,-35.5903,-0.5654
18801.233920,313.353899,5.222565,398.4716,399.5099,24.3056,27.4085,-9999,-59994.03,-9999,434.7041,452.9819,442.4533,-0.0434,-0.2017,-0.3388,-36.1406,-0.5698
18807.644160,313.460736,5.224346,398.3553,399.3861,24.2973,27.3993,-9999,-59994.03,-9999,434.5882,452.866,442.3343,-0.0448,-0.2052,-0.3426,-36.3927,-0.5701
18814.054400,313.567573,5.226126,398.2433,399.3043,24.3419,27.3972,-9999,-59994.03,-9999,434.486,452.7311,442.206,-0.0432,-0.2062,-0.3444,-36.6423,-0.5707
18820.464640,313.674411,5.227907,398.1325,399.1689,24.3026,27.3901,-9999,-59994.03,-9999,434.3423,452.6062,442.0802,-0.0415,-0.2063,-0.346,-37.0047,-0.5716
18826.874880,313.781248,5.229687,398.0193,399.0517,24.2985,27.3779,-9999,-59994.03,-9999,434.2306,452.4621,441.9465,-0.0409,-0.2051,-0.3491,-37.1993,-0.5755
18833.285120,313.888085,5.231468,397.9024,398.9651,24.3343,27.3753,-9999,-59994.03,-9999,434.1198,452.339,441.8215,-0.0399,-0.2046,-0.3514,-37.577,-0.5806
18839.695360,313.994923,5.233249,397.7921,398.8148,24.2858,27.3689,-9999,-59994.03,-9999,433.975,452.2191,441.7021,-0.0446,-0.2103,-0.3597,-38.3718,-0.5939
18846.105600,314.101760,5.235029,397.6789,398.7222,24.3146,27.3641,-9999,-59994.03,-9999,433.8802,452.0976,441.5758,-0.0496,-0.2173,-0.3688,-39.4217,-0.606
18852.515840,314.208597,5.236810,397.571,398.613,24.3112,27.3572,-9999,-59994.03,-9999,433.751,451.9707,441.4508,-0.0515,-0.2251,-0.3756,-39.77,-0.6077
18858.926080,314.315435,5.238591,397.4503,398.4784,24.2828,27.3546,-9999,-59994.03,-9999,433.6339,451.8408,441.3257,-0.0518,-0.2277,-0.3779,-39.7502,-0.6093
18865.336320,314.422272,5.240371,397.3362,398.3959,24.3236,27.3475,-9999,-59994.03,-9999,433.4736,451.7094,441.1972,-0.0477,-0.2243,-0.3759,-40.2136,-0.6152
18871.746560,314.529109,5.242152,397.2253,398.2474,24.2747,27.3447,-9999,-59994.03,-9999,433.3275,451.5665,441.0643,-0.0452,-0.2202,-0.3756,-40.8939,-0.6231
18878.156800,314.635947,5.243932,397.1092,398.1603,24.3059,27.3367,-9999,-59994.03,-9999,433.2938,451.4342,440.9315,-0.049,-0.2265,-0.3832,-41.867,-0.6276
18884.567040,314.742784,5.245713,396.994,398.0427,24.2971,27.3316,-9999,-59994.03,-9999,433.1509,451.2962,440.7975,-0.0522,-0.2333,-0.3922,-42.615,-0.6334
18890.977280,314.849621,5.247494,396.881,397.9121,24.2662,27.3275,-9999,-59994.03,-9999,433.0217,451.1709,440.6596,-0.0485,-0.2351,-0.398,-43.5964,-0.6408
18897.387520,314.956459,5.249274,396.7733,397.8342,24.3142,27.3289,-9999,-59994.03,-9999,432.9195,451.0384,440.541,-0.0489,-0.2385,-0.4053,-44.0757,-0.6443
18903.797760,315.063296,5.251055,396.5968,397.6433,24.2181,27.2648,-9999,-59994.03,-9999,432.7281,450.9014,440.4097,-0.0487,-0.2399,-0.4083,-44.5434,-0.6529
18910.208000,315.170133,5.252836,396.486,397.5142,24.1955,27.2676,-9999,-59994.03,-9999,432.6102,450.788,440.2937,-0.0476,-0.2384,-0.4114,-44.9482,-0.6584
18916.618240,315.276971,5.254616,396.3732,397.4313,24.2384,27.2653,-9999,-59994.03,-9999,432.515,450.6565,440.17,-0.0481,-0.2385,-0.4125,-44.8679,-0.6581
18923.028480,315.383808,5.256397,396.2614,397.3167,24.2319,27.2627,-9999,-59994.03,-9999,432.3917,450.5237,440.0429,-0.0484,-0.2386,-0.4117,-45.3183,-0.6657
18929.438720,315.490645,5.258177,396.1477,397.1762,24.1908,27.2616,-9999,-59994.03,-9999,432.2493,450.3881,439.9098,-0.0471,-0.2377,-0.4116,-45.2508,-0.6709
18935.848960,315.597483,5.259958,396.0398,397.074,24.2054,27.2637,-9999,-59994.03,-9999,432.1393,450.2683,439.7888,-0.0484,-0.2373,-0.4055,-44.4855,-0.6658
18942.259200,315.704320,5.261739,395.9246,396.9844,24.2322,27.2547,-9999,-59994.03,-9999,432.0234,450.0822,439.5985,-0.0489,-0.2362,-0.4052,-44.4392,-0.6617
18948.669440,315.811157,5.263519,395.8065,396.847,24.2075,27.2427,-9999,-59994.03,-9999,431.8885,449.9533,439.4672,-0.0459,-0.2353,-0.4057,-44.2016,-0.6592
18955.079680,315.917995,5.265300,395.6968,396.7198,24.1779,27.2386,-9999,-59994.03,-9999,431.7555,449.8225,439.3481,-0.0446,-0.2303,-0.398,-43.6475,-0.6578
18961.489920,316.024832,5.267081,395.5847,396.6228,24.1961,27.2374,-9999,-59994.03,-9999,431.6578,449.7062,439.2304,-0.0411,-0.2216,-0.3917,-43.4927,-0.6561
18967.900160,316.131669,5.268861,395.4712,396.5321,24.2301,27.2317,-9999,-59994.03,-9999,431.5439,449.5752,439.103,-0.0373,-0.2154,-0.3856,-42.9136,-0.6508
18974.310400,316.238507,5.270642,395.3613,396.399,24.1991,27.2344,-9999,-59994.03,-9999,431.4158,449.449,438.9793,-0.0379,-0.211,-0.3804,-42.4176,-0.6458
18980.720640,316.345344,5.272422,395.2529,396.2712,24.171,27.2291,-9999,-59994.03,-9999,431.2856,449.3129,438.8484,-0.0397,-0.2111,-0.3804,-42.3852,-0.6455
18987.130880,316.452181,5.274203,395.1414,396.1825,24.1955,27.23,-9999,-59994.03,-9999,431.1831,449.1782,438.7171,-0.0394,-0.2101,-0.3755,-41.7999,-0.6431
18993.541120,316.559019,5.275984,395.0258,396.0865,24.2197,27.222,-9999,-59994.03,-9999,431.0655,449.0349,438.5758,-0.0402,-0.2088,-0.3728,-41.2803,-0.6375
18999.951360,316.665856,5.277764,394.9178,395.9598,24.1982,27.219,-9999,-59994.03,-9999,430.9387,448.907,438.4576,-0.0407,-0.2091,-0.3725,-40.9678,-0.6336
19006.361600,316.772693,5.279545,394.8057,395.8298,24.1668,27.2236,-9999,-59994.03,-9999,430.8078,448.7751,438.3311,-0.0402,-0.2095,-0.3733,-40.6281,-0.6319
19012.771840,316.879531,5.281326,394.6962,395.7318,24.1818,27.2289,-9999,-59994.03,-9999,430.6999,448.6464,438.1965,-0.0444,-0.2151,-0.3751,-40.8582,-0.6331
19019.182080,316.986368,5.283106,394.5819,395.6385,24.2128,27.2211,-9999,-59994.03,-9999,430.6,448.5152,438.0754,-0.043,-0.216,-0.3763,-41.4841,-0.6369
19025.592320,317.093205,5.284887,394.4673,395.5116,24.1892,27.2234,-9999,-59994.03,-9999,430.4606,448.3817,437.9419,-0.0417,-0.2133,-0.3745,-41.7581,-0.64
19032.002560,317.200043,5.286667,394.3591,395.38,24.159,27.2229,-9999,-59994.03,-9999,430.3388,448.2531,437.818,-0.0433,-0.2115,-0.3737,-41.9225,-0.6417
19038.412800,317.306880,5.288448,394.2463,395.2878,24.1814,27.2107,-9999,-59994.03,-9999,430.2286,448.1197,437.6914,-0.045,-0.2116,-0.3718,-41.4974,-0.6351
19044.823040,317.413717,5.290229,394.1366,395.1933,24.2033,27.2169,-9999,-59994.03,-9999,430.1118,447.9891,437.5587,-0.0457,-0.2178,-0.3765,-41.3452,-0.6345
19051.233280,317.520555,5.292009,394.0266,395.0555,24.1634,27.2172,-9999,-59994.03,-9999,429.9727,447.8605,437.4355,-0.045,-0.2205,-0.3765,-41.2843,-0.6366
19057.643520,317.627392,5.293790,393.9165,394.9434,24.1671,27.2183,-9999,-59994.03,-9999,429.8677,447.7481,437.3243,-0.0423,-0.217,-0.3727,-40.9437,-0.6386
19064.053760,317.734229,5.295570,393.8068,394.8567,24.2033,27.2243,-9999,-59994.03,-9999,429.7608,447.6144,437.1892,-0.0411,-0.2133,-0.3694,-40.8979,-0.6403
19070.464000,317.841067,5.297351,393.6862,394.7202,24.1648,27.2165,-9999,-59994.03,-9999,429.6285,447.4829,437.0714,-0.0415,-0.211,-0.3713,-41.1279,-0.6388
19076.874240,317.947904,5.299132,393.5767,394.6043,24.1567,27.21,-9999,-59994.03,-9999,429.5095,447.3672,436.9486,-0.0424,-0.2116,-0.3701,-40.5939,-0.6348
19083.284480,318.054741,5.300912,393.4648,394.5182,24.1955,27.2047,-9999,-59994.03,-9999,429.4041,447.2419,436.8221,-0.0434,-0.2136,-0.3688,-40.456,-0.6334
19089.694720,318.161579,5.302693,393.3533,394.3756,24.1481,27.2024,-9999,-59994.03,-9999,429.257,447.1269,436.6979,-0.0461,-0.2161,-0.3735,-40.9602,-0.6387
19096.104960,318.268416,5.304474,393.2473,394.2993,24.1982,27.2027,-9999,-59994.03,-9999,429.1548,446.9991,436.5732,-0.0512,-0.2258,-0.3854,-42.2607,-0.6499
19102.515200,318.375253,5.306254,393.1342,394.1555,24.1539,27.1953,-9999,-59994.03,-9999,429.0088,446.8668,436.4431,-0.0568,-0.2376,-0.3991,-43.5449,-0.6611
19108.925440,318.482091,5.308035,393.0247,394.0633,24.1816,27.1824,-9999,-59994.03,-9999,428.9091,446.734,436.3174,-0.0595,-0.2474,-0.4109,-44.6688,-0.6688
19115.335680,318.588928,5.309815,392.915,393.9546,24.1772,27.1766,-9999,-59994.03,-9999,428.7838,446.6075,436.1948,-0.0573,-0.2519,-0.4206,-45.6927,-0.6731
19121.745920,318.695765,5.311596,392.8035,393.825,24.1502,27.1748,-9999,-59994.03,-9999,428.6595,446.475,436.068,-0.0503,-0.2454,-0.4169,-45.7728,-0.6726
19128.156160,318.802603,5.313377,392.6933,393.7444,24.1994,27.1679,-9999,-59994.03,-9999,428.564,446.3536,435.9428,-0.05,-0.2401,-0.4128,-45.7503,-0.6749
19134.566400,318.909440,5.315157,392.5826,393.6131,24.1678,27.1642,-9999,-59994.03,-9999,428.4344,446.2245,435.8213,-0.0493,-0.2424,-0.4129,-46.0286,-0.6814
19140.976640,319.016277,5.316938,392.4698,393.491,24.1488,27.1605,-9999,-59994.03,-9999,428.3097,446.0873,435.6971,-0.0481,-0.2377,-0.4069,-45.6707,-0.6879
19147.386880,319.123115,5.318719,392.3609,393.4104,24.1901,27.1571,-9999,-59994.03,-9999,428.2079,445.9596,435.5646,-0.0488,-0.2365,-0.4032,-45.7052,-0.6898
19153.797120,319.229952,5.320499,392.2503,393.2996,24.1825,27.1511,-9999,-59994.03,-9999,428.0832,445.8329,435.4418,-0.0475,-0.2375,-0.4036,-45.9768,-0.6913
19160.207360,319.336789,5.322280,392.139,393.1642,24.1438,27.1495,-9999,-59994.03,-9999,427.9492,445.7213,435.3304,-0.0496,-0.241,-0.4107,-46.381,-0.6949
19166.617600,319.443627,5.324060,392.0272,393.0701,24.1708,27.1499,-9999,-59994.03,-9999,427.8476,445.5993,435.2123,-0.0532,-0.2443,-0.4157,-46.7147,-0.6989
19173.027840,319.550464,5.325841,391.9146,392.9695,24.1906,27.138,-9999,-59994.03,-9999,427.7336,445.4781,435.088,-0.0527,-0.2438,-0.4177,-46.8803,-0.7017
19179.438080,319.657301,5.327622,391.8044,392.8339,24.1541,27.1327,-9999,-59994.03,-9999,427.5948,445.3545,434.9702,-0.0535,-0.2426,-0.4159,-46.6616,-0.7022
19185.848320,319.764139,5.329402,391.6891,392.7171,24.1495,27.1173,-9999,-59994.03,-9999,427.4747,445.2311,434.8324,-0.053,-0.2405,-0.4137,-46.2945,-0.7033
19192.258560,319.870976,5.331183,391.5743,392.6342,24.1901,27.1127,-9999,-59994.03,-9999,427.3583,445.1044,434.7097,-0.0535,-0.2423,-0.4139,-46.6195,-0.7005
19198.668800,319.977813,5.332964,391.4621,392.4962,24.1507,27.1018,-9999,-59994.03,-9999,427.2073,444.9879,434.586,-0.0523,-0.2436,-0.4186,-46.9441,-0.7038
19205.079040,320.084651,5.334744,391.3507,392.3816,24.1419,27.1032,-9999,-59994.03,-9999,427.0836,444.862,434.4605,-0.05,-0.2438,-0.4228,-47.3184,-0.7078
19211.489280,320.191488,5.336525,391.2386,392.292,24.1876,27.1009,-9999,-59994.03,-9999,426.9752,444.7373,434.3355,-0.0525,-0.2435,-0.4212,-47.3524,-0.709
19217.899520,320.298325,5.338305,391.1244,392.1422,24.132,27.0894,-9999,-59994.03,-9999,426.8243,444.6091,434.2065,-0.0515,-0.2414,-0.4173,-47.2714,-0.7106
19224.309760,320.405163,5.340086,391.0132,392.055,24.1682,27.0903,-9999,-59994.03,-9999,426.7191,444.4853,434.0744,-0.0496,-0.2381,-0.4177,-46.8857,-0.705
19230.720000,320.512000,5.341867,390.9024,391.9528,24.1791,27.0933,-9999,-59994.03,-9999,426.5966,444.3496,433.9487,-0.0477,-0.2351,-0.4149,-46.2792,-0.6973
19237.130240,320.618837,5.343647,390.7919,391.8152,24.1396,27.0954,-9999,-59994.03,-9999,426.4578,444.219,433.817,-0.0455,-0.2279,-0.4089,-45.6629,-0.6911
19243.540480,320.725675,5.345428,390.6788,391.7133,24.1599,27.1055,-9999,-59994.03,-9999,426.3431,444.0915,433.6885,-0.0474,-0.2289,-0.4091,-45.6988,-0.6908
19249.950720,320.832512,5.347209,390.5624,391.6239,24.1922,27.1156,-9999,-59994.03,-9999,426.2364,443.9713,433.5707,-0.0485,-0.2311,-0.4068,-45.7876,-0.6948
19256.360960,320.939349,5.348989,390.4498,391.5011,24.1763,27.1212,-9999,-59994.03,-9999,426.1033,443.8273,433.4467,-0.0485,-0.2297,-0.4024,-45.8573,-0.6961
19262.771200,321.046187,5.350770,390.3417,391.3715,24.1442,27.1343,-9999,-59994.03,-9999,425.9729,443.6998,433.3247,-0.0481,-0.2302,-0.4015,-45.8025,-0.6975
19269.181440,321.153024,5.352550,390.2289,391.2747,24.1678,27.1389,-9999,-59994.03,-9999,425.8631,443.5687,433.1983,-0.0493,-0.2289,-0.4013,-45.662,-0.6959
19275.591680,321.259861,5.354331,390.1215,391.1875,24.2054,27.146,-9999,-59994.03,-9999,425.7495,443.4366,433.0792,-0.0483,-0.2285,-0.4041,-45.6669,-0.6955
19282.001920,321.366699,5.356112,390.0121,391.045,24.1671,27.1569,-9999,-59994.03,-9999,425.6061,443.3232,432.957,-0.051,-0.2321,-0.4063,-45.9043,-0.6971
19288.412160,321.473536,5.357892,389.909,390.9403,24.1724,27.1704,-9999,-59994.03,-9999,425.4984,443.1954,432.8319,-0.0494,-0.2286,-0.3994,-45.2463,-0.6914
19294.822400,321.580373,5.359673,389.7974,390.857,24.2158,27.1753,-9999,-59994.03,-9999,425.3904,443.0749,432.7077,-0.0462,-0.2264,-0.3942,-44.7474,-0.6857
19301.232640,321.687211,5.361454,389.6872,390.7152,24.1735,27.1865,-9999,-59994.03,-9999,425.2478,442.9504,432.5851,-0.0485,-0.2295,-0.3961,-44.8308,-0.6829
19307.642880,321.794048,5.363234,389.5747,390.6057,24.1851,27.1882,-9999,-59994.03,-9999,425.1404,442.8333,432.4648,-0.0473,-0.2285,-0.3932,-44.2096,-0.6759
19314.053120,321.900885,5.365015,389.4627,390.516,24.2165,27.1941,-9999,-59994.03,-9999,425.0255,442.7106,432.338,-0.0484,-0.2289,-0.3943,-44.1572,-0.6742
19320.463360,322.007723,5.366795,389.3535,390.3781,24.1793,27.2047,-9999,-59994.03,-9999,424.8839,442.5786,432.2164,-0.0512,-0.2303,-0.3928,-43.9514,-0.6718
19326.873600,322.114560,5.368576,389.2409,390.2743,24.1901,27.2073,-9999,-59994.03,-9999,424.7778,442.4587,432.0922,-0.0498,-0.23,-0.389,-43.4557,-0.6652
19333.283840,322.221397,5.370357,389.1353,390.1913,24.2326,27.21,-9999,-59994.03,-9999,424.662,442.3338,431.9621,-0.0528,-0.2324,-0.388,-42.9188,-0.6593
19339.694080,322.328235,5.372137,389.0263,390.0554,24.186,27.2158,-9999,-59994.03,-9999,424.5128,442.2064,431.8403,-0.0499,-0.2339,-0.3875,-42.8871,-0.659
19346.104320,322.435072,5.373918,388.9178,389.9553,24.2058,27.2215,-9999,-59994.03,-9999,424.4072,442.0758,431.7178,-0.0498,-0.2366,-0.3934,-43.5806,-0.6613
19352.514560,322.541909,5.375698,388.8065,389.8561,24.2285,27.2248,-9999,-59994.03,-9999,424.2853,441.9374,431.5903,-0.0457,-0.234,-0.3931,-43.4049,-0.658
19358.924800,322.648747,5.377479,388.6942,389.7103,24.1763,27.2218,-9999,-59994.03,-9999,424.1495,441.8127,431.4665,-0.0474,-0.2302,-0.3888,-43.4507,-0.6587
19365.335040,322.755584,5.379260,388.5749,389.631,24.2317,27.2188,-9999,-59994.03,-9999,424.0461,441.677,431.3346,-0.0484,-0.2274,-0.389,-43.3095,-0.6558
19371.745280,322.862421,5.381040,388.4682,389.4896,24.1844,27.2245,-9999,-59994.03,-9999,423.901,441.5472,431.2106,-0.0484,-0.2276,-0.3898,-43.1023,-0.6559
19378.155520,322.969259,5.382821,388.3566,389.3994,24.2202,27.2243,-9999,-59994.03,-9999,423.8075,441.4144,431.0877,-0.0477,-0.2276,-0.3902,-43.2537,-0.6606
19384.565760,323.076096,5.384602,388.2518,389.2859,24.2031,27.2245,-9999,-59994.03,-9999,423.6818,441.2991,430.9705,-0.0459,-0.2259,-0.3908,-43.3574,-0.6617
19390.976000,323.182933,5.386382,388.1365,389.1659,24.2001,27.2172,-9999,-59994.03,-9999,423.5744,441.1752,430.8492,-0.0477,-0.225,-0.3867,-42.9965,-0.657
19397.386240,323.289771,5.388163,388.0255,389.0714,24.2202,27.2192,-9999,-59994.03,-9999,423.4487,441.0529,430.7184,-0.0495,-0.2257,-0.3858,-42.8581,-0.6571
19403.796480,323.396608,5.389943,387.9109,388.9319,24.1745,27.2137,-9999,-59994.03,-9999,423.3125,440.917,430.5948,-0.0473,-0.2256,-0.3844,-42.6323,-0.6593
19410.206720,323.503445,5.391724,387.7986,388.8531,24.2264,27.2153,-9999,-59994.03,-9999,423.2176,440.7839,430.4712,-0.0453,-0.2208,-0.3801,-42.1854,-0.657
19416.616960,323.610283,5.393505,387.6883,388.7198,24.1911,27.2096,-9999,-59994.03,-9999,423.0815,440.6587,430.3507,-0.0463,-0.2214,-0.3798,-42.1271,-0.6535
19423.027200,323.717120,5.395285,387.576,388.6109,24.1968,27.2086,-9999,-59994.03,-9999,422.9706,440.5392,430.2322,-0.044,-0.2201,-0.3795,-42.0708,-0.6481
19429.437440,323.823957,5.397066,387.4649,388.5209,24.2234,27.2043,-9999,-59994.03,-9999,422.8623,440.4094,430.1117,-0.0397,-0.2143,-0.3712,-41.4,-0.6405
19435.847680,323.930795,5.398847,387.3564,388.3771,24.1733,27.1994,-9999,-59994.03,-9999,422.7258,440.277,429.9826,-0.0387,-0.2078,-0.3637,-40.7113,-0.6326
19442.257920,324.037632,5.400627,387.247,388.3037,24.2262,27.196,-9999,-59994.03,-9999,422.694,440.1547,429.8584,-0.0375,-0.2064,-0.362,-40.3823,-0.6288
19448.668160,324.144469,5.402408,387.138,388.1634,24.1798,27.1928,-9999,-59994.03,-9999,422.5459,440.019,429.737,-0.0372,-0.2064,-0.36,-40.0532,-0.6277
19455.078400,324.251307,5.404188,387.0288,388.0825,24.2225,27.1898,-9999,-59994.03,-9999,422.4618,439.8916,429.6165,-0.0389,-0.2114,-0.3656,-40.4716,-0.6317
19461.488640,324.358144,5.405969,386.9183,387.9501,24.1908,27.1916,-9999,-59994.03,-9999,422.3194,439.7751,429.501,-0.0436,-0.2155,-0.3731,-41.2645,-0.6389
19467.898880,324.464981,5.407750,386.8058,387.8516,24.207,27.1845,-9999,-59994.03,-9999,422.2222,439.6519,429.3783,-0.0476,-0.2223,-0.3766,-41.7021,-0.6445
19474.309120,324.571819,5.409530,386.6973,387.7365,24.198,27.1838,-9999,-59994.03,-9999,422.0904,439.5243,429.2485,-0.0536,-0.2326,-0.3892,-43.2025,-0.6543
19480.719360,324.678656,5.411311,386.5879,387.6222,24.195,27.1806,-9999,-59994.03,-9999,421.9891,439.3989,429.1298,-0.054,-0.239,-0.4024,-44.8939,-0.668
19487.129600,324.785493,5.413092,386.4802,387.5287,24.2118,27.1771,-9999,-59994.03,-9999,421.8739,439.2664,429.0068,-0.0548,-0.2423,-0.4092,-45.6634,-0.6782
19493.539840,324.892331,5.414872,386.3717,387.3928,24.1788,27.1681,-9999,-59994.03,-9999,421.7524,439.1434,428.881,-0.0526,-0.2416,-0.41,-45.4631,-0.6773
19499.950080,324.999168,5.416653,386.2614,387.3176,24.225,27.167,-9999,-59994.03,-9999,421.6467,439.0169,428.7559,-0.0498,-0.2409,-0.4102,-45.157,-0.6751
19506.360320,325.106005,5.418433,386.1528,387.1696,24.1742,27.17,-9999,-59994.03,-9999,421.5159,438.8878,428.6347,-0.0488,-0.2377,-0.4087,-44.9813,-0.6747
19512.770560,325.212843,5.420214,386.047,387.0867,24.2072,27.1594,-9999,-59994.03,-9999,421.4223,438.7639,428.5105,-0.0477,-0.235,-0.4064,-44.7007,-0.6722
19519.180800,325.319680,5.421995,385.9351,386.9797,24.2086,27.1493,-9999,-59994.03,-9999,421.2968,438.6465,428.3871,-0.0435,-0.2292,-0.4026,-44.4942,-0.672
19525.591040,325.426517,5.423775,385.8243,386.8422,24.1682,27.1481,-9999,-59994.03,-9999,421.1687,438.5157,428.2626,-0.0457,-0.2268,-0.4038,-44.4104,-0.6709
19532.001280,325.533355,5.425556,385.7185,386.7567,24.2019,27.1435,-9999,-59994.03,-9999,421.0779,438.388,428.1427,-0.0482,-0.2288,-0.4038,-44.1343,-0.6714
19538.411520,325.640192,5.427337,385.6097,386.6645,24.2218,27.1396,-9999,-59994.03,-9999,420.9671,438.2567,428.0219,-0.0487,-0.2286,-0.4022,-43.9791,-0.6675
19544.821760,325.747029,5.429117,385.4991,386.5241,24.1802,27.1389,-9999,-59994.03,-9999,420.8362,438.1378,427.8955,-0.0494,-0.229,-0.4051,-44.5211,-0.6718
19551.232000,325.853867,5.430898,385.39,386.4172,24.1832,27.1299,-9999,-59994.03,-9999,420.7322,438.0168,427.7813,-0.0508,-0.232,-0.4086,-45.491,-0.6829
19557.642240,325.960704,5.432678,385.2849,386.3385,24.2243,27.1265,-9999,-59994.03,-9999,420.6298,437.8942,427.6546,-0.0518,-0.2385,-0.4138,-46.1325,-0.6903
19564.052480,326.067541,5.434459,385.1766,386.2101,24.1982,27.1212,-9999,-59994.03,-9999,420.4941,437.7608,427.5233,-0.0508,-0.2407,-0.4155,-46.3767,-0.6934
19570.462720,326.174379,5.436240,385.063,386.0827,24.1738,27.114,-9999,-59994.03,-9999,420.3708,437.6341,427.3999,-0.053,-0.2435,-0.4192,-46.8371,-0.6986
19576.872960,326.281216,5.438020,384.9551,386.0067,24.2153,27.1101,-9999,-59994.03,-9999,420.2767,437.5029,427.2706,-0.053,-0.2437,-0.4218,-47.244,-0.7039
19583.283200,326.388053,5.439801,384.8459,385.8908,24.2075,27.1016,-9999,-59994.03,-9999,420.0872,437.374,427.1445,-0.0488,-0.2384,-0.4172,-47.3744,-0.7049
19589.693440,326.494891,5.441582,384.7355,385.7589,24.1714,27.0965,-9999,-59994.03,-9999,419.9654,437.2562,427.0235,-0.0474,-0.2311,-0.4091,-46.9653,-0.703
19596.103680,326.601728,5.443362,384.6294,385.6589,24.1802,27.091,-9999,-59994.03,-9999,419.9068,437.1213,426.8915,-0.0463,-0.2259,-0.4011,-46.1989,-0.7018
19602.513920,326.708565,5.445143,384.5168,385.5714,24.2137,27.0876,-9999,-59994.03,-9999,419.8037,436.9904,426.7646,-0.0461,-0.2235,-0.3969,-45.8091,-0.6984
19608.924160,326.815403,5.446923,384.4083,385.4615,24.2118,27.0823,-9999,-59994.03,-9999,419.6282,436.8689,426.6484,-0.0474,-0.2231,-0.3998,-45.9149,-0.695
19615.334400,326.922240,5.448704,384.3012,385.3286,24.1735,27.0793,-9999,-59994.03,-9999,419.5027,436.7505,426.5299,-0.045,-0.2248,-0.402,-45.7805,-0.6919
19621.744640,327.029077,5.450485,384.1945,385.2316,24.1869,27.0747,-9999,-59994.03,-9999,419.3961,436.6217,426.4012,-0.0487,-0.2294,-0.4046,-45.8202,-0.6902
19628.154880,327.135915,5.452265,384.0832,385.1485,24.2208,27.0696,-9999,-59994.03,-9999,419.2874,436.4958,426.2747,-0.0518,-0.2334,-0.4046,-45.4775,-0.6891
19634.565120,327.242752,5.454046,383.9778,385.0083,24.1745,27.0604,-9999,-59994.03,-9999,419.2086,436.3618,426.1519,-0.053,-0.2366,-0.4027,-45.6081,-0.6893
19640.975360,327.349589,5.455826,383.8679,384.9115,24.1851,27.0574,-9999,-59994.03,-9999,419.1132,436.2409,426.0305,-0.0527,-0.2399,-0.4028,-45.8845,-0.6899
19647.385600,327.456427,5.457607,383.7639,384.821,24.2158,27.053,-9999,-59994.03,-9999,419.0114,436.1096,425.9145,-0.0535,-0.2415,-0.4051,-45.6088,-0.6895
19653.795840,327.563264,5.459388,383.6509,384.6842,24.1654,27.047,-9999,-59994.03,-9999,418.8797,435.9865,425.7957,-0.0524,-0.2431,-0.4068,-45.4893,-0.6903
19660.206080,327.670101,5.461168,383.554,384.5948,24.1865,27.0404,-9999,-59994.03,-9999,418.7744,435.8624,425.6703,-0.0517,-0.244,-0.4099,-46.0028,-0.693
19666.616320,327.776939,5.462949,383.4402,384.4998,24.2065,27.0291,-9999,-59994.03,-9999,418.6583,435.7369,425.5431,-0.0563,-0.2509,-0.4188,-46.8175,-0.7021
19673.026560,327.883776,5.464730,383.3322,384.3585,24.1631,27.0261,-9999,-59994.03,-9999,418.4627,435.6184,425.4238,-0.0573,-0.2559,-0.4251,-47.2025,-0.7097
19679.436800,327.990613,5.466510,383.2267,384.2674,24.1761,27.0268,-9999,-59994.03,-9999,418.3592,435.4945,425.3076,-0.0556,-0.258,-0.4279,-47.27,-0.711
19685.847040,328.097451,5.468291,383.1151,384.1794,24.2088,27.0194,-9999,-59994.03,-9999,418.2538,435.3719,425.1844,-0.0558,-0.2591,-0.4259,-47.0317,-0.7067
19692.257280,328.204288,5.470071,383.0098,384.0502,24.177,27.0171,-9999,-59994.03,-9999,418.1255,435.2462,425.0658,-0.0522,-0.2517,-0.4223,-46.5418,-0.6981
19698.667520,328.311125,5.471852,382.9054,383.929,24.1564,27.0114,-9999,-59994.03,-9999,418.0087,435.124,424.9461,-0.0474,-0.2413,-0.4126,-45.546,-0.6901
19705.077760,328.417963,5.473633,382.7942,383.8512,24.195,27.0035,-9999,-59994.03,-9999,417.9124,434.9992,424.8279,-0.0447,-0.2317,-0.4041,-44.6676,-0.6852
19711.488000,328.524800,5.475413,382.6889,383.7397,24.1931,27.0015,-9999,-59994.03,-9999,417.7943,434.8766,424.7027,-0.0416,-0.2243,-0.3933,-43.8298,-0.6778
19717.898240,328.631637,5.477194,382.5814,383.6029,24.1481,27.0001,-9999,-59994.03,-9999,417.6632,434.7583,424.5885,-0.042,-0.2192,-0.3821,-42.9767,-0.6702
19724.308480,328.738475,5.478975,382.4726,383.5166,24.1738,26.9936,-9999,-59994.03,-9999,417.5641,434.6449,424.4705,-0.0387,-0.2094,-0.3716,-42.0751,-0.661
19730.718720,328.845312,5.480755,382.3646,383.4218,24.1961,26.9872,-9999,-59994.03,-9999,417.4519,434.512,424.3394,-0.031,-0.1955,-0.3583,-40.6806,-0.65
19737.128960,328.952149,5.482536,382.254,383.2793,24.1468,26.9847,-9999,-59994.03,-9999,417.3158,434.3882,424.2242,-0.0313,-0.1874,-0.3496,-39.6786,-0.638
19743.539200,329.058987,5.484316,382.149,383.1906,24.1631,26.9796,-9999,-59994.03,-9999,417.2208,434.2553,424.1032,-0.032,-0.1844,-0.3456,-38.6323,-0.6249
19749.949440,329.165824,5.486097,382.043,383.1033,24.1918,26.9773,-9999,-59994.03,-9999,417.1093,434.1311,423.9775,-0.0329,-0.186,-0.3399,-37.8089,-0.6115
19756.359680,329.272661,5.487878,381.9364,382.9615,24.1401,26.9738,-9999,-59994.03,-9999,416.9808,434.0142,423.8567,-0.033,-0.1874,-0.3403,-37.6648,-0.6044
19762.769920,329.379499,5.489658,381.8302,382.8879,24.1927,26.9701,-9999,-59994.03,-9999,416.8845,433.8896,423.7348,-0.0337,-0.1872,-0.3409,-37.4586,-0.599
19769.180160,329.486336,5.491439,381.7227,382.749,24.1421,26.9681,-9999,-59994.03,-9999,416.7484,433.7647,423.6131,-0.0362,-0.1878,-0.343,-37.6256,-0.5983
19775.590400,329.593173,5.493220,381.617,382.6705,24.1811,26.9612,-9999,-59994.03,-9999,416.6613,433.6449,423.4936,-0.0366,-0.1892,-0.3427,-37.3651,-0.5939
19782.000640,329.700011,5.495000,381.5084,382.5453,24.1495,26.9529,-9999,-59994.03,-9999,416.524,433.5179,423.3707,-0.0388,-0.1916,-0.3393,-36.7429,-0.5897
19788.410880,329.806848,5.496781,381.3997,382.4442,24.1652,26.9464,-9999,-59994.03,-9999,416.4255,433.3976,423.2534,-0.0343,-0.1877,-0.3337,-35.8504,-0.5823
19794.821120,329.913685,5.498561,381.2956,382.3422,24.1636,26.949,-9999,-59994.03,-9999,416.3001,433.2706,423.1255,-0.0327,-0.1848,-0.3301,-35.3052,-0.5787
19801.231360,330.020523,5.500342,381.19,382.219,24.1389,26.94,-9999,-59994.03,-9999,416.191,433.1411,423.0007,-0.0312,-0.1838,-0.3289,-35.6125,-0.576
19807.641600,330.127360,5.502123,381.0869,382.1447,24.1818,26.934,-9999,-59994.03,-9999,416.0874,433.0139,422.883,-0.0318,-0.1853,-0.3285,-35.4637,-0.572
19814.051840,330.234197,5.503903,380.9774,381.9963,24.1274,26.931,-9999,-59994.03,-9999,415.9609,432.8925,422.7614,-0.0378,-0.1873,-0.3273,-35.1866,-0.5675
19820.462080,330.341035,5.505684,380.8686,381.9264,24.183,26.9312,-9999,-59994.03,-9999,415.8741,432.7795,422.6417,-0.0361,-0.1863,-0.3276,-34.7856,-0.5638
19826.872320,330.447872,5.507465,380.7655,381.7859,24.1271,26.9211,-9999,-59994.03,-9999,415.7379,432.6527,422.5255,-0.0369,-0.1876,-0.3303,-35.1059,-0.5688
19833.282560,330.554709,5.509245,380.6606,381.7154,24.1772,26.9264,-9999,-59994.03,-9999,415.644,432.5281,422.4015,-0.0397,-0.1914,-0.3381,-35.7769,-0.5738
19839.692800,330.661547,5.511026,380.5531,381.5824,24.1341,26.9073,-9999,-59994.03,-9999,415.503,432.401,422.2835,-0.0428,-0.1988,-0.3486,-36.8417,-0.5833
19846.103040,330.768384,5.512806,380.4474,381.4908,24.1585,26.9091,-9999,-59994.03,-9999,415.4218,432.2753,422.1675,-0.0429,-0.2053,-0.3533,-37.4624,-0.5881
19852.513280,330.875221,5.514587,380.3394,381.3811,24.1537,26.9073,-9999,-59994.03,-9999,415.2834,432.1686,422.0462,-0.0427,-0.2069,-0.3565,-37.5337,-0.5894
19858.923520,330.982059,5.516368,380.2329,381.2599,24.1352,26.9015,-9999,-59994.03,-9999,415.1706,432.0523,421.9344,-0.0436,-0.2093,-0.3608,-38.4039,-0.5948
19865.333760,331.088896,5.518148,380.1276,381.1772,24.1645,26.9006,-9999,-59994.03,-9999,415.059,431.9261,421.8109,-0.0403,-0.2024,-0.3583,-38.4325,-0.5971
19871.744000,331.195733,5.519929,380.0194,381.0402,24.1188,26.8965,-9999,-59994.03,-9999,414.9398,431.8019,421.6902,-0.037,-0.1958,-0.3471,-37.601,-0.5939
19878.154240,331.302571,5.521710,379.9148,380.9712,24.1705,26.8942,-9999,-59994.03,-9999,414.8355,431.6828,421.5711,-0.0383,-0.1941,-0.3443,-37.4168,-0.5941
19884.564480,331.409408,5.523490,379.8121,380.8298,24.1142,26.8946,-9999,-59994.03,-9999,414.6945,431.5568,421.4487,-0.0396,-0.1985,-0.3467,-37.44,-0.593
19890.974720,331.516245,5.525271,379.7059,380.7495,24.1592,26.8843,-9999,-59994.03,-9999,414.6047,431.4359,421.3276,-0.0443,-0.2033,-0.3488,-37.3804,-0.5931
19897.384960,331.623083,5.527051,379.5984,380.6223,24.129,26.8806,-9999,-59994.03,-9999,414.4668,431.3143,421.2102,-0.0434,-0.201,-0.349,-37.6429,-0.5972
19903.795200,331.729920,5.528832,379.4904,380.5139,24.1297,26.8792,-9999,-59994.03,-9999,414.3715,431.1879,421.0937,-0.0422,-0.2018,-0.3528,-38.1143,-0.5971
19910.205440,331.836757,5.530613,379.3846,380.4338,24.159,26.8792,-9999,-59994.03,-9999,414.2681,431.07,420.9796,-0.0473,-0.2095,-0.3594,-38.7898,-0.6032
19916.615680,331.943595,5.532393,379.2782,380.2935,24.104,26.8785,-9999,-59994.03,-9999,414.1449,430.9491,420.8614,-0.0486,-0.2168,-0.3673,-39.3069,-0.6073
19923.025920,332.050432,5.534174,379.1808,380.2256,24.153,26.882,-9999,-59994.03,-9999,414.0551,430.8282,420.7396,-0.0477,-0.2177,-0.3683,-39.7214,-0.6098
19929.436160,332.157269,5.535954,379.0763,380.113,24.1396,26.8822,-9999,-59994.03,-9999,413.9226,430.6974,420.6196,-0.0409,-0.212,-0.3657,-39.4651,-0.6084
19935.846400,332.264107,5.537735,378.9646,379.9893,24.1179,26.8751,-9999,-59994.03,-9999,413.8159,430.5784,420.5007,-0.0411,-0.2119,-0.3672,-39.4202,-0.6064
19942.256640,332.370944,5.539516,378.8588,379.9059,24.1553,26.873,-9999,-59994.03,-9999,413.7165,430.4673,420.3915,-0.0431,-0.2161,-0.3707,-39.6009,-0.606
19948.666880,332.477781,5.541296,378.7502,379.7689,24.1114,26.8658,-9999,-59994.03,-9999,413.5769,430.3431,420.26,-0.0444,-0.2191,-0.3725,-39.8766,-0.6104
19955.077120,332.584619,5.543077,378.6483,379.6753,24.1257,26.8626,-9999,-59994.03,-9999,413.4777,430.2189,420.1389,-0.0492,-0.2228,-0.3783,-40.617,-0.6184
19961.487360,332.691456,5.544858,378.5443,379.5956,24.1551,26.8599,-9999,-59994.03,-9999,413.3703,430.1063,420.02,-0.0494,-0.2307,-0.3866,-41.3585,-0.6287
19967.897600,332.798293,5.546638,378.439,379.4781,24.1396,26.8493,-9999,-59994.03,-9999,413.246,429.9774,419.8931,-0.0535,-0.2372,-0.3931,-42.5609,-0.6385
19974.307840,332.905131,5.548419,378.3334,379.3513,24.1128,26.8437,-9999,-59994.03,-9999,413.1192,429.8547,419.7769,-0.055,-0.2438,-0.4025,-43.6536,-0.6498
19980.718080,333.011968,5.550199,378.2314,379.2447,24.1022,26.8435,-9999,-59994.03,-9999,413.0092,429.7327,419.6614,-0.0523,-0.2457,-0.4089,-44.2611,-0.6536
19987.128320,333.118805,5.551980,378.1231,379.1626,24.1276,26.8352,-9999,-59994.03,-9999,412.9108,429.6137,419.5451,-0.0509,-0.2455,-0.4134,-44.7092,-0.6592
19993.538560,333.225643,5.553761,378.0169,379.0736,24.1541,26.8345,-9999,-59994.03,-9999,412.8019,429.5,419.426,-0.0503,-0.2409,-0.4105,-44.6237,-0.6633
19999.948800,333.332480,5.555541,377.9102,378.9479,24.1253,26.8223,-9999,-59994.03,-9999,412.6815,429.383,419.3121,-0.0512,-0.2401,-0.4101,-44.734,-0.6672
20006.359040,333.439317,5.557322,377.8058,378.8231,24.0923,26.8163,-9999,-59994.03,-9999,412.5499,429.2596,419.1884,-0.0545,-0.243,-0.4134,-45.3008,-0.6737
20012.769280,333.546155,5.559103,377.7075,378.7321,24.1096,26.8219,-9999,-59994.03,-9999,412.4482,429.1285,419.0646,-0.0526,-0.2441,-0.4166,-45.7506,-0.6794
20019.179520,333.652992,5.560883,377.603,378.6527,24.1458,26.8143,-9999,-59994.03,-9999,412.3434,429.0087,418.9458,-0.0568,-0.2521,-0.427,-46.8184,-0.6861
20025.589760,333.759829,5.562664,377.4963,378.5266,24.1137,26.8078,-9999,-59994.03,-9999,412.2143,428.8816,418.8227,-0.058,-0.2588,-0.4341,-47.3527,-0.6898
20032.000000,333.866667,5.564444,377.3969,378.4141,24.0953,26.8037,-9999,-59994.03,-9999,412.0952,428.7766,418.7165,-0.0521,-0.2542,-0.4318,-47.4857,-0.6957
20038.410240,333.973504,5.566225,377.2863,378.3309,24.1336,26.7979,-9999,-59994.03,-9999,412.0005,428.6605,418.6059,-0.0512,-0.2526,-0.4333,-47.827,-0.6995
20044.820480,334.080341,5.568006,377.1776,378.2176,24.1278,26.7949,-9999,-59994.03,-9999,411.8746,428.5294,418.4775,-0.0471,-0.245,-0.4276,-47.4724,-0.6965
20051.230720,334.187179,5.569786,377.0717,378.0875,24.0877,26.7883,-9999,-59994.03,-9999,411.7452,428.4181,418.3553,-0.0477,-0.2416,-0.4206,-46.8869,-0.6922
20057.640960,334.294016,5.571567,376.9651,378.0091,24.1322,26.78,-9999,-59994.03,-9999,411.6426,428.3018,418.2425,-0.047,-0.24,-0.4155,-46.5005,-0.6904
20064.051200,334.400853,5.573348,376.8546,377.894,24.1135,26.7737,-9999,-59994.03,-9999,411.5112,428.1854,418.1237,-0.0472,-0.2397,-0.4166,-46.684,-0.6936
20070.461440,334.507691,5.575128,376.749,377.7694,24.0909,26.7779,-9999,-59994.03,-9999,411.3868,428.0646,418.0008,-0.0525,-0.2429,-0.419,-47.1021,-0.7014
20076.871680,334.614528,5.576909,376.6443,377.6948,24.1366,26.7703,-9999,-59994.03,-9999,411.2845,427.9505,417.8821,-0.0571,-0.2464,-0.4206,-47.4972,-0.7071
20083.281920,334.721365,5.578689,376.5343,377.56,24.0997,26.7712,-9999,-59994.03,-9999,411.1447,427.8293,417.7616,-0.0572,-0.2507,-0.4252,-47.8078,-0.7078
20089.692160,334.828203,5.580470,376.4258,377.452,24.0987,26.7779,-9999,-59994.03,-9999,411.0355,427.7116,417.6389,-0.0568,-0.2524,-0.4254,-47.7471,-0.7044
20096.102400,334.935040,5.582251,376.3182,377.3743,24.1454,26.7802,-9999,-59994.03,-9999,410.9263,427.5972,417.5221,-0.0518,-0.2473,-0.4214,-47.137,-0.6997
20102.512640,335.041877,5.584031,376.2104,377.2322,24.0994,26.7903,-9999,-59994.03,-9999,410.7958,427.4722,417.4095,-0.0507,-0.2468,-0.4199,-46.7584,-0.6986
20108.922880,335.148715,5.585812,376.1001,377.1297,24.1059,26.7903,-9999,-59994.03,-9999,410.6905,427.3462,417.2866,-0.0532,-0.2475,-0.4196,-47.0114,-0.7031
20115.333120,335.255552,5.587593,375.9943,377.0513,24.1444,26.7947,-9999,-59994.03,-9999,410.5952,427.2195,417.1737,-0.0563,-0.2491,-0.4237,-47.424,-0.71
20121.743360,335.362389,5.589373,375.8842,376.9323,24.1338,26.8016,-9999,-59994.03,-9999,410.4699,427.0989,417.0563,-0.0565,-0.2502,-0.4243,-47.5341,-0.7124
20128.153600,335.469227,5.591154,375.7835,376.8014,24.0983,26.803,-9999,-59994.03,-9999,410.3358,426.9786,416.9358,-0.0557,-0.2532,-0.4289,-47.9958,-0.7157
20134.563840,335.576064,5.592934,375.6757,376.7166,24.1292,26.8145,-9999,-59994.03,-9999,410.2379,426.8006,416.7564,-0.0577,-0.2547,-0.4336,-48.4952,-0.7185
20140.974080,335.682901,5.594715,375.5728,376.629,24.1618,26.8223,-9999,-59994.03,-9999,410.1245,426.678,416.6429,-0.0547,-0.2527,-0.4346,-48.5892,-0.7193
20147.384320,335.789739,5.596496,375.4643,376.4901,24.12,26.8235,-9999,-59994.03,-9999,409.9873,426.5524,416.5162,-0.0543,-0.255,-0.4393,-49.0285,-0.7229
20153.794560,335.896576,5.598276,375.367,376.387,24.1167,26.8297,-9999,-59994.03,-9999,409.8772,426.4428,416.4003,-0.0534,-0.2545,-0.4369,-48.8376,-0.7226
20160.204800,336.003413,5.600057,375.2661,376.3139,24.1588,26.8396,-9999,-59994.03,-9999,409.7742,426.3183,416.2794,-0.0535,-0.2562,-0.4355,-48.938,-0.7255
20166.615040,336.110251,5.601838,375.1567,376.2068,24.1661,26.8483,-9999,-59994.03,-9999,409.6511,426.2079,416.1628,-0.0532,-0.2573,-0.4384,-49.712,-0.7366
20173.025280,336.217088,5.603618,375.0548,376.0708,24.1248,26.8502,-9999,-59994.03,-9999,409.517,426.0882,416.0451,-0.0561,-0.2602,-0.4452,-50.4752,-0.747
20179.435520,336.323925,5.605399,374.9543,375.9854,24.1426,26.8612,-9999,-59994.03,-9999,409.4155,425.9744,415.9298,-0.0571,-0.2638,-0.4465,-50.4487,-0.7459
20185.845760,336.430763,5.607179,374.8463,375.8997,24.1837,26.8684,-9999,-59994.03,-9999,409.3073,425.8633,415.8194,-0.0547,-0.2606,-0.4417,-50.06,-0.741
20192.256000,336.537600,5.608960,374.7371,375.7644,24.15,26.8728,-9999,-59994.03,-9999,409.1691,425.7475,415.7024,-0.0531,-0.2571,-0.4399,-49.5921,-0.7391
20198.666240,336.644437,5.610741,374.6348,375.6484,24.1345,26.8831,-9999,-59994.03,-9999,409.0579,425.6395,415.5873,-0.05,-0.2502,-0.4328,-49.4305,-0.7353
20205.076480,336.751275,5.612521,374.5278,375.5665,24.1738,26.8854,-9999,-59994.03,-9999,408.9561,425.5235,415.4738,-0.0472,-0.243,-0.428,-49.3374,-0.7337
20211.486720,336.858112,5.614302,374.426,375.4724,24.1906,26.8949,-9999,-59994.03,-9999,408.8429,425.4593,415.4133,-0.0478,-0.2381,-0.4241,-48.8398,-0.7338
20217.896960,336.964949,5.616082,374.3214,375.3342,24.147,26.8958,-9999,-59994.03,-9999,408.7134,425.3394,415.2964,-0.0508,-0.2398,-0.4222,-48.661,-0.7336
20224.307200,337.071787,5.617863,374.2178,375.2505,24.1846,26.905,-9999,-59994.03,-9999,408.609,425.1613,415.1183,-0.0495,-0.2372,-0.4202,-48.1789,-0.7311
20230.717440,337.178624,5.619644,374.1139,375.1524,24.1952,26.9126,-9999,-59994.03,-9999,408.4883,425.0394,415.0028,-0.0503,-0.2371,-0.4151,-47.586,-0.7256
20237.127680,337.285461,5.621424,374.005,375.0198,24.1553,26.905,-9999,-59994.03,-9999,408.3681,424.9771,414.9414,-0.0512,-0.2381,-0.4121,-47.1885,-0.7205
20243.537920,337.392299,5.623205,373.9026,374.952,24.2105,26.9089,-9999,-59994.03,-9999,408.2756,424.8561,414.8272,-0.0521,-0.2421,-0.418,-47.2457,-0.7214
20249.948160,337.499136,5.624986,373.7961,374.8287,24.1855,26.9064,-9999,-59994.03,-9999,408.1457,424.6686,414.6487,-0.0529,-0.2485,-0.4266,-47.9644,-0.726
20256.358400,337.605973,5.626766,373.6907,374.7144,24.1675,26.9144,-9999,-59994.03,-9999,408.0391,424.5487,414.5371,-0.0547,-0.2517,-0.4311,-48.7368,-0.7292
20262.768640,337.712811,5.628547,373.5855,374.6392,24.2167,26.917,-9999,-59994.03,-9999,407.9582,424.4855,414.486,-0.0572,-0.2594,-0.4408,-49.306,-0.7341
20269.178880,337.819648,5.630327,373.4812,374.5302,24.2118,26.9197,-9999,-59994.03,-9999,407.8401,424.3623,414.3676,-0.0587,-0.2643,-0.4474,-49.7642,-0.7394
20275.589120,337.926485,5.632108,373.3733,374.3965,24.1708,26.9147,-9999,-59994.03,-9999,407.775,424.2254,414.2422,-0.0574,-0.2632,-0.4455,-49.5866,-0.7404
20281.999360,338.033323,5.633889,373.2688,374.3119,24.2042,26.9193,-9999,-59994.03,-9999,407.6744,424.0978,414.1185,-0.0563,-0.2623,-0.4435,-49.5292,-0.7407
20288.409600,338.140160,5.635669,373.1616,374.2235,24.2262,26.9177,-9999,-59994.03,-9999,407.5618,423.9765,413.9986,-0.0548,-0.2622,-0.4405,-49.4331,-0.7387
20294.819840,338.246997,5.637450,373.057,374.0822,24.177,26.9188,-9999,-59994.03,-9999,407.4312,423.8476,413.873,-0.051,-0.2557,-0.4351,-48.6444,-0.7303
20301.230080,338.353835,5.639231,372.9483,374,24.2121,26.9131,-9999,-59994.03,-9999,407.3438,423.7316,413.7541,-0.0507,-0.252,-0.4326,-48.1843,-0.7299
20307.640320,338.460672,5.641011,372.8475,373.8942,24.2047,26.917,-9999,-59994.03,-9999,407.2136,423.6064,413.6338,-0.0514,-0.2469,-0.4281,-47.8572,-0.7284
20314.050560,338.567509,5.642792,372.743,373.7788,24.1964,26.9197,-9999,-59994.03,-9999,407.1164,423.4888,413.5198,-0.0498,-0.2457,-0.4284,-48.2271,-0.7293
20320.460800,338.674347,5.644572,372.6379,373.6878,24.2162,26.9236,-9999,-59994.03,-9999,406.9946,423.366,413.3924,-0.0524,-0.2488,-0.4325,-48.7276,-0.7306
20326.871040,338.781184,5.646353,372.5272,373.5553,24.1781,26.9195,-9999,-59994.03,-9999,406.8785,423.2394,413.2742,-0.0593,-0.257,-0.4397,-49.3155,-0.7354
20333.281280,338.888021,5.648134,372.4229,373.4814,24.225,26.9211,-9999,-59994.03,-9999,406.789,423.1204,413.162,-0.0616,-0.2644,-0.4489,-50.3406,-0.748
20339.691520,338.994859,5.649914,372.3192,373.3431,24.1705,26.9241,-9999,-59994.03,-9999,406.6619,422.9936,413.0475,-0.0608,-0.2673,-0.4527,-50.9398,-0.7561
20346.101760,339.101696,5.651695,372.2177,373.2785,24.2245,26.9232,-9999,-59994.03,-9999,406.5756,422.8758,412.9309,-0.0619,-0.2684,-0.4517,-50.9984,-0.7597
20352.512000,339.208533,5.653476,372.1152,373.1496,24.1821,26.9234,-9999,-59994.03,-9999,406.4361,422.7545,412.8081,-0.0622,-0.2684,-0.4532,-51.4079,-0.7641
20358.922240,339.315371,5.655256,372.0108,373.0607,24.2091,26.9241,-9999,-59994.03,-9999,406.3487,422.6315,412.6937,-0.0613,-0.2709,-0.457,-51.7407,-0.7631
20365.332480,339.422208,5.657037,371.9078,372.9568,24.2109,26.9305,-9999,-59994.03,-9999,406.2279,422.5117,412.5786,-0.0639,-0.2765,-0.4615,-51.9394,-0.7619
20371.742720,339.529045,5.658817,371.8008,372.833,24.1754,26.9246,-9999,-59994.03,-9999,406.1175,422.3937,412.4689,-0.0613,-0.2722,-0.4622,-51.834,-0.7579
20378.152960,339.635883,5.660598,371.6991,372.761,24.2255,26.922,-9999,-59994.03,-9999,406.0358,422.2762,412.3545,-0.0566,-0.268,-0.4582,-51.5312,-0.7541
20384.563200,339.742720,5.662379,371.5952,372.6428,24.1996,26.9209,-9999,-59994.03,-9999,405.9128,422.1542,412.2374,-0.0537,-0.266,-0.4568,-51.2126,-0.7525
20390.973440,339.849557,5.664159,371.4913,372.5245,24.1781,26.9121,-9999,-59994.03,-9999,405.8042,422.0329,412.113,-0.0534,-0.2642,-0.4518,-50.4946,-0.7487
20397.383680,339.956395,5.665940,371.385,372.4525,24.2243,26.9135,-9999,-59994.03,-9999,405.7009,421.9098,411.9887,-0.0545,-0.2653,-0.4516,-50.5557,-0.7468
20403.793920,340.063232,5.667721,371.2798,372.3174,24.1735,26.9142,-9999,-59994.03,-9999,405.5641,421.7839,411.8648,-0.0493,-0.2568,-0.445,-49.8316,-0.7376
20410.204160,340.170069,5.669501,371.1805,372.2234,24.1906,26.9174,-9999,-59994.03,-9999,405.4742,421.6632,411.7554,-0.0468,-0.2492,-0.4358,-48.6896,-0.7261
20416.614400,340.276907,5.671282,371.0737,372.1379,24.2139,26.9172,-9999,-59994.03,-9999,405.3684,421.5527,411.6396,-0.0467,-0.2466,-0.4308,-48.2859,-0.723
20423.024640,340.383744,5.673062,370.976,372.0023,24.1703,26.9213,-9999,-59994.03,-9999,405.2479,421.4483,411.5357,-0.0485,-0.2448,-0.4282,-47.9536,-0.7206
20429.434880,340.490581,5.674843,370.8743,371.9175,24.1927,26.9271,-9999,-59994.03,-9999,405.1546,421.3242,411.4113,-0.051,-0.2436,-0.4236,-47.548,-0.7126
20435.845120,340.597419,5.676624,370.7675,371.8322,24.2206,26.9243,-9999,-59994.03,-9999,405.0517,421.1982,411.2944,-0.048,-0.2387,-0.4174,-46.8281,-0.7069
20442.255360,340.704256,5.678404,370.6638,371.7013,24.1811,26.9167,-9999,-59994.03,-9999,404.9259,421.0764,411.1797,-0.0477,-0.2366,-0.4101,-46.17,-0.7036
20448.665600,340.811093,5.680185,370.5626,371.5963,24.1726,26.9213,-9999,-59994.03,-9999,404.8135,420.9567,411.0569,-0.0481,-0.2355,-0.4075,-45.4822,-0.6964
20455.075840,340.917931,5.681966,370.4586,371.5174,24.2088,26.9158,-9999,-59994.03,-9999,404.7152,420.8393,410.9471,-0.0476,-0.2352,-0.4044,-45.0054,-0.6926
20461.486080,341.024768,5.683746,370.3505,371.4162,24.2082,26.9073,-9999,-59994.03,-9999,404.5975,420.7144,410.8255,-0.0486,-0.2401,-0.4061,-44.9669,-0.6944
20467.896320,341.131605,5.685527,370.2501,371.2839,24.1659,26.9137,-9999,-59994.03,-9999,404.4717,420.6013,410.7102,-0.0481,-0.241,-0.4075,-45.1827,-0.696
20474.306560,341.238443,5.687307,370.1455,371.1955,24.1821,26.9057,-9999,-59994.03,-9999,404.3747,420.4826,410.5926,-0.0475,-0.2398,-0.4098,-45.4109,-0.6925
20480.716800,341.345280,5.689088,370.0467,371.1122,24.2137,26.9082,-9999,-59994.03,-9999,404.2806,420.3716,410.4772,-0.0449,-0.2342,-0.4061,-44.9092,-0.6875
20487.127040,341.452117,5.690869,369.9426,370.999,24.2068,26.9096,-9999,-59994.03,-9999,404.1623,420.2599,410.3625,-0.0438,-0.2287,-0.4001,-44.7722,-0.6852
20493.537280,341.558955,5.692649,369.8417,370.8742,24.1768,26.9041,-9999,-59994.03,-9999,404.0444,420.1423,410.2564,-0.0409,-0.2229,-0.3947,-44.4068,-0.6824
20499.947520,341.665792,5.694430,369.7414,370.7675,24.1629,26.8976,-9999,-59994.03,-9999,403.9297,420.0141,410.1307,-0.041,-0.2185,-0.3906,-44.1158,-0.6796
20506.357760,341.772629,5.696210,369.6434,370.6841,24.1844,26.8976,-9999,-59994.03,-9999,403.8398,419.8924,410.0083,-0.0481,-0.2244,-0.391,-43.5877,-0.671
20512.768000,341.879467,5.697991,369.5392,370.5977,24.2086,26.8914,-9999,-59994.03,-9999,403.7356,419.771,409.8889,-0.0482,-0.2264,-0.3857,-43.0844,-0.666
20519.178240,341.986304,5.699772,369.4349,370.4951,24.2077,26.8868,-9999,-59994.03,-9999,403.6203,419.6479,409.769,-0.0489,-0.2257,-0.3849,-43.2599,-0.6632
20525.588480,342.093141,5.701552,369.3347,370.3704,24.1793,26.8868,-9999,-59994.03,-9999,403.4999,419.5356,409.6599,-0.0495,-0.2288,-0.3896,-43.7136,-0.6651
20531.998720,342.199979,5.703333,369.2317,370.253,24.1537,26.888,-9999,-59994.03,-9999,403.3337,419.4157,409.5487,-0.0516,-0.2329,-0.3937,-43.947,-0.6683
20538.408960,342.306816,5.705114,369.1321,370.1714,24.1763,26.8921,-9999,-59994.03,-9999,403.2391,419.2909,409.4318,-0.0499,-0.2349,-0.397,-43.7573,-0.6652
20544.819200,342.413653,5.706894,369.0304,370.0854,24.2056,26.8905,-9999,-59994.03,-9999,403.1421,419.1711,409.3173,-0.0471,-0.2339,-0.3942,-43.2717,-0.6585
20551.229440,342.520491,5.708675,368.9276,369.9778,24.1952,26.89,-9999,-59994.03,-9999,403.0231,419.0589,409.2068,-0.0437,-0.2309,-0.3914,-42.7353,-0.6508
20557.639680,342.627328,5.710455,368.8292,369.8512,24.1558,26.8898,-9999,-59994.03,-9999,402.9076,418.9525,409.0984,-0.0443,-0.2282,-0.3882,-42.4802,-0.6448
20564.049920,342.734165,5.712236,368.7303,369.7626,24.1731,26.893,-9999,-59994.03,-9999,402.8064,418.84,408.9859,-0.0426,-0.226,-0.3877,-42.4162,-0.6417
20570.460160,342.841003,5.714017,368.623,369.6806,24.2001,26.8797,-9999,-59994.03,-9999,402.7098,418.7151,408.8621,-0.042,-0.2231,-0.3881,-42.5203,-0.6441
20576.870400,342.947840,5.715797,368.5198,369.5746,24.1998,26.8721,-9999,-59994.03,-9999,402.5884,418.5952,408.7395,-0.041,-0.2195,-0.3842,-42.4695,-0.6461
20583.280640,343.054677,5.717578,368.418,369.4466,24.1597,26.8725,-9999,-59994.03,-9999,402.4651,418.4772,408.6287,-0.0433,-0.2179,-0.3849,-42.5383,-0.646
20589.690880,343.161515,5.719359,368.315,369.34,24.1498,26.8698,-9999,-59994.03,-9999,402.3571,418.356,408.5131,-0.0455,-0.2236,-0.39,-42.9115,-0.6501
20596.101120,343.268352,5.721139,368.215,369.2679,24.1878,26.8707,-9999,-59994.03,-9999,402.2689,418.2492,408.4005,-0.049,-0.2306,-0.3948,-42.8434,-0.6499
20602.511360,343.375189,5.722920,368.1126,369.1602,24.1848,26.8612,-9999,-59994.03,-9999,402.1512,418.1287,408.2794,-0.0472,-0.2303,-0.3928,-42.5095,-0.646
20608.921600,343.482027,5.724700,368.0126,369.0355,24.1421,26.8555,-9999,-59994.03,-9999,402.0293,418.0121,408.1649,-0.0466,-0.228,-0.3902,-42.3063,-0.6457
20615.331840,343.588864,5.726481,367.914,368.9408,24.1514,26.8562,-9999,-59994.03,-9999,401.9305,417.8978,408.0517,-0.0419,-0.2225,-0.3833,-41.8533,-0.6414
20621.742080,343.695701,5.728262,367.8069,368.8643,24.1888,26.8546,-9999,-59994.03,-9999,401.8405,417.7797,407.9345,-0.038,-0.2143,-0.3757,-41.4296,-0.6385
20628.152320,343.802539,5.730042,367.7112,368.7547,24.1758,26.8477,-9999,-59994.03,-9999,401.7252,417.6618,407.8232,-0.0428,-0.218,-0.3758,-41.4225,-0.6402
20634.562560,343.909376,5.731823,367.6108,368.6308,24.141,26.8474,-9999,-59994.03,-9999,401.6108,417.5508,407.7074,-0.0434,-0.2195,-0.3753,-41.2158,-0.6393
20640.972800,344.016213,5.733604,367.5086,368.5598,24.1865,26.8458,-9999,-59994.03,-9999,401.527,417.4347,407.5951,-0.0402,-0.2135,-0.371,-41.0528,-0.6376
20647.383040,344.123051,5.735384,367.4075,368.4528,24.1705,26.8375,-9999,-59994.03,-9999,401.4066,417.3111,407.4772,-0.0399,-0.2129,-0.3691,-40.9196,-0.6342
20653.793280,344.229888,5.737165,367.3,368.3256,24.1329,26.8299,-9999,-59994.03,-9999,401.2888,417.1875,407.3563,-0.0398,-0.2137,-0.3704,-40.6818,-0.635
20660.203520,344.336725,5.738945,367.1998,368.2589,24.1846,26.8295,-9999,-59994.03,-9999,401.1982,417.067,407.238,-0.0366,-0.2104,-0.3656,-40.6029,-0.6362
20666.613760,344.443563,5.740726,367.0985,368.1236,24.1352,26.82,-9999,-59994.03,-9999,401.0628,416.9464,407.1153,-0.0413,-0.2121,-0.3692,-41.1062,-0.6385
20673.024000,344.550400,5.742507,366.9969,368.0452,24.1726,26.8207,-9999,-59994.03,-9999,400.9786,416.8303,407.0029,-0.0471,-0.2173,-0.3757,-41.7751,-0.6414
20679.434240,344.657237,5.744287,366.895,367.9259,24.1361,26.8145,-9999,-59994.03,-9999,400.8467,416.7129,406.8886,-0.0462,-0.2144,-0.376,-41.7456,-0.6436
20685.844480,344.764075,5.746068,366.7954,367.8415,24.1631,26.8182,-9999,-59994.03,-9999,400.7614,416.5989,406.7732,-0.0441,-0.2115,-0.37,-41.1069,-0.6382
20692.254720,344.870912,5.747849,366.6937,367.7275,24.1426,26.814,-9999,-59994.03,-9999,400.6291,416.4815,406.6549,-0.0408,-0.2078,-0.3656,-40.8561,-0.6364
20698.664960,344.977749,5.749629,366.5915,367.6344,24.1571,26.8058,-9999,-59994.03,-9999,400.5424,416.3634,406.5438,-0.0413,-0.206,-0.3661,-40.7418,-0.6355
20705.075200,345.084587,5.751410,366.4928,367.5294,24.1444,26.8085,-9999,-59994.03,-9999,400.4222,416.251,406.437,-0.0472,-0.2164,-0.3752,-41.4222,-0.6426
20711.485440,345.191424,5.753190,366.3895,367.4343,24.1564,26.806,-9999,-59994.03,-9999,400.3404,416.1474,406.3352,-0.0529,-0.2274,-0.3873,-42.6651,-0.6536
20717.895680,345.298261,5.754971,366.2908,367.3228,24.1313,26.7977,-9999,-59994.03,-9999,400.207,416.0295,406.2195,-0.0537,-0.2317,-0.3936,-43.1299,-0.6547
20724.305920,345.405099,5.756752,366.1882,367.241,24.1664,26.7988,-9999,-59994.03,-9999,400.1236,415.9182,406.1047,-0.051,-0.2323,-0.3959,-43.0317,-0.6509
20730.716160,345.511936,5.758532,366.0902,367.1201,24.1283,26.7975,-9999,-59994.03,-9999,399.9981,415.8036,406.0019,-0.0502,-0.2323,-0.3996,-43.4774,-0.6539
20737.126400,345.618773,5.760313,365.9875,367.0437,24.1689,26.7965,-9999,-59994.03,-9999,399.9154,415.6938,405.8985,-0.0481,-0.2307,-0.3985,-43.6569,-0.6582
20743.536640,345.725611,5.762094,365.8875,366.9151,24.1237,26.7952,-9999,-59994.03,-9999,399.7809,415.5775,405.7886,-0.0529,-0.2365,-0.4021,-44.1947,-0.6624
20749.946880,345.832448,5.763874,365.7827,366.8486,24.1705,26.7922,-9999,-59994.03,-9999,399.6971,415.4611,405.6764,-0.0524,-0.2397,-0.4076,-45.0049,-0.6683
20756.357120,345.939285,5.765655,365.6877,366.7211,24.1225,26.7908,-9999,-59994.03,-9999,399.5585,415.3339,405.5603,-0.0508,-0.2417,-0.4125,-45.4756,-0.6735
20762.767360,346.046123,5.767435,365.5835,366.6484,24.1698,26.7797,-9999,-59994.03,-9999,399.4789,415.22,405.4477,-0.0538,-0.2448,-0.4137,-45.949,-0.6804
20769.177600,346.152960,5.769216,365.4897,366.5209,24.1223,26.7786,-9999,-59994.03,-9999,399.3421,415.1058,405.3338,-0.0568,-0.248,-0.4199,-46.9656,-0.6897
20775.587840,346.259797,5.770997,365.388,366.455,24.1701,26.7708,-9999,-59994.03,-9999,399.2612,414.9958,405.2298,-0.0553,-0.2487,-0.422,-47.2577,-0.6938
20781.998080,346.366635,5.772777,365.2893,366.3198,24.1184,26.768,-9999,-59994.03,-9999,399.1308,414.8812,405.1154,-0.0546,-0.2479,-0.4203,-46.6165,-0.688
20788.408320,346.473472,5.774558,365.1862,366.2564,24.1666,26.7661,-9999,-59994.03,-9999,399.0477,414.7701,405.0074,-0.0495,-0.242,-0.4139,-45.6707,-0.6821
20794.818560,346.580309,5.776338,365.0857,366.1267,24.1188,26.7638,-9999,-59994.03,-9999,398.9146,414.653,404.8869,-0.0479,-0.238,-0.4135,-45.9797,-0.6849
20801.228800,346.687147,5.778119,364.9846,366.0524,24.1618,26.7599,-9999,-59994.03,-9999,398.8238,414.5408,404.7765,-0.0454,-0.2354,-0.4117,-45.6823,-0.6794
20807.639040,346.793984,5.779900,364.8846,365.9254,24.1214,26.7565,-9999,-59994.03,-9999,398.6991,414.4335,404.6645,-0.0455,-0.2337,-0.409,-45.46,-0.6763
20814.049280,346.900821,5.781680,364.7815,365.8365,24.141,26.7588,-9999,-59994.03,-9999,398.6144,414.3274,404.559,-0.047,-0.2339,-0.41,-45.6471,-0.6794
20820.459520,347.007659,5.783461,364.6828,365.7378,24.1387,26.7523,-9999,-59994.03,-9999,398.4918,414.2042,404.4494,-0.0446,-0.2282,-0.403,-44.9742,-0.6738
20826.869760,347.114496,5.785242,364.5812,365.6227,24.1154,26.7558,-9999,-59994.03,-9999,398.394,414.1021,404.3443,-0.0387,-0.2192,-0.3948,-44.0346,-0.6642
20833.280000,347.221333,5.787022,364.4823,365.5531,24.1601,26.7537,-9999,-59994.03,-9999,398.3011,413.98,404.2279,-0.04,-0.219,-0.3882,-43.5837,-0.6614
20839.690240,347.328171,5.788803,364.3817,365.4205,24.1054,26.7496,-9999,-59994.03,-9999,398.1747,413.8667,404.1131,-0.0429,-0.2167,-0.3819,-43.0102,-0.6579
20846.100480,347.435008,5.790583,364.2774,365.3405,24.1345,26.7498,-9999,-59994.03,-9999,398.0924,413.7525,403.9996,-0.0425,-0.2169,-0.3804,-42.4591,-0.6547
20852.510720,347.541845,5.792364,364.1763,365.2444,24.1405,26.7445,-9999,-59994.03,-9999,397.9755,413.6374,403.8854,-0.0432,-0.2168,-0.379,-42.214,-0.6553
20858.920960,347.648683,5.794145,364.0747,365.1165,24.0939,26.7406,-9999,-59994.03,-9999,397.8566,413.5234,403.7737,-0.0419,-0.2124,-0.3766,-41.9388,-0.653
20865.331200,347.755520,5.795925,363.976,365.0522,24.1493,26.7433,-9999,-59994.03,-9999,397.7659,413.4147,403.6613,-0.0398,-0.2125,-0.3769,-42.3,-0.6545
20871.741440,347.862357,5.797706,363.8771,364.9307,24.1165,26.744,-9999,-59994.03,-9999,397.641,413.3005,403.548,-0.0392,-0.2137,-0.3778,-42.2067,-0.6553
20878.151680,347.969195,5.799487,363.7737,364.834,24.1221,26.7369,-9999,-59994.03,-9999,397.5488,413.186,403.4373,-0.0395,-0.217,-0.3784,-42.1819,-0.6566
20884.561920,348.076032,5.801267,363.6746,364.7395,24.1287,26.7339,-9999,-59994.03,-9999,397.4341,413.0782,403.3258,-0.0444,-0.2222,-0.3828,-42.3623,-0.658
20890.972160,348.182869,5.803048,363.5713,364.6184,24.1045,26.7305,-9999,-59994.03,-9999,397.2736,412.9671,403.2182,-0.0471,-0.2196,-0.3816,-42.4934,-0.6596
20897.382400,348.289707,5.804828,363.4774,364.5442,24.1373,26.7323,-9999,-59994.03,-9999,397.1666,412.8495,403.1042,-0.049,-0.2215,-0.3842,-42.649,-0.6606
20903.792640,348.396544,5.806609,363.3716,364.4166,24.0967,26.7325,-9999,-59994.03,-9999,397.0556,412.7232,402.9874,-0.046,-0.2188,-0.38,-41.9768,-0.653
20910.202880,348.503381,5.808390,363.2731,364.3499,24.141,26.7323,-9999,-59994.03,-9999,396.9592,412.6139,402.875,-0.0447,-0.2166,-0.372,-41.046,-0.6414
20916.613120,348.610219,5.810170,363.1733,364.2155,24.0897,26.727,-9999,-59994.03,-9999,396.84,412.4996,402.7584,-0.0448,-0.2139,-0.3668,-40.3308,-0.6312
20923.023360,348.717056,5.811951,363.0768,364.1578,24.1461,26.7316,-9999,-59994.03,-9999,396.7542,412.3894,402.6523,-0.046,-0.215,-0.3676,-40.2878,-0.6306
20929.433600,348.823893,5.813732,362.9706,364.0143,24.0867,26.7258,-9999,-59994.03,-9999,396.6162,412.2103,402.4732,-0.0461,-0.219,-0.3731,-40.8844,-0.6322
20935.843840,348.930731,5.815512,362.8781,363.9407,24.1313,26.7268,-9999,-59994.03,-9999,396.5388,412.0961,402.3625,-0.0479,-0.2232,-0.3792,-41.8155,-0.6373
20942.254080,349.037568,5.817293,362.7761,363.8256,24.0916,26.7201,-9999,-59994.03,-9999,396.4097,412.0445,402.3122,-0.0503,-0.2256,-0.3834,-42.2612,-0.6432
20948.664320,349.144405,5.819073,362.676,363.744,24.2213,26.6929,-9999,-59994.03,-9999,396.3241,411.9265,402.2037,-0.0486,-0.2285,-0.3843,-42.0741,-0.6459
20955.074560,349.251243,5.820854,362.5107,363.5539,24.0283,26.6466,-9999,-59994.03,-9999,396.1804,411.7525,402.0263,-0.0457,-0.2276,-0.3819,-41.9341,-0.6458
20961.484800,349.358080,5.822635,362.4096,363.4658,24.0523,26.644,-9999,-59994.03,-9999,396.0952,411.6541,401.9231,-0.0451,-0.2255,-0.3782,-41.7147,-0.6441
20967.895040,349.464917,5.824415,362.3073,363.3538,24.034,26.6367,-9999,-59994.03,-9999,395.9606,411.5392,401.8065,-0.0451,-0.2265,-0.3818,-41.7435,-0.6448
20974.305280,349.571755,5.826196,362.2088,363.256,24.044,26.6387,-9999,-59994.03,-9999,395.8701,411.4238,401.6982,-0.0477,-0.229,-0.3844,-41.7692,-0.6465
20980.715520,349.678592,5.827977,362.109,363.1577,24.0319,26.6281,-9999,-59994.03,-9999,395.7438,411.3107,401.5873,-0.0477,-0.2285,-0.3791,-41.4409,-0.6478
20987.125760,349.785429,5.829757,362.0074,363.0515,24.0405,26.6325,-9999,-59994.03,-9999,395.648,411.2063,401.4799,-0.0456,-0.2243,-0.376,-41.268,-0.645
20993.536000,349.892267,5.831538,361.9087,362.9552,24.0331,26.6463,-9999,-59994.03,-9999,395.5174,411.098,401.3734,-0.0469,-0.2239,-0.3791,-41.6856,-0.6437
20999.946240,349.999104,5.833318,361.8051,362.8507,24.0414,26.6367,-9999,-59994.03,-9999,395.4262,410.9864,401.2628,-0.0449,-0.2212,-0.3792,-41.7534,-0.6429
21006.356480,350.105941,5.835099,361.709,362.7505,24.0398,26.6394,-9999,-59994.03,-9999,395.3008,410.8653,401.1448,-0.0377,-0.2145,-0.3749,-41.778,-0.6459
21012.766720,350.212779,5.836880,361.6012,362.6382,24.0347,26.644,-9999,-59994.03,-9999,395.1956,410.752,401.031,-0.0405,-0.2161,-0.3753,-42.0756,-0.6455
21019.176960,350.319616,5.838660,361.5022,362.5426,24.0451,26.6443,-9999,-59994.03,-9999,395.0662,410.6518,400.9141,-0.0445,-0.2187,-0.3781,-42.1112,-0.6468
21025.587200,350.426453,5.840441,361.3993,362.4261,24.0308,26.6447,-9999,-59994.03,-9999,394.9642,410.532,400.7983,-0.0445,-0.2177,-0.3771,-41.9173,-0.6427
21031.997440,350.533291,5.842222,361.3021,362.3536,24.0571,26.6544,-9999,-59994.03,-9999,394.8521,410.4184,400.6857,-0.0385,-0.2092,-0.3709,-41.1031,-0.6347
21038.407680,350.640128,5.844002,361.1965,362.2298,24.0301,26.6634,-9999,-59994.03,-9999,394.7378,410.3086,400.5712,-0.0351,-0.2014,-0.3611,-40.2235,-0.6285
21044.817920,350.746965,5.845783,361.1033,362.173,24.0855,26.6733,-9999,-59994.03,-9999,394.6539,410.1932,400.4594,-0.0359,-0.197,-0.3546,-39.4141,-0.6197
21051.228160,350.853803,5.847563,360.9979,362.0322,24.0296,26.6742,-9999,-59994.03,-9999,394.5267,410.0824,400.3485,-0.0334,-0.1924,-0.3472,-38.466,-0.6068
21057.638400,350.960640,5.849344,360.8972,361.9661,24.0832,26.6866,-9999,-59994.03,-9999,394.4371,409.9691,400.2351,-0.0327,-0.1882,-0.3431,-37.8961,-0.599
21064.048640,351.067477,5.851125,360.8009,361.8591,24.0767,26.6949,-9999,-59994.03,-9999,394.3155,409.8524,400.1248,-0.033,-0.1878,-0.3415,-37.6041,-0.5962
21070.458880,351.174315,5.852905,360.6984,361.7365,24.043,26.7062,-9999,-59994.03,-9999,394.2002,409.7433,400.0135,-0.034,-0.1888,-0.3378,-37.3358,-0.5949
21076.869120,351.281152,5.854686,360.5965,361.6628,24.0848,26.7168,-9999,-59994.03,-9999,394.115,409.6249,399.8979,-0.0378,-0.1917,-0.3371,-37.537,-0.5999
21083.279360,351.387989,5.856466,360.5,361.5683,24.0994,26.7244,-9999,-59994.03,-9999,393.9989,409.5152,399.7827,-0.042,-0.1967,-0.343,-38.0007,-0.6043
21089.689600,351.494827,5.858247,360.3969,361.4321,24.0543,26.7288,-9999,-59994.03,-9999,393.8658,409.399,399.665,-0.0421,-0.1965,-0.3445,-37.7789,-0.6013
21096.099840,351.601664,5.860028,360.3012,361.3469,24.0788,26.7348,-9999,-59994.03,-9999,393.7688,409.277,399.5523,-0.0395,-0.1964,-0.3419,-37.2571,-0.5974
21102.510080,351.708501,5.861808,360.1925,361.2694,24.1102,26.7373,-9999,-59994.03,-9999,393.6679,409.1552,399.4422,-0.0401,-0.1989,-0.3433,-37.2605,-0.5969
21108.920320,351.815339,5.863589,360.0991,361.1412,24.0673,26.7479,-9999,-59994.03,-9999,393.6006,409.0471,399.3385,-0.0455,-0.2058,-0.3523,-37.909,-0.5991
21115.330560,351.922176,5.865370,360.0007,361.0518,24.0855,26.7513,-9999,-59994.03,-9999,393.5088,408.9306,399.2263,-0.0489,-0.2138,-0.3608,-38.5527,-0.602
21121.740800,352.029013,5.867150,359.9561,361.0332,24.1823,26.817,-9999,-59994.03,-9999,393.4088,408.8158,399.1144,-0.0493,-0.2198,-0.3705,-39.4906,-0.6055
21128.151040,352.135851,5.868931,359.8585,360.9063,24.1426,26.8235,-9999,-59994.03,-9999,393.2772,408.6971,399.0035,-0.0488,-0.2225,-0.3729,-39.9751,-0.6131
21134.561280,352.242688,5.870711,359.7546,360.806,24.1447,26.8239,-9999,-59994.03,-9999,393.1747,408.5727,398.883,-0.0524,-0.2293,-0.3812,-41.2938,-0.6257
21140.971520,352.349525,5.872492,359.6566,360.7323,24.1874,26.8265,-9999,-59994.03,-9999,393.0787,408.4555,398.7732,-0.0527,-0.2349,-0.3882,-41.8375,-0.6303
21147.381760,352.456363,5.874273,359.5551,360.6016,24.1375,26.8223,-9999,-59994.03,-9999,392.9449,408.3401,398.6538,-0.0499,-0.2351,-0.3917,-42.1212,-0.6341
21153.792000,352.563200,5.876053,359.4522,360.5211,24.1708,26.8207,-9999,-59994.03,-9999,392.8649,408.2186,398.549,-0.0514,-0.2403,-0.3989,-42.6122,-0.6401
21160.202240,352.670037,5.877834,359.3589,360.4199,24.1687,26.8262,-9999,-59994.03,-9999,392.7426,408.1104,398.4387,-0.0508,-0.2451,-0.4071,-43.2849,-0.648
21166.612480,352.776875,5.879615,359.2556,360.3102,24.1537,26.8207,-9999,-59994.03,-9999,392.6404,407.9933,398.3264,-0.0488,-0.2423,-0.4037,-43.146,-0.6483
21173.022720,352.883712,5.881395,359.159,360.239,24.2003,26.8262,-9999,-59994.03,-9999,392.5375,407.8831,398.2159,-0.0447,-0.2349,-0.3949,-42.7731,-0.646
21179.432960,352.990549,5.883176,359.0627,360.1025,24.1518,26.8226,-9999,-59994.03,-9999,392.4109,407.7745,398.1089,-0.0488,-0.2343,-0.3973,-43.181,-0.6505
21185.843200,353.097387,5.884956,358.9619,360.0171,24.168,26.8191,-9999,-59994.03,-9999,392.314,407.6595,397.9964,-0.0511,-0.2331,-0.3948,-43.2653,-0.655
21192.253440,353.204224,5.886737,358.864,359.937,24.1989,26.8161,-9999,-59994.03,-9999,392.2148,407.5525,397.8854,-0.0566,-0.24,-0.3987,-43.8728,-0.6626
21198.663680,353.311061,5.888518,358.7622,359.8161,24.1705,26.8133,-9999,-59994.03,-9999,392.0947,407.4479,397.7804,-0.059,-0.2488,-0.4075,-44.2533,-0.6651
21205.073920,353.417899,5.890298,358.6703,359.7069,24.1518,26.8161,-9999,-59994.03,-9999,391.9807,407.3293,397.663,-0.0569,-0.249,-0.4084,-44.4434,-0.667
21211.484160,353.524736,5.892079,358.5673,359.6288,24.1798,26.812,-9999,-59994.03,-9999,391.8864,407.2139,397.5492,-0.055,-0.2449,-0.4095,-44.8454,-0.67
21217.894400,353.631573,5.893860,358.4677,359.5444,24.2026,26.811,-9999,-59994.03,-9999,391.7879,407.1007,397.4406,-0.056,-0.249,-0.4175,-45.4182,-0.6744
21224.304640,353.738411,5.895640,358.3669,359.4219,24.1738,26.8064,-9999,-59994.03,-9999,391.6718,407.0522,397.3898,-0.0553,-0.2555,-0.427,-46.3871,-0.6838
21230.714880,353.845248,5.897421,358.2672,359.3112,24.1502,26.8062,-9999,-59994.03,-9999,391.5565,406.9281,397.2711,-0.0557,-0.2597,-0.4322,-46.855,-0.6894
21237.125120,353.952085,5.899201,358.1696,359.2395,24.1888,26.7972,-9999,-59994.03,-9999,391.471,406.8142,397.1616,-0.0563,-0.259,-0.4307,-46.9301,-0.6895
21243.535360,354.058923,5.900982,358.0712,359.1445,24.1978,26.7986,-9999,-59994.03,-9999,391.3606,406.6944,397.0486,-0.0551,-0.2536,-0.4252,-46.6927,-0.6912
21249.945600,354.165760,5.902763,357.9706,359.02,24.1548,26.8002,-9999,-59994.03,-9999,391.2419,406.5831,396.9385,-0.0528,-0.2507,-0.4238,-46.7572,-0.6927
21256.355840,354.272597,5.904543,357.8688,358.935,24.1821,26.7947,-9999,-59994.03,-9999,391.1516,406.46,396.8218,-0.0554,-0.2539,-0.4264,-47.1458,-0.6947
21262.766080,354.379435,5.906324,357.7729,358.8507,24.1989,26.7954,-9999,-59994.03,-9999,391.0414,406.341,396.7123,-0.0521,-0.2499,-0.4236,-46.9157,-0.6926
21269.176320,354.486272,5.908105,357.6748,358.722,24.156,26.7906,-9999,-59994.03,-9999,390.9259,406.2258,396.6011,-0.05,-0.2408,-0.4173,-46.3614,-0.6904
21275.586560,354.593109,5.909885,357.5753,358.6607,24.2051,26.779,-9999,-59994.03,-9999,390.8325,406.1101,396.4837,-0.0499,-0.2357,-0.4123,-45.9596,-0.6913
21281.996800,354.699947,5.911666,357.4725,358.5242,24.1458,26.7751,-9999,-59994.03,-9999,390.7107,405.9989,396.3758,-0.0519,-0.2392,-0.4104,-46.0661,-0.6913
21288.407040,354.806784,5.913446,357.3771,358.4618,24.2005,26.7754,-9999,-59994.03,-9999,390.6228,405.8792,396.2604,-0.0514,-0.2374,-0.4058,-45.5616,-0.6838
21294.817280,354.913621,5.915227,357.2792,358.3384,24.1599,26.7733,-9999,-59994.03,-9999,390.496,405.7673,396.148,-0.0489,-0.2354,-0.4062,-45.2184,-0.6802
21301.227520,355.020459,5.917008,357.1848,358.2476,24.1643,26.7825,-9999,-59994.03,-9999,390.4096,405.6565,396.047,-0.051,-0.2377,-0.4048,-45.0528,-0.6784
21307.637760,355.127296,5.918788,357.0845,358.1708,24.2042,26.782,-9999,-59994.03,-9999,390.314,405.5408,395.9315,-0.049,-0.2324,-0.3989,-44.8896,-0.6772
21314.048000,355.234133,5.920569,356.9813,358.0365,24.1468,26.7756,-9999,-59994.03,-9999,390.1832,405.4233,395.8201,-0.0449,-0.2257,-0.3948,-44.7769,-0.6808
21320.458240,355.340971,5.922350,356.8805,357.9586,24.18,26.7784,-9999,-59994.03,-9999,390.0986,405.307,395.7025,-0.0452,-0.224,-0.394,-44.6563,-0.6801
21326.868480,355.447808,5.924130,356.7845,357.8589,24.1652,26.782,-9999,-59994.03,-9999,389.9769,405.2017,395.5972,-0.0462,-0.2244,-0.3902,-44.0405,-0.673
21333.278720,355.554645,5.925911,356.6882,357.7524,24.1613,26.7857,-9999,-59994.03,-9999,389.8872,405.0979,395.4954,-0.0425,-0.2197,-0.387,-43.5879,-0.6699
21339.688960,355.661483,5.927691,356.5925,357.6707,24.1841,26.7889,-9999,-59994.03,-9999,389.7823,404.9939,395.3897,-0.0422,-0.2156,-0.3837,-43.6068,-0.6723
21346.099200,355.768320,5.929472,356.4908,357.5482,24.1509,26.7862,-9999,-59994.03,-9999,389.6795,404.8843,395.2776,-0.0438,-0.2123,-0.3803,-43.8185,-0.6721
21352.509440,355.875157,5.931253,356.3898,357.4798,24.1897,26.7862,-9999,-59994.03,-9999,389.5817,404.7678,395.1656,-0.0459,-0.2141,-0.3805,-43.9271,-0.6739
21358.919680,355.981995,5.933033,356.2957,357.3442,24.1373,26.7834,-9999,-59994.03,-9999,389.4703,404.6452,395.0544,-0.048,-0.2179,-0.3824,-44.224,-0.6766
21365.329920,356.088832,5.934814,356.2033,357.2849,24.1925,26.7827,-9999,-59994.03,-9999,389.3813,404.541,394.9529,-0.0516,-0.221,-0.3868,-44.5703,-0.6803
21371.740160,356.195669,5.936594,356.1045,357.149,24.1371,26.7793,-9999,-59994.03,-9999,389.2575,404.4147,394.8352,-0.0541,-0.2272,-0.3943,-44.7725,-0.6838
21378.150400,356.302507,5.938375,356.0086,357.0927,24.1906,26.771,-9999,-59994.03,-9999,389.176,404.3116,394.7284,-0.0513,-0.2303,-0.3966,-44.93,-0.6832
21384.560640,356.409344,5.940156,355.9095,356.9581,24.1398,26.7733,-9999,-59994.03,-9999,389.0529,404.2011,394.6134,-0.0466,-0.2277,-0.3942,-44.4888,-0.6795
21390.970880,356.516181,5.941936,355.8099,356.8871,24.1781,26.7671,-9999,-59994.03,-9999,388.9727,404.0857,394.501,-0.0449,-0.2238,-0.3878,-43.7759,-0.6727
21397.381120,356.623019,5.943717,355.7199,356.7898,24.1731,26.7712,-9999,-59994.03,-9999,388.8585,403.9825,394.3992,-0.0425,-0.2204,-0.3861,-43.3803,-0.6663
21403.791360,356.729856,5.945498,355.6216,356.6724,24.1343,26.7673,-9999,-59994.03,-9999,388.7562,403.865,394.2926,-0.0441,-0.2205,-0.3835,-42.9771,-0.6592
21410.201600,356.836693,5.947278,355.5259,356.6098,24.1853,26.7684,-9999,-59994.03,-9999,388.6676,403.7458,394.1736,-0.0489,-0.2225,-0.3841,-43.288,-0.658
21416.611840,356.943531,5.949059,355.4302,356.5125,24.1858,26.7636,-9999,-59994.03,-9999,388.5569,403.6334,394.0659,-0.049,-0.2234,-0.3867,-43.6881,-0.6636
21423.022080,357.050368,5.950839,355.3342,356.3893,24.1442,26.7632,-9999,-59994.03,-9999,388.4424,403.532,393.9621,-0.0452,-0.2185,-0.3843,-43.6557,-0.664
21429.432320,357.157205,5.952620,355.2383,356.312,24.1742,26.7556,-9999,-59994.03,-9999,388.3558,403.4233,393.8617,-0.045,-0.2202,-0.3874,-43.5856,-0.666
21435.842560,357.264043,5.954401,355.1444,356.219,24.1745,26.7537,-9999,-59994.03,-9999,388.2442,403.301,393.7458,-0.0466,-0.2248,-0.3894,-43.5213,-0.6671
21442.252800,357.370880,5.956181,355.0453,356.1058,24.1495,26.7468,-9999,-59994.03,-9999,388.1496,403.1974,393.6433,-0.0469,-0.2238,-0.3873,-43.5369,-0.6665
21448.663040,357.477717,5.957962,354.9516,356.0385,24.1867,26.7468,-9999,-59994.03,-9999,388.0471,403.0786,393.5276,-0.0495,-0.223,-0.3857,-43.2476,-0.6625
21455.073280,357.584555,5.959743,354.8539,355.9057,24.1396,26.7459,-9999,-59994.03,-9999,387.9439,402.9767,393.4265,-0.0469,-0.2183,-0.3813,-42.8238,-0.6567
21461.483520,357.691392,5.961523,354.7624,355.8473,24.1901,26.748,-9999,-59994.03,-9999,387.8561,402.8535,393.3214,-0.0463,-0.2164,-0.3816,-42.6616,-0.6538
21467.893760,357.798229,5.963304,354.6614,355.7157,24.1371,26.7404,-9999,-59994.03,-9999,387.7432,402.7486,393.2086,-0.0484,-0.2199,-0.3838,-42.4823,-0.6577
21474.304000,357.905067,5.965084,354.5701,355.6551,24.1862,26.7408,-9999,-59994.03,-9999,387.6548,402.6353,393.1008,-0.0493,-0.2213,-0.3844,-42.5926,-0.6607
21480.714240,358.011904,5.966865,354.4717,355.5211,24.1343,26.73,-9999,-59994.03,-9999,387.5395,402.5204,392.9862,-0.0491,-0.2241,-0.3856,-42.5647,-0.6552
21487.124480,358.118741,5.968646,354.38,355.4561,24.1816,26.733,-9999,-59994.03,-9999,387.4435,402.4016,392.8787,-0.045,-0.2217,-0.386,-42.4847,-0.6531
21493.534720,358.225579,5.970426,354.2801,355.3364,24.1468,26.7226,-9999,-59994.03,-9999,387.3454,402.2924,392.7714,-0.0476,-0.2277,-0.3934,-42.9693,-0.6564
21499.944960,358.332416,5.972207,354.1895,355.2611,24.1664,26.7249,-9999,-59994.03,-9999,387.23,402.1804,392.6565,-0.0481,-0.2309,-0.3978,-43.566,-0.6609
21506.355200,358.439253,5.973988,354.0884,355.1534,24.1581,26.7196,-9999,-59994.03,-9999,387.1441,402.0704,392.5415,-0.0462,-0.2312,-0.4004,-44.1087,-0.6653
21512.765440,358.546091,5.975768,353.9993,355.065,24.1555,26.7224,-9999,-59994.03,-9999,387.0214,401.9589,392.4397,-0.0448,-0.2271,-0.3963,-43.767,-0.6624
21519.175680,358.652928,5.977549,353.898,354.9587,24.1521,26.7164,-9999,-59994.03,-9999,386.9352,401.8552,392.3301,-0.0472,-0.2244,-0.391,-43.1739,-0.6583
21525.585920,358.759765,5.979329,353.8034,354.8818,24.1712,26.7176,-9999,-59994.03,-9999,386.8221,401.7441,392.2193,-0.0461,-0.2218,-0.3859,-42.8826,-0.6566
21531.996160,358.866603,5.981110,353.7064,354.7548,24.1262,26.7134,-9999,-59994.03,-9999,386.7195,401.6418,392.1177,-0.0439,-0.2193,-0.3835,-42.5328,-0.6534
21538.406400,358.973440,5.982891,353.6111,354.6926,24.1786,26.7127,-9999,-59994.03,-9999,386.6364,401.5234,392.0121,-0.0441,-0.2178,-0.3818,-42.0562,-0.6502
21544.816640,359.080277,5.984671,353.5211,354.5798,24.1484,26.712,-9999,-59994.03,-9999,386.5152,401.4206,391.9026,-0.0414,-0.2152,-0.3801,-41.8502,-0.6475
21551.226880,359.187115,5.986452,353.4225,354.4708,24.1262,26.7088,-9999,-59994.03,-9999,386.4189,401.3077,391.7961,-0.041,-0.2131,-0.3793,-42.0288,-0.6468
21557.637120,359.293952,5.988233,353.3243,354.4015,24.1724,26.7005,-9999,-59994.03,-9999,386.3313,401.1955,391.6844,-0.0429,-0.2131,-0.3794,-42.2785,-0.646
21564.047360,359.400789,5.990013,353.2328,354.2986,24.1491,26.7014,-9999,-59994.03,-9999,386.21,401.0925,391.5766,-0.0519,-0.2232,-0.3858,-42.4995,-0.648
21570.457600,359.507627,5.991794,353.1386,354.1858,24.123,26.7014,-9999,-59994.03,-9999,386.1076,400.9849,391.4715,-0.0522,-0.2254,-0.3854,-42.1537,-0.6468
21576.867840,359.614464,5.993574,353.04,354.1139,24.156,26.7012,-9999,-59994.03,-9999,386.0197,400.8707,391.3597,-0.0485,-0.2214,-0.3786,-41.165,-0.6378
21583.278080,359.721301,5.995355,352.9398,354.0246,24.1684,26.6968,-9999,-59994.03,-9999,385.9149,400.7635,391.248,-0.0444,-0.2169,-0.3721,-40.5759,-0.6325
21589.688320,359.828139,5.997136,352.8454,353.9055,24.1336,26.6899,-9999,-59994.03,-9999,385.8012,400.6528,391.1408,-0.0389,-0.2104,-0.3658,-40.2252,-0.629
21596.098560,359.934976,5.998916,352.7492,353.7974,24.1112,26.6906,-9999,-59994.03,-9999,385.7004,400.5494,391.0392,-0.0414,-0.2109,-0.3682,-40.7762,-0.6302
21602.508800,360.041813,6.000697,352.6604,353.7156,24.1271,26.6835,-9999,-59994.03,-9999,385.6049,400.4314,390.9268,-0.0454,-0.213,-0.3735,-41.2432,-0.6331
21608.919040,360.148651,6.002478,352.5587,353.639,24.1537,26.6814,-9999,-59994.03,-9999,385.5183,400.3154,390.8201,-0.0444,-0.2126,-0.3726,-40.9243,-0.631
21615.329280,360.255488,6.004258,352.46,353.5346,24.1461,26.6724,-9999,-59994.03,-9999,385.4095,400.2078,390.7139,-0.0424,-0.2127,-0.3708,-40.7085,-0.6282
21621.739520,360.362325,6.006039,352.36,353.4165,24.111,26.671,-9999,-59994.03,-9999,385.2968,400.0984,390.6094,-0.0454,-0.2134,-0.368,-40.2755,-0.6242
21628.149760,360.469163,6.007819,352.2687,353.3127,24.0962,26.6745,-9999,-59994.03,-9999,385.1933,399.9821,390.4967,-0.0431,-0.2089,-0.3655,-39.8343,-0.617
21634.560000,360.576000,6.009600,352.1774,353.2401,24.1184,26.6775,-9999,-59994.03,-9999,385.1068,399.8727,390.3889,-0.0384,-0.202,-0.3609,-39.253,-0.611
21640.970240,360.682837,6.011381,352.0783,353.1584,24.1465,26.6766,-9999,-59994.03,-9999,385.0122,399.7664,390.2862,-0.0302,-0.1936,-0.351,-38.2603,-0.6031
21647.380480,360.789675,6.013161,351.9855,353.0551,24.1343,26.6685,-9999,-59994.03,-9999,384.8968,399.6548,390.1764,-0.0293,-0.19,-0.3421,-37.3684,-0.5942
21653.790720,360.896512,6.014942,351.8849,352.9371,24.095,26.6648,-9999,-59994.03,-9999,384.7865,399.5421,390.0697,-0.0316,-0.1861,-0.335,-36.5514,-0.5846
21660.200960,361.003349,6.016722,351.7862,352.8487,24.1089,26.666,-9999,-59994.03,-9999,384.698,399.429,389.9597,-0.0323,-0.183,-0.3273,-35.7977,-0.5778
21666.611200,361.110187,6.018503,351.6964,352.7832,24.1451,26.6591,-9999,-59994.03,-9999,384.6116,399.3238,389.8585,-0.0352,-0.1879,-0.3289,-35.7188,-0.5726
21673.021440,361.217024,6.020284,351.5967,352.6646,24.1107,26.6496,-9999,-59994.03,-9999,384.4908,399.2057,389.7478,-0.0358,-0.1905,-0.3339,-35.4458,-0.5678
21679.431680,361.323861,6.022064,351.5071,352.5608,24.0953,26.6524,-9999,-59994.03,-9999,384.3891,399.0946,389.6356,-0.0333,-0.1887,-0.3313,-35.3083,-0.5657
21685.841920,361.430699,6.023845,351.4094,352.4951,24.1417,26.6473,-9999,-59994.03,-9999,384.3084,398.9821,389.5282,-0.031,-0.1838,-0.3264,-35.1078,-0.5645
21692.252160,361.537536,6.025626,351.3141,352.3789,24.1064,26.6358,-9999,-59994.03,-9999,384.1881,398.876,389.4235,-0.0324,-0.184,-0.3296,-35.4703,-0.5653
21698.662400,361.644373,6.027406,351.219,352.2742,24.0907,26.6374,-9999,-59994.03,-9999,384.0309,398.7734,389.319,-0.0322,-0.1845,-0.3309,-35.4056,-0.5634
21705.072640,361.751211,6.029187,351.1277,352.2112,24.1345,26.633,-9999,-59994.03,-9999,383.9486,398.662,389.209,-0.0339,-0.1861,-0.3294,-35.4309,-0.5614
21711.482880,361.858048,6.030967,351.029,352.1016,24.1066,26.6319,-9999,-59994.03,-9999,383.8237,398.5506,389.0967,-0.0368,-0.1883,-0.3319,-35.6699,-0.5647
21717.893120,361.964885,6.032748,350.9375,351.9928,24.0872,26.625,-9999,-59994.03,-9999,383.7261,398.4365,388.9876,-0.0434,-0.1981,-0.3431,-36.7675,-0.577
21724.303360,362.071723,6.034529,350.8439,351.9286,24.1334,26.6241,-9999,-59994.03,-9999,383.6313,398.3388,388.8839,-0.0431,-0.2021,-0.3506,-37.7378,-0.5848
21730.713600,362.178560,6.036309,350.7488,351.7959,24.0768,26.6139,-9999,-59994.03,-9999,383.5083,398.2241,388.7739,-0.0424,-0.2006,-0.3506,-37.6582,-0.5823
21737.123840,362.285397,6.038090,350.593,351.6786,24.0677,26.5524,-9999,-59994.03,-9999,383.4287,398.1087,388.6685,-0.0417,-0.2036,-0.3539,-37.8469,-0.5835
21743.534080,362.392235,6.039871,350.4975,351.55,24.0167,26.5524,-9999,-59994.03,-9999,383.3011,397.9999,388.5594,-0.0404,-0.2063,-0.3591,-38.6512,-0.5878
21749.944320,362.499072,6.041651,350.4597,351.5351,24.116,26.6082,-9999,-59994.03,-9999,383.2217,397.8918,388.4484,-0.0422,-0.2101,-0.3664,-39.7053,-0.6013
21756.354560,362.605909,6.043432,350.3728,351.432,24.0918,26.6112,-9999,-59994.03,-9999,383.1014,397.7806,388.3395,-0.0428,-0.2082,-0.3673,-40.1763,-0.609
21762.764800,362.712747,6.045212,350.274,351.3389,24.0957,26.6024,-9999,-59994.03,-9999,383.0136,397.6818,388.2356,-0.0431,-0.2054,-0.3665,-40.3308,-0.6143
21769.175040,362.819584,6.046993,350.1784,351.2531,24.1034,26.5987,-9999,-59994.03,-9999,382.8959,397.5692,388.1324,-0.0449,-0.2077,-0.3731,-41.0207,-0.621
21775.585280,362.926421,6.048774,350.0213,351.0803,24.0204,26.5273,-9999,-59994.03,-9999,382.8046,397.4616,388.0257,-0.0448,-0.21,-0.3741,-41.3405,-0.6285
21781.995520,363.033259,6.050554,349.929,351.0003,24.0368,26.5231,-9999,-59994.03,-9999,382.6953,397.3669,387.9265,-0.0455,-0.2146,-0.378,-41.862,-0.6375
21788.405760,363.140096,6.052335,349.8306,350.8885,24.0169,26.5194,-9999,-59994.03,-9999,382.5947,397.259,387.8173,-0.0459,-0.2176,-0.3769,-42.0564,-0.6414
21794.816000,363.246933,6.054116,349.7401,350.8065,24.0269,26.5167,-9999,-59994.03,-9999,382.4899,397.1586,387.7161,-0.0488,-0.2187,-0.3775,-42.294,-0.6431
21801.226240,363.353771,6.055896,349.6435,350.7092,24.0236,26.5063,-9999,-59994.03,-9999,382.4025,397.0538,387.6133,-0.0513,-0.2204,-0.3787,-42.7076,-0.6508
21807.636480,363.460608,6.057677,349.5515,350.6183,24.0211,26.5047,-9999,-59994.03,-9999,382.2946,396.9366,387.5063,-0.0514,-0.2219,-0.3826,-43.1096,-0.6555
21814.046720,363.567445,6.059457,349.4539,350.5285,24.0299,26.5015,-9999,-59994.03,-9999,382.2147,396.8338,387.3952,-0.0513,-0.2288,-0.3911,-43.2792,-0.6588
21820.456960,363.674283,6.061238,349.3641,350.4252,24.0139,26.4941,-9999,-59994.03,-9999,382.0873,396.7188,387.2853,-0.0477,-0.2321,-0.3945,-43.4162,-0.6576
21826.867200,363.781120,6.063019,349.267,350.3343,24.0218,26.4863,-9999,-59994.03,-9999,382.005,396.6103,387.1795,-0.0471,-0.2318,-0.3948,-43.7089,-0.6602
21833.277440,363.887957,6.064799,349.1754,350.2421,24.0195,26.4879,-9999,-59994.03,-9999,381.8891,396.499,387.0674,-0.0473,-0.2315,-0.3962,-43.8792,-0.6593
21839.687680,363.994795,6.066580,349.0756,350.1328,23.9978,26.478,-9999,-59994.03,-9999,381.7858,396.327,386.8958,-0.0487,-0.233,-0.4,-44.2424,-0.6613
21846.097920,364.101632,6.068361,348.9807,350.0643,24.0389,26.4745,-9999,-59994.03,-9999,381.6887,396.2266,386.7937,-0.0486,-0.237,-0.4088,-44.985,-0.6672
21852.508160,364.208469,6.070141,348.8836,349.9368,23.9851,26.4694,-9999,-59994.03,-9999,381.5681,396.1821,386.7513,-0.0495,-0.2395,-0.4143,-45.7524,-0.6766
21858.918400,364.315307,6.071922,348.7887,349.855,24.0084,26.4777,-9999,-59994.03,-9999,381.4783,396.0718,386.6331,-0.0508,-0.2415,-0.4189,-46.864,-0.6872
21865.328640,364.422144,6.073702,348.6882,349.7723,24.0352,26.469,-9999,-59994.03,-9999,381.3726,395.8986,386.4643,-0.0498,-0.2385,-0.4184,-46.7549,-0.6908
21871.738880,364.528981,6.075483,348.5873,349.6472,24.0005,26.4667,-9999,-59994.03,-9999,381.2376,395.8013,386.3505,-0.0491,-0.2354,-0.4147,-46.1561,-0.6911
21878.149120,364.635819,6.077264,348.4973,349.5465,23.9779,26.4641,-9999,-59994.03,-9999,381.1241,395.6907,386.2404,-0.0511,-0.2342,-0.4122,-46.12,-0.6909
21884.559360,364.742656,6.079044,348.3995,349.4727,24.0107,26.4632,-9999,-59994.03,-9999,381.0425,395.5874,386.1383,-0.0527,-0.2311,-0.4079,-45.7258,-0.6835
21890.969600,364.849493,6.080825,348.3073,349.3945,24.0359,26.4678,-9999,-59994.03,-9999,380.943,395.4786,386.0359,-0.0497,-0.2284,-0.4001,-44.8225,-0.6769
21897.379840,364.956331,6.082606,348.2081,349.2707,24.0033,26.4738,-9999,-59994.03,-9999,380.8131,395.3658,385.9247,-0.0496,-0.2283,-0.3989,-44.4482,-0.6755
21903.790080,365.063168,6.084386,348.1145,349.1667,23.9867,26.4727,-9999,-59994.03,-9999,380.71,395.2643,385.8228,-0.0553,-0.2348,-0.4024,-44.8719,-0.6797
21910.200320,365.170005,6.086167,348.0182,349.1013,24.0271,26.4837,-9999,-59994.03,-9999,380.6255,395.1687,385.7189,-0.0537,-0.2363,-0.4046,-45.5068,-0.6846
21916.610560,365.276843,6.087947,347.9242,349.0091,24.0384,26.4904,-9999,-59994.03,-9999,380.5151,395.0546,385.606,-0.0508,-0.2358,-0.4052,-45.6107,-0.6858
21923.020800,365.383680,6.089728,347.8262,348.8873,23.9973,26.4975,-9999,-59994.03,-9999,380.3918,394.9429,385.5012,-0.0466,-0.2322,-0.4017,-45.4024,-0.6851
21929.431040,365.490517,6.091509,347.7315,348.8037,24.0156,26.5026,-9999,-59994.03,-9999,380.3014,394.8338,385.4012,-0.0459,-0.2324,-0.4032,-45.7201,-0.6853
21935.841280,365.597355,6.093289,347.6386,348.7366,24.0553,26.5095,-9999,-59994.03,-9999,380.2062,394.7255,385.2967,-0.0433,-0.2273,-0.4022,-45.6464,-0.6837
21942.251520,365.704192,6.095070,347.5454,348.6168,24.0227,26.5137,-9999,-59994.03,-9999,380.0836,394.6204,385.1901,-0.0411,-0.2234,-0.3994,-45.5318,-0.688
21948.661760,365.811029,6.096850,347.4581,348.5217,24.0174,26.5268,-9999,-59994.03,-9999,379.9803,394.5138,385.086,-0.0471,-0.2278,-0.3991,-45.4598,-0.6912
21955.072000,365.917867,6.098631,347.3633,348.4541,24.0615,26.5268,-9999,-59994.03,-9999,379.8898,394.4063,384.9812,-0.0522,-0.2348,-0.4022,-45.4626,-0.691
21961.482240,366.024704,6.100412,347.2653,348.3405,24.0363,26.5374,-9999,-59994.03,-9999,379.7697,394.2996,384.8741,-0.0552,-0.2411,-0.408,-45.5529,-0.6879
21967.892480,366.131541,6.102192,347.174,348.234,24.0172,26.5482,-9999,-59994.03,-9999,379.6648,394.1941,384.7669,-0.0574,-0.2464,-0.4122,-45.3393,-0.6826
21974.302720,366.238379,6.103973,347.0828,348.1754,24.0744,26.557,-9999,-59994.03,-9999,379.5842,394.0961,384.6714,-0.051,-0.2412,-0.4076,-44.8929,-0.6804
21980.712960,366.345216,6.105754,346.989,348.0513,24.0338,26.5694,-9999,-59994.03,-9999,379.4519,393.9928,384.5695,-0.0444,-0.2315,-0.402,-44.5471,-0.6793
21987.123200,366.452053,6.107534,346.894,347.9617,24.0444,26.5745,-9999,-59994.03,-9999,379.3663,393.8896,384.4649,-0.0451,-0.2292,-0.4035,-44.631,-0.6771
21993.533440,366.558891,6.109315,346.7931,347.8882,24.0774,26.5724,-9999,-59994.03,-9999,379.3258,393.787,384.3616,-0.047,-0.2313,-0.4028,-44.4458,-0.6729
21999.943680,366.665728,6.111095,346.6993,347.7545,24.0326,26.5782,-9999,-59994.03,-9999,379.2094,393.685,384.2606,-0.0424,-0.2266,-0.3975,-44.0967,-0.6672
22006.353920,366.772565,6.112876,346.607,347.6767,24.0571,26.5862,-9999,-59994.03,-9999,379.1167,393.5757,384.1511,-0.0399,-0.2206,-0.391,-43.7103,-0.6628
22012.764160,366.879403,6.114657,346.5138,347.6012,24.0892,26.5908,-9999,-59994.03,-9999,379.0171,393.4693,384.0459,-0.0403,-0.2159,-0.3837,-43.1777,-0.6567
22019.174400,366.986240,6.116437,346.4745,347.532,24.1013,26.6547,-9999,-59994.03,-9999,378.8846,393.3553,383.9302,-0.0389,-0.2076,-0.3778,-42.8366,-0.6554
22025.584640,367.093077,6.118218,346.3784,347.4576,24.1366,26.6588,-9999,-59994.03,-9999,378.8073,393.2511,383.8318,-0.0395,-0.2008,-0.3685,-42.1164,-0.651
22031.994880,367.199915,6.119999,346.2824,347.3626,24.1366,26.6618,-9999,-59994.03,-9999,378.6911,393.1483,383.7301,-0.037,-0.1948,-0.3608,-41.2947,-0.6423
22038.405120,367.306752,6.121779,346.1881,347.2581,24.1301,26.6701,-9999,-59994.03,-9999,378.5971,393.0478,383.6255,-0.0358,-0.1911,-0.3569,-40.5956,-0.636
22044.815360,367.413589,6.123560,346.0358,347.1167,24.082,26.6095,-9999,-59994.03,-9999,378.48,392.9343,383.5258,-0.0352,-0.1895,-0.3516,-39.7419,-0.6279
22051.225600,367.520427,6.125340,345.9424,347.018,24.0777,26.6106,-9999,-59994.03,-9999,378.3873,392.8285,383.4212,-0.0305,-0.1849,-0.3428,-38.7683,-0.6206
22057.635840,367.627264,6.127121,345.9102,346.9922,24.1564,26.6731,-9999,-59994.03,-9999,378.2762,392.717,383.3161,-0.0317,-0.1835,-0.3406,-38.2369,-0.6177
22064.046080,367.734101,6.128902,345.8105,346.8798,24.1329,26.668,-9999,-59994.03,-9999,378.1788,392.6117,383.2102,-0.0324,-0.1855,-0.3418,-37.8767,-0.6112
22070.456320,367.840939,6.130682,345.722,346.8113,24.1784,26.6708,-9999,-59994.03,-9999,378.0735,392.5046,383.1082,-0.0338,-0.186,-0.3392,-37.3941,-0.6016
22076.866560,367.947776,6.132463,345.626,346.6841,24.1306,26.6726,-9999,-59994.03,-9999,377.9677,392.3911,383.003,-0.0346,-0.1832,-0.3336,-36.6256,-0.5905
22083.276800,368.054613,6.134244,345.5326,346.6328,24.1871,26.6722,-9999,-59994.03,-9999,377.8908,392.2824,382.8966,-0.0364,-0.1834,-0.3301,-35.9101,-0.5812
22089.687040,368.161451,6.136024,345.4392,346.5078,24.1428,26.6669,-9999,-59994.03,-9999,377.7636,392.1645,382.7871,-0.0344,-0.1806,-0.3245,-35.257,-0.5709
22096.097280,368.268288,6.137805,345.3451,346.4291,24.1634,26.6717,-9999,-59994.03,-9999,377.6801,392.0545,382.6781,-0.0321,-0.1755,-0.3198,-34.8966,-0.5616
22102.507520,368.375125,6.139585,345.2521,346.3475,24.1772,26.6694,-9999,-59994.03,-9999,377.5695,391.954,382.5759,-0.0317,-0.1717,-0.3158,-34.7225,-0.5596
22108.917760,368.481963,6.141366,345.1567,346.2187,24.1331,26.6697,-9999,-59994.03,-9999,377.4619,391.8447,382.4713,-0.0326,-0.1721,-0.3124,-34.299,-0.555
22115.328000,368.588800,6.143147,345.0624,346.1598,24.1846,26.6699,-9999,-59994.03,-9999,377.3769,391.7318,382.3671,-0.0306,-0.1739,-0.3091,-33.7411,-0.5471
22121.738240,368.695637,6.144927,344.9706,346.0417,24.15,26.6713,-9999,-59994.03,-9999,377.2627,391.6185,382.2569,-0.028,-0.1703,-0.3073,-33.4452,-0.5441
22128.148480,368.802475,6.146708,344.8756,345.9501,24.1481,26.6729,-9999,-59994.03,-9999,377.1717,391.505,382.1492,-0.0314,-0.1695,-0.3058,-33.4988,-0.5442
22134.558720,368.909312,6.148489,344.7793,345.879,24.1878,26.6639,-9999,-59994.03,-9999,377.0827,391.395,382.0351,-0.034,-0.1704,-0.3054,-33.564,-0.5485
22140.968960,369.016149,6.150269,344.6888,345.7673,24.1592,26.6653,-9999,-59994.03,-9999,376.9605,391.2791,381.9256,-0.0352,-0.1755,-0.31,-33.743,-0.551
22147.379200,369.122987,6.152050,344.5921,345.6579,24.1334,26.6644,-9999,-59994.03,-9999,376.8613,391.1777,381.8256,-0.0321,-0.1753,-0.3106,-33.5737,-0.5481
22153.789440,369.229824,6.153830,344.4953,345.5917,24.1712,26.6678,-9999,-59994.03,-9999,376.7755,391.0692,381.7194,-0.0319,-0.176,-0.3125,-33.4447,-0.5436
22160.199680,369.336661,6.155611,344.4061,345.5027,24.1788,26.6669,-9999,-59994.03,-9999,376.6716,390.9621,381.6157,-0.0334,-0.1825,-0.3174,-33.4754,-0.5408
22166.609920,369.443499,6.157392,344.3096,345.3777,24.1315,26.6701,-9999,-59994.03,-9999,376.5591,390.8572,381.5135,-0.0327,-0.1795,-0.317,-33.4513,-0.5404
22173.020160,369.550336,6.159172,344.218,345.2995,24.1451,26.6655,-9999,-59994.03,-9999,376.4735,390.7399,381.4086,-0.0353,-0.1791,-0.322,-33.9256,-0.5434
22179.430400,369.657173,6.160953,344.1221,345.2252,24.1779,26.6632,-9999,-59994.03,-9999,376.3836,390.6357,381.3022,-0.0321,-0.1792,-0.326,-34.3774,-0.5463
22185.840640,369.764011,6.162734,344.0294,345.1095,24.1479,26.6644,-9999,-59994.03,-9999,376.2696,390.5237,381.1951,-0.0338,-0.1833,-0.331,-35.2107,-0.5548
22192.250880,369.870848,6.164514,343.9426,345.0121,24.1294,26.6694,-9999,-59994.03,-9999,376.1761,390.4181,381.0883,-0.0375,-0.1904,-0.3399,-36.4942,-0.5679
22198.661120,369.977685,6.166295,343.8474,344.943,24.1682,26.6627,-9999,-59994.03,-9999,376.0903,390.3771,381.0446,-0.0419,-0.1964,-0.3415,-37.0703,-0.5743
22205.071360,370.084523,6.168075,343.7569,344.8493,24.1698,26.663,-9999,-59994.03,-9999,375.9862,390.2775,380.9468,-0.0409,-0.1975,-0.3389,-36.5507,-0.5703
22211.481600,370.191360,6.169856,343.6612,344.7301,24.126,26.6602,-9999,-59994.03,-9999,375.8713,390.1719,380.8433,-0.0411,-0.1996,-0.339,-36.5332,-0.572
22217.891840,370.298197,6.171637,343.568,344.6601,24.1592,26.6623,-9999,-59994.03,-9999,375.7923,390.072,380.7391,-0.0389,-0.2003,-0.342,-37.0956,-0.5768
22224.302080,370.405035,6.173417,343.4724,344.5756,24.1784,26.6581,-9999,-59994.03,-9999,375.6995,389.9613,380.6462,-0.0381,-0.2002,-0.3399,-37.3509,-0.5834
22230.712320,370.511872,6.175198,343.381,344.4575,24.1401,26.6609,-9999,-59994.03,-9999,375.5883,389.854,380.5391,-0.0351,-0.1966,-0.3409,-37.7099,-0.5896
22237.122560,370.618709,6.176978,343.2862,344.3625,24.1278,26.6545,-9999,-59994.03,-9999,375.4956,389.7574,380.4422,-0.0355,-0.1972,-0.3451,-37.7945,-0.5895
22243.532800,370.725547,6.178759,343.1941,344.2973,24.1691,26.6501,-9999,-59994.03,-9999,375.4125,389.643,380.338,-0.0362,-0.1948,-0.3434,-37.3547,-0.5834
22249.943040,370.832384,6.180540,343.0969,344.1945,24.1592,26.6485,-9999,-59994.03,-9999,375.3005,389.5305,380.2253,-0.0375,-0.1946,-0.3437,-37.4286,-0.5823
22256.353280,370.939221,6.182320,343.0108,344.0869,24.1264,26.6466,-9999,-59994.03,-9999,375.1978,389.428,380.1269,-0.0423,-0.2,-0.3505,-37.9294,-0.5829
22262.763520,371.046059,6.184101,342.9156,344.0251,24.1721,26.6434,-9999,-59994.03,-9999,375.1176,389.3237,380.0264,-0.0438,-0.2034,-0.3558,-38.1233,-0.5845
22269.173760,371.152896,6.185882,342.8255,343.9216,24.1558,26.6443,-9999,-59994.03,-9999,375.0027,389.2153,379.9198,-0.0418,-0.2067,-0.3599,-38.774,-0.59
22275.584000,371.259733,6.187662,342.7327,343.8122,24.1322,26.6402,-9999,-59994.03,-9999,374.9057,389.1037,379.8096,-0.0393,-0.2058,-0.3619,-39.21,-0.5949
22281.994240,371.366571,6.189443,342.6422,343.7537,24.1816,26.6386,-9999,-59994.03,-9999,374.8153,388.9961,379.7069,-0.0392,-0.2077,-0.3655,-39.6113,-0.6046
22288.404480,371.473408,6.191223,342.5516,343.6311,24.1311,26.6436,-9999,-59994.03,-9999,374.6958,388.8905,379.6,-0.0446,-0.213,-0.3719,-40.443,-0.6115
22294.814720,371.580245,6.193004,342.4597,343.5569,24.162,26.6425,-9999,-59994.03,-9999,374.6189,388.7864,379.4976,-0.0435,-0.2115,-0.37,-40.2819,-0.6091
22301.224960,371.687083,6.194785,342.372,343.4656,24.1581,26.6367,-9999,-59994.03,-9999,374.508,388.67,379.3887,-0.0382,-0.2061,-0.3602,-39.2651,-0.6032
22307.635200,371.793920,6.196565,342.2764,343.3553,24.1345,26.6367,-9999,-59994.03,-9999,374.4214,388.5533,379.2889,-0.0376,-0.2053,-0.358,-39.0988,-0.6041
22314.045440,371.900757,6.198346,342.1901,343.2986,24.1791,26.633,-9999,-59994.03,-9999,374.3421,388.4536,379.188,-0.0385,-0.2051,-0.3606,-39.6271,-0.6116
22320.455680,372.007595,6.200127,342.0979,343.1785,24.1398,26.6326,-9999,-59994.03,-9999,374.2223,388.3391,379.0723,-0.0363,-0.2021,-0.3609,-39.6616,-0.6163
22326.865920,372.114432,6.201907,342.006,343.0864,24.1338,26.6243,-9999,-59994.03,-9999,374.1401,388.2346,378.9731,-0.0417,-0.2068,-0.3687,-40.087,-0.618
22333.276160,372.221269,6.203688,341.9157,343.0196,24.1793,26.6178,-9999,-59994.03,-9999,374.0533,388.1283,378.8645,-0.0416,-0.2104,-0.3725,-40.027,-0.6147
22339.686400,372.328107,6.205468,341.8254,342.9022,24.1364,26.61,-9999,-59994.03,-9999,373.9351,388.0185,378.7596,-0.0404,-0.2092,-0.3694,-39.5745,-0.6133
22346.096640,372.434944,6.207249,341.7379,342.8132,24.1384,26.6036,-9999,-59994.03,-9999,373.85,387.9095,378.654,-0.0393,-0.2045,-0.3642,-39.5634,-0.6147
22352.506880,372.541781,6.209030,341.6474,342.7442,24.1629,26.6059,-9999,-59994.03,-9999,373.7453,387.8055,378.5498,-0.038,-0.2024,-0.3621,-39.3787,-0.6162
22358.917120,372.648619,6.210810,341.5537,342.6294,24.1313,26.5937,-9999,-59994.03,-9999,373.6567,387.7005,378.4506,-0.043,-0.2038,-0.36,-38.9443,-0.6152
22365.327360,372.755456,6.212591,341.4607,342.5524,24.15,26.5886,-9999,-59994.03,-9999,373.5444,387.6046,378.3528,-0.0448,-0.2094,-0.3624,-38.9519,-0.613
22371.737600,372.862293,6.214372,341.3674,342.4516,24.1401,26.5828,-9999,-59994.03,-9999,373.4642,387.5016,378.245,-0.0436,-0.2092,-0.3617,-38.9058,-0.6074
22378.147840,372.969131,6.216152,341.2776,342.3684,24.1477,26.5858,-9999,-59994.03,-9999,373.3524,387.3933,378.1408,-0.0418,-0.2113,-0.3639,-38.9875,-0.608
22384.558080,373.075968,6.217933,341.1863,342.261,24.1274,26.5803,-9999,-59994.03,-9999,373.2607,387.2788,378.0246,-0.044,-0.218,-0.3692,-39.733,-0.615
22390.968320,373.182805,6.219713,341.0962,342.1947,24.1615,26.5814,-9999,-59994.03,-9999,373.169,387.171,377.9268,-0.0474,-0.2255,-0.378,-40.754,-0.6229
22397.378560,373.289643,6.221494,341.0056,342.0703,24.1121,26.5803,-9999,-59994.03,-9999,373.0549,387.0593,377.8194,-0.0446,-0.224,-0.381,-41.0729,-0.6258
22403.788800,373.396480,6.223275,340.9142,342.0158,24.1641,26.5847,-9999,-59994.03,-9999,372.9825,386.965,377.7196,-0.0427,-0.2237,-0.3821,-40.9621,-0.6248
22410.199040,373.503317,6.225055,340.8242,341.8923,24.1221,26.5833,-9999,-59994.03,-9999,372.8618,386.854,377.6142,-0.0447,-0.2229,-0.3802,-40.7335,-0.6237
22416.609280,373.610155,6.226836,340.7337,341.8111,24.1315,26.5842,-9999,-59994.03,-9999,372.7867,386.7486,377.5133,-0.04,-0.2175,-0.3746,-40.3157,-0.6189
22423.019520,373.716992,6.228617,340.64,341.7379,24.159,26.5817,-9999,-59994.03,-9999,372.6895,386.6345,377.4059,-0.0375,-0.2125,-0.3693,-40.1227,-0.6185
22429.429760,373.823829,6.230397,340.5463,341.6153,24.111,26.5798,-9999,-59994.03,-9999,372.5747,386.5298,377.2977,-0.0374,-0.2095,-0.3661,-40.1671,-0.6189
22435.840000,373.930667,6.232178,340.4604,341.5383,24.1239,26.5789,-9999,-59994.03,-9999,372.4941,386.4281,377.1978,-0.0379,-0.2071,-0.3657,-40.0818,-0.6189
22442.250240,374.037504,6.233958,340.3707,341.4695,24.1544,26.5755,-9999,-59994.03,-9999,372.4066,386.3295,377.1,-0.0393,-0.2064,-0.363,-40.0832,-0.6213
22448.660480,374.144341,6.235739,340.2761,341.3465,24.1117,26.5722,-9999,-59994.03,-9999,372.2861,386.2156,376.9907,-0.0432,-0.2073,-0.3643,-40.0929,-0.6237
22455.070720,374.251179,6.237520,340.1857,341.2584,24.1124,26.5722,-9999,-59994.03,-9999,372.1972,386.1095,376.8888,-0.0487,-0.2129,-0.365,-40.1314,-0.6248
22461.480960,374.358016,6.239300,340.0974,341.1992,24.1594,26.5709,-9999,-59994.03,-9999,372.1148,386.0163,376.7897,-0.0501,-0.217,-0.3699,-40.6612,-0.633
22467.891200,374.464853,6.241081,340.0072,341.0799,24.1154,26.5658,-9999,-59994.03,-9999,371.9934,385.9183,376.6914,-0.0515,-0.2207,-0.3743,-40.9113,-0.6361
22474.301440,374.571691,6.242862,339.9131,340.9853,24.1077,26.5577,-9999,-59994.03,-9999,371.9064,385.8186,376.5893,-0.0499,-0.2209,-0.3756,-41.0892,-0.639
22480.711680,374.678528,6.244642,339.8212,340.9279,24.1502,26.5563,-9999,-59994.03,-9999,371.8202,385.7172,376.4901,-0.0514,-0.2264,-0.3803,-41.8597,-0.6458
22487.121920,374.785365,6.246423,339.7326,340.8113,24.1186,26.5478,-9999,-59994.03,-9999,371.6992,385.6108,376.3861,-0.0549,-0.2341,-0.3913,-42.9811,-0.6549
22493.532160,374.892203,6.248203,339.638,340.7107,24.0946,26.5462,-9999,-59994.03,-9999,371.5991,385.5049,376.282,-0.0525,-0.2356,-0.3949,-43.382,-0.6606
22499.942400,374.999040,6.249984,339.5461,340.6477,24.1345,26.5446,-9999,-59994.03,-9999,371.5154,385.4037,376.1806,-0.0453,-0.2327,-0.3939,-43.3109,-0.6604
22506.352640,375.105877,6.251765,339.3927,340.4952,24.0723,26.475,-9999,-59994.03,-9999,371.4092,385.2989,376.0746,-0.048,-0.2342,-0.3953,-43.5305,-0.6604
22512.762880,375.212715,6.253545,339.3014,340.3766,24.0253,26.4715,-9999,-59994.03,-9999,371.2985,385.1901,375.9812,-0.0498,-0.2344,-0.3959,-43.4694,-0.6563
22519.173120,375.319552,6.255326,339.2727,340.3584,24.1047,26.5312,-9999,-59994.03,-9999,371.1588,385.0849,375.8775,-0.05,-0.2319,-0.3911,-42.9441,-0.6535
22525.583360,375.426389,6.257106,339.1817,340.2878,24.1311,26.5223,-9999,-59994.03,-9999,371.0786,384.9752,375.7786,-0.0502,-0.2306,-0.3897,-42.9665,-0.6542
22531.993600,375.533227,6.258887,339.031,340.12,24.0513,26.4591,-9999,-59994.03,-9999,370.9687,384.8677,375.6734,-0.0486,-0.2279,-0.3911,-42.9037,-0.6533
22538.403840,375.640064,6.260668,338.941,340.0114,24.0183,26.4589,-9999,-59994.03,-9999,370.8628,384.7698,375.5722,-0.0454,-0.2228,-0.388,-42.5274,-0.6481
22544.814080,375.746901,6.262448,338.8482,339.9417,24.0463,26.4586,-9999,-59994.03,-9999,370.8356,384.6613,375.4673,-0.0414,-0.2187,-0.3832,-42.2489,-0.645
22551.224320,375.853739,6.264229,338.7605,339.8738,24.0772,26.4595,-9999,-59994.03,-9999,370.745,384.5553,375.3625,-0.0393,-0.2147,-0.382,-42.2558,-0.6458
22557.634560,375.960576,6.266010,338.669,339.7537,24.0359,26.4582,-9999,-59994.03,-9999,370.5703,384.4536,375.2607,-0.0368,-0.2075,-0.3732,-41.5949,-0.6391
22564.044800,376.067413,6.267790,338.5784,339.6559,24.0262,26.4561,-9999,-59994.03,-9999,370.485,384.3581,375.1628,-0.0372,-0.2027,-0.3653,-40.7734,-0.6309
22570.455040,376.174251,6.269571,338.4753,339.597,24.0723,26.4503,-9999,-59994.03,-9999,370.4064,384.2484,375.0685,-0.0339,-0.1966,-0.3568,-39.9049,-0.6237
22576.865280,376.281088,6.271351,338.3912,339.5001,24.059,26.451,-9999,-59994.03,-9999,370.2929,384.1443,374.958,-0.0321,-0.1936,-0.3522,-39.3326,-0.6166
22583.275520,376.387925,6.273132,338.3097,339.3866,24.0172,26.4466,-9999,-59994.03,-9999,370.1888,384.0474,374.8601,-0.0362,-0.1969,-0.3542,-39.1581,-0.6135
22589.685760,376.494763,6.274913,338.2197,339.3229,24.061,26.4471,-9999,-59994.03,-9999,370.1106,383.9479,374.7596,-0.0389,-0.2033,-0.3556,-39.104,-0.6151
22596.096000,376.601600,6.276693,338.1267,339.225,24.0504,26.4453,-9999,-59994.03,-9999,370.0011,383.8519,374.6593,-0.0429,-0.2063,-0.3592,-39.5421,-0.6182
22602.506240,376.708437,6.278474,338.0354,339.1128,24.0209,26.44,-9999,-59994.03,-9999,369.899,383.7544,374.5583,-0.0381,-0.2005,-0.3551,-39.2306,-0.6119
22608.916480,376.815275,6.280255,337.9457,339.0558,24.0684,26.4349,-9999,-59994.03,-9999,369.8187,383.6589,374.4673,-0.0317,-0.1888,-0.3457,-38.06,-0.6025
22615.326720,376.922112,6.282035,337.8595,338.9336,24.022,26.437,-9999,-59994.03,-9999,369.7035,383.5636,374.3687,-0.032,-0.1851,-0.3367,-37.3141,-0.595
22621.736960,377.028949,6.283816,337.77,338.857,24.0416,26.4257,-9999,-59994.03,-9999,369.6266,383.4022,374.2118,-0.0371,-0.1844,-0.3342,-36.7666,-0.5863
22628.147200,377.135787,6.285596,337.6785,338.7798,24.0534,26.4238,-9999,-59994.03,-9999,369.5253,383.2976,374.11,-0.0392,-0.1876,-0.3352,-36.6553,-0.5818
22634.557440,377.242624,6.287377,337.5903,338.6631,24.0165,26.4192,-9999,-59994.03,-9999,369.4212,383.2509,374.0665,-0.0363,-0.1869,-0.3336,-36.4054,-0.581
22640.967680,377.349461,6.289158,337.4995,338.6068,24.0624,26.4079,-9999,-59994.03,-9999,369.3378,383.1412,373.9635,-0.0366,-0.1892,-0.3338,-36.3131,-0.5749
22647.377920,377.456299,6.290938,337.4062,338.4835,24.013,26.4026,-9999,-59994.03,-9999,369.2157,382.9758,373.7988,-0.039,-0.1914,-0.3344,-35.707,-0.5672
22653.788160,377.563136,6.292719,337.3224,338.4156,24.0405,26.4006,-9999,-59994.03,-9999,369.1366,382.8694,373.6912,-0.0407,-0.1918,-0.3326,-35.6928,-0.5659
22660.198400,377.669973,6.294500,337.2305,338.3319,24.0442,26.3992,-9999,-59994.03,-9999,369.0298,382.7642,373.5917,-0.0398,-0.1893,-0.3323,-35.7594,-0.5637
22666.608640,377.776811,6.296280,337.1365,338.2166,24.0102,26.3978,-9999,-59994.03,-9999,368.9347,382.6646,373.4945,-0.0368,-0.186,-0.3324,-35.3825,-0.5624
22673.018880,377.883648,6.298061,337.0526,338.1635,24.0615,26.398,-9999,-59994.03,-9999,368.8558,382.5554,373.3937,-0.0349,-0.1857,-0.3264,-34.7905,-0.5601
22679.429120,377.990485,6.299841,336.9662,338.0358,24.0093,26.4008,-9999,-59994.03,-9999,368.7443,382.4472,373.2923,-0.0358,-0.1882,-0.3228,-34.3675,-0.557
22685.839360,378.097323,6.301622,336.8735,337.9716,24.0437,26.3897,-9999,-59994.03,-9999,368.6745,382.3473,373.1968,-0.0348,-0.1876,-0.3226,-34.0952,-0.5501
22692.249600,378.204160,6.303403,336.78,337.877,24.0336,26.3828,-9999,-59994.03,-9999,368.5652,382.2409,373.0958,-0.0287,-0.1812,-0.3192,-33.5869,-0.5442
22698.659840,378.310997,6.305183,336.6862,337.7626,24.0038,26.3775,-9999,-59994.03,-9999,368.4666,382.1438,372.9877,-0.0309,-0.1812,-0.317,-33.2586,-0.5401
22705.070080,378.417835,6.306964,336.6032,337.7071,24.0536,26.3734,-9999,-59994.03,-9999,368.3809,382.036,372.8889,-0.0354,-0.1852,-0.3214,-33.5701,-0.543
22711.480320,378.524672,6.308745,336.5141,337.5853,24.0024,26.3711,-9999,-59994.03,-9999,368.2634,381.9299,372.7868,-0.0375,-0.1892,-0.3282,-34.355,-0.55
22717.890560,378.631509,6.310525,336.427,337.5199,24.0366,26.3672,-9999,-59994.03,-9999,368.1871,381.8272,372.6856,-0.04,-0.196,-0.3382,-35.5083,-0.559
22724.300800,378.738347,6.312306,336.3382,337.4301,24.0289,26.3573,-9999,-59994.03,-9999,368.0703,381.7155,372.5677,-0.0422,-0.2008,-0.3437,-36.2798,-0.5642
22730.711040,378.845184,6.314086,336.252,337.3161,23.9934,26.3607,-9999,-59994.03,-9999,367.9668,381.6169,372.4661,-0.0422,-0.2012,-0.3446,-36.8336,-0.5694
22737.121280,378.952021,6.315867,336.1638,337.2527,24.0276,26.3506,-9999,-59994.03,-9999,367.8914,381.5186,372.3675,-0.0388,-0.1981,-0.3431,-37.1473,-0.5767
22743.531520,379.058859,6.317648,336.0714,337.1692,24.0428,26.3448,-9999,-59994.03,-9999,367.7939,381.4253,372.2742,-0.039,-0.1982,-0.3456,-37.3894,-0.5822
22749.941760,379.165696,6.319428,335.9809,337.0576,24.007,26.3439,-9999,-59994.03,-9999,367.6815,381.3167,372.175,-0.0418,-0.2031,-0.3517,-37.8639,-0.5872
22756.352000,379.272533,6.321209,335.8889,336.9596,23.9913,26.337,-9999,-59994.03,-9999,367.5813,381.2162,372.0718,-0.0388,-0.203,-0.3549,-38.2133,-0.5915
22762.762240,379.379371,6.322990,335.7988,336.8973,24.0329,26.3361,-9999,-59994.03,-9999,367.4926,381.116,371.9708,-0.0356,-0.2,-0.3565,-38.4894,-0.5947
22769.172480,379.486208,6.324770,335.7077,336.8022,24.0306,26.3347,-9999,-59994.03,-9999,367.3812,381.0247,371.8715,-0.0367,-0.1995,-0.3571,-38.8031,-0.5988
22775.582720,379.593045,6.326551,335.6157,336.6811,23.9865,26.3363,-9999,-59994.03,-9999,367.2665,380.9313,371.7701,-0.0387,-0.1975,-0.353,-38.8855,-0.6008
22781.992960,379.699883,6.328331,335.5248,336.6118,24.0146,26.3319,-9999,-59994.03,-9999,367.179,380.8377,371.675,-0.035,-0.1904,-0.3417,-38.0203,-0.5953
22788.403200,379.806720,6.330112,335.4333,336.5334,24.0423,26.3301,-9999,-59994.03,-9999,367.0775,380.7401,371.5729,-0.0321,-0.1846,-0.3308,-36.9591,-0.5867
22794.813440,379.913557,6.331893,335.3406,336.406,23.9925,26.3287,-9999,-59994.03,-9999,366.9582,380.6408,371.4738,-0.0386,-0.1889,-0.3333,-37.3174,-0.5891
22801.223680,380.020395,6.333673,335.2486,336.3334,24.0137,26.3257,-9999,-59994.03,-9999,366.8777,380.5295,371.3653,-0.0392,-0.1961,-0.3398,-37.8469,-0.5944
22807.633920,380.127232,6.335454,335.1588,336.2586,24.0391,26.3294,-9999,-59994.03,-9999,366.7748,380.439,371.2693,-0.0417,-0.1992,-0.3417,-38.0035,-0.597
22814.044160,380.234069,6.337234,335.067,336.1372,23.9955,26.3395,-9999,-59994.03,-9999,366.6576,380.3337,371.1615,-0.0413,-0.1971,-0.3409,-38.1079,-0.5984
22820.454400,380.340907,6.339015,334.9739,336.0778,24.0453,26.3421,-9999,-59994.03,-9999,366.5851,380.2271,371.056,-0.0406,-0.1933,-0.3375,-37.5628,-0.5928
22826.864640,380.447744,6.340796,334.8777,335.9604,24.0153,26.3423,-9999,-59994.03,-9999,366.4702,380.1295,370.9558,-0.0383,-0.192,-0.3379,-37.3641,-0.5905
22833.274880,380.554581,6.342576,334.7904,335.8751,24.0232,26.3494,-9999,-59994.03,-9999,366.3827,380.0302,370.8566,-0.0399,-0.1962,-0.3424,-37.6299,-0.5923
22839.685120,380.661419,6.344357,334.7042,335.8054,24.046,26.3616,-9999,-59994.03,-9999,366.2771,379.9339,370.7576,-0.0381,-0.1974,-0.3428,-37.4461,-0.5869
22846.095360,380.768256,6.346138,334.6148,335.6893,24.0149,26.3633,-9999,-59994.03,-9999,366.1627,379.8277,370.6454,-0.0388,-0.2005,-0.3473,-37.5387,-0.585
22852.505600,380.875093,6.347918,334.5242,335.6354,24.064,26.3683,-9999,-59994.03,-9999,366.0802,379.7292,370.5621,-0.0371,-0.2028,-0.3516,-37.8179,-0.5883
22858.915840,380.981931,6.349699,334.4406,335.5103,24.0167,26.3844,-9999,-59994.03,-9999,365.963,379.6336,370.466,-0.0385,-0.2029,-0.3522,-37.931,-0.5907
22865.326080,381.088768,6.351479,334.3542,335.4588,24.076,26.3916,-9999,-59994.03,-9999,365.8798,379.5305,370.362,-0.0377,-0.1964,-0.3445,-37.7158,-0.5913
22871.736320,381.195605,6.353260,334.2686,335.353,24.0495,26.3969,-9999,-59994.03,-9999,365.7576,379.4256,370.2559,-0.0358,-0.1906,-0.3391,-37.593,-0.5917
22878.146560,381.302443,6.355041,334.1746,335.2606,24.0532,26.3969,-9999,-59994.03,-9999,365.6763,379.3336,370.1644,-0.0372,-0.1912,-0.3375,-37.4395,-0.5918
22884.556800,381.409280,6.356821,334.0862,335.1879,24.0751,26.4043,-9999,-59994.03,-9999,365.5738,379.232,370.0704,-0.04,-0.1936,-0.3396,-37.3545,-0.591
22890.967040,381.516117,6.358602,333.9953,335.0632,24.0352,26.4109,-9999,-59994.03,-9999,365.4685,379.1413,369.9754,-0.0418,-0.1964,-0.3439,-37.4513,-0.5902
22897.377280,381.622955,6.360383,333.9073,335.0042,24.0846,26.4174,-9999,-59994.03,-9999,365.3907,379.0392,369.873,-0.0379,-0.1961,-0.3423,-37.0779,-0.5849
22903.787520,381.729792,6.362163,333.8135,334.9064,24.0807,26.4261,-9999,-59994.03,-9999,365.2813,378.9412,369.7755,-0.0348,-0.1919,-0.3364,-36.0717,-0.5767
22910.197760,381.836629,6.363944,333.7208,334.7861,24.0426,26.4287,-9999,-59994.03,-9999,365.178,378.8421,369.6791,-0.0316,-0.1858,-0.3296,-35.4935,-0.572
22916.608000,381.943467,6.365724,333.6328,334.731,24.0876,26.4342,-9999,-59994.03,-9999,365.0997,378.7347,369.5778,-0.0357,-0.1855,-0.329,-35.7077,-0.5713
22923.018240,382.050304,6.367505,333.5428,334.6442,24.0954,26.4441,-9999,-59994.03,-9999,364.9951,378.6305,369.479,-0.0411,-0.191,-0.3309,-35.9531,-0.5729
22929.428480,382.157141,6.369286,333.447,334.5216,24.0536,26.4466,-9999,-59994.03,-9999,364.8873,378.5285,369.377,-0.0397,-0.1934,-0.3353,-36.4779,-0.579
22935.838720,382.263979,6.371066,333.3625,334.4662,24.1019,26.4515,-9999,-59994.03,-9999,364.8062,378.4187,369.2787,-0.0371,-0.1939,-0.3365,-36.4253,-0.579
22942.248960,382.370816,6.372847,333.2691,334.3697,24.0982,26.4554,-9999,-59994.03,-9999,364.751,378.314,369.1751,-0.036,-0.1951,-0.3347,-36.4078,-0.5767
22948.659200,382.477653,6.374628,333.1787,334.2579,24.0677,26.457,-9999,-59994.03,-9999,364.6538,378.2104,369.0763,-0.0392,-0.198,-0.3389,-36.558,-0.5776
22955.069440,382.584491,6.376408,333.0907,334.2035,24.1211,26.4582,-9999,-59994.03,-9999,364.5627,378.102,368.9702,-0.0366,-0.1951,-0.3392,-36.2011,-0.5766
22961.479680,382.691328,6.378189,332.9986,334.0705,24.0643,26.4621,-9999,-59994.03,-9999,364.4418,378.0017,368.8722,-0.0354,-0.1947,-0.3418,-36.2436,-0.5764
22967.889920,382.798165,6.379969,332.9126,334.0213,24.1261,26.4692,-9999,-59994.03,-9999,364.3667,377.9019,368.7791,-0.0412,-0.2016,-0.3499,-36.9959,-0.585
22974.300160,382.905003,6.381750,332.8197,333.8965,24.077,26.4699,-9999,-59994.03,-9999,364.2431,377.7992,368.6789,-0.0451,-0.2066,-0.3543,-37.5566,-0.5897
22980.710400,383.011840,6.383531,332.7388,333.8348,24.1167,26.4791,-9999,-59994.03,-9999,364.1726,377.7034,368.5845,-0.0447,-0.2093,-0.3553,-37.8271,-0.5942
22987.120640,383.118677,6.385311,332.647,333.7439,24.1174,26.4773,-9999,-59994.03,-9999,364.0566,377.5914,368.4797,-0.0453,-0.2132,-0.3597,-38.5905,-0.604
22993.530880,383.225515,6.387092,332.5529,333.6282,24.0779,26.4731,-9999,-59994.03,-9999,363.953,377.4849,368.381,-0.0415,-0.2065,-0.3534,-38.4421,-0.603
22999.941120,383.332352,6.388873,332.4676,333.5714,24.1259,26.4734,-9999,-59994.03,-9999,363.8796,377.3804,368.2868,-0.0383,-0.1983,-0.345,-37.6048,-0.5949
23006.351360,383.439189,6.390653,332.3764,333.4754,24.1125,26.4699,-9999,-59994.03,-9999,363.7674,377.2782,368.188,-0.036,-0.1957,-0.3435,-37.238,-0.5917
23012.761600,383.546027,6.392434,332.2886,333.3626,24.082,26.4724,-9999,-59994.03,-9999,363.6663,377.1679,368.0856,-0.0368,-0.1959,-0.3389,-37.0706,-0.5903
23019.171840,383.652864,6.394214,332.1986,333.298,24.1118,26.4699,-9999,-59994.03,-9999,363.5853,377.0623,367.9876,-0.0377,-0.1954,-0.3387,-37.2758,-0.5915
23025.582080,383.759701,6.395995,332.1057,333.2232,24.1368,26.4699,-9999,-59994.03,-9999,363.4875,376.9512,367.8788,-0.0389,-0.1979,-0.3456,-37.8628,-0.598
23031.992320,383.866539,6.397776,332.0163,333.1031,24.098,26.4683,-9999,-59994.03,-9999,363.3708,376.8509,367.7751,-0.0425,-0.2026,-0.3533,-38.1452,-0.6003
23038.402560,383.973376,6.399556,331.9278,333.0119,24.0899,26.4653,-9999,-59994.03,-9999,363.2908,376.7487,367.6788,-0.0428,-0.207,-0.3574,-38.5295,-0.6057
23044.812800,384.080213,6.401337,331.8369,332.95,24.1377,26.4738,-9999,-59994.03,-9999,363.206,376.6433,367.5729,-0.0437,-0.209,-0.358,-38.8078,-0.6082
23051.223040,384.187051,6.403118,331.747,332.8533,24.122,26.4667,-9999,-59994.03,-9999,363.1073,376.5414,367.4729,-0.0444,-0.2114,-0.358,-38.9197,-0.6094
23057.633280,384.293888,6.404898,331.7212,332.8009,24.1481,26.5317,-9999,-59994.03,-9999,363.0031,376.4416,367.3736,-0.0427,-0.2098,-0.3573,-39.198,-0.6081
23064.043520,384.400725,6.406679,331.6302,332.7374,24.1844,26.5266,-9999,-59994.03,-9999,362.9277,376.3389,367.2774,-0.0413,-0.2099,-0.3599,-39.5572,-0.6083
23070.453760,384.507563,6.408459,331.5404,332.6536,24.1906,26.5262,-9999,-59994.03,-9999,362.8356,376.2379,367.183,-0.0436,-0.2153,-0.3641,-39.7939,-0.6102
23076.864000,384.614400,6.410240,331.4533,332.5371,24.1486,26.5301,-9999,-59994.03,-9999,362.734,376.1359,367.089,-0.0451,-0.2164,-0.3675,-40.0592,-0.6132
23083.274240,384.721237,6.412021,331.3672,332.4856,24.1959,26.5292,-9999,-59994.03,-9999,362.6617,376.0334,366.9854,-0.0461,-0.2198,-0.373,-40.6619,-0.6192
23089.684480,384.828075,6.413801,331.2772,332.3842,24.1779,26.5253,-9999,-59994.03,-9999,362.5561,375.9348,366.8892,-0.0454,-0.2192,-0.3724,-40.8613,-0.6216
23096.094720,384.934912,6.415582,331.1829,332.2721,24.1486,26.5147,-9999,-59994.03,-9999,362.4569,375.8286,366.783,-0.044,-0.2184,-0.3745,-40.9087,-0.6245
23102.504960,385.041749,6.417362,331.0991,332.2186,24.1959,26.5216,-9999,-59994.03,-9999,362.3875,375.7343,366.6957,-0.0455,-0.2206,-0.3799,-41.4574,-0.6293
23108.915200,385.148587,6.419143,331.0072,332.1127,24.1784,26.5195,-9999,-59994.03,-9999,362.2799,375.6189,366.5901,-0.0452,-0.2198,-0.3825,-41.901,-0.6337
23115.325440,385.255424,6.420924,330.9194,332.0044,24.1444,26.5186,-9999,-59994.03,-9999,362.1746,375.5206,366.4904,-0.046,-0.2232,-0.3852,-42.3621,-0.6386
23121.735680,385.362261,6.422704,330.8296,331.9474,24.1881,26.5135,-9999,-59994.03,-9999,362.1011,375.4148,366.382,-0.0478,-0.2298,-0.3925,-42.7053,-0.6425
23128.145920,385.469099,6.424485,330.7422,331.8571,24.183,26.5137,-9999,-59994.03,-9999,361.9931,375.3169,366.2851,-0.0524,-0.2388,-0.4016,-43.4323,-0.6499
23134.556160,385.575936,6.426266,330.6526,331.7423,24.1461,26.5094,-9999,-59994.03,-9999,361.8868,375.215,366.1906,-0.0538,-0.2451,-0.4085,-44.0783,-0.6552
23140.966400,385.682773,6.428046,330.5661,331.6699,24.1668,26.505,-9999,-59994.03,-9999,361.8087,375.107,366.09,-0.0512,-0.2421,-0.4066,-44.1484,-0.6556
23147.376640,385.789611,6.429827,330.4789,331.6017,24.2003,26.5022,-9999,-59994.03,-9999,361.7202,375.0016,365.9897,-0.0504,-0.2386,-0.4063,-44.0414,-0.6587
23153.786880,385.896448,6.431607,330.3886,331.4855,24.1551,26.4978,-9999,-59994.03,-9999,361.5995,374.8971,365.8891,-0.0502,-0.2382,-0.4074,-44.3903,-0.6659
23160.197120,386.003285,6.433388,330.297,331.3968,24.1553,26.4948,-9999,-59994.03,-9999,361.517,374.7881,365.7829,-0.0502,-0.2371,-0.4106,-45.1419,-0.6724
23166.607360,386.110123,6.435169,330.2109,331.3362,24.1925,26.493,-9999,-59994.03,-9999,361.4307,374.6896,365.6824,-0.0504,-0.2369,-0.409,-45.239,-0.6767
23173.017600,386.216960,6.436949,330.1211,331.212,24.135,26.4863,-9999,-59994.03,-9999,361.316,374.5944,365.5895,-0.0508,-0.2355,-0.408,-45.6351,-0.6816
23179.427840,386.323797,6.438730,330.0305,331.145,24.1738,26.4856,-9999,-59994.03,-9999,361.2414,374.4936,365.4875,-0.0506,-0.2386,-0.4092,-46.1122,-0.6888
23185.838080,386.430635,6.440511,329.9449,331.0578,24.1733,26.4843,-9999,-59994.03,-9999,361.1403,374.397,365.3907,-0.0503,-0.2395,-0.4111,-46.1169,-0.6913
23192.248320,386.537472,6.442291,329.8589,330.9432,24.1329,26.479,-9999,-59994.03,-9999,361.0355,374.2888,365.2906,-0.0518,-0.2423,-0.4122,-46.2735,-0.6942
23198.658560,386.644309,6.444072,329.7764,330.8877,24.1768,26.4787,-9999,-59994.03,-9999,360.967,374.1975,365.1989,-0.0557,-0.2458,-0.4144,-46.526,-0.6972
23205.068800,386.751147,6.445852,329.6872,330.7961,24.1747,26.4753,-9999,-59994.03,-9999,360.8636,374.0901,365.0928,-0.0552,-0.246,-0.4146,-46.5598,-0.6985
23211.479040,386.857984,6.447633,329.6009,330.6797,24.1304,26.4727,-9999,-59994.03,-9999,360.7586,373.9915,364.9986,-0.0496,-0.2392,-0.409,-46.1731,-0.6961
23217.889280,386.964821,6.449414,329.5126,330.6059,24.1442,26.4709,-9999,-59994.03,-9999,360.6805,373.8897,364.9059,-0.0504,-0.2376,-0.404,-45.923,-0.6964
23224.299520,387.071659,6.451194,329.423,330.5386,24.1807,26.4661,-9999,-59994.03,-9999,360.5993,373.7887,364.8019,-0.0534,-0.2386,-0.4057,-45.6743,-0.6949
23230.709760,387.178496,6.452975,329.3382,330.424,24.138,26.4656,-9999,-59994.03,-9999,360.4797,373.6855,364.703,-0.0519,-0.2382,-0.4051,-45.0344,-0.6909
23237.120000,387.285333,6.454756,329.2499,330.3444,24.1454,26.4628,-9999,-59994.03,-9999,360.3983,373.5825,364.6021,-0.0493,-0.2367,-0.4046,-44.9565,-0.6876
23243.530240,387.392171,6.456536,329.1656,330.2842,24.1825,26.4541,-9999,-59994.03,-9999,360.3117,373.4804,364.503,-0.0485,-0.2375,-0.4088,-45.3523,-0.6884
23249.940480,387.499008,6.458317,329.0813,330.1801,24.1541,26.4506,-9999,-59994.03,-9999,360.2094,373.379,364.4109,-0.0503,-0.2383,-0.411,-45.9582,-0.693
23256.350720,387.605845,6.460097,328.9957,330.0738,24.1239,26.4453,-9999,-59994.03,-9999,360.1096,373.2751,364.3034,-0.0518,-0.2384,-0.4124,-46.3566,-0.6964
23262.760960,387.712683,6.461878,328.9023,330.0067,24.1474,26.4366,-9999,-59994.03,-9999,360.0277,373.1663,364.1971,-0.0469,-0.2342,-0.4072,-45.7321,-0.6909
23269.171200,387.819520,6.463659,328.8122,329.9284,24.1671,26.4301,-9999,-59994.03,-9999,359.9365,373.0684,364.1022,-0.042,-0.2282,-0.4006,-44.8417,-0.6807
23275.581440,387.926357,6.465439,328.7261,329.8122,24.1281,26.429,-9999,-59994.03,-9999,359.8291,372.9763,364.0024,-0.0406,-0.2226,-0.3942,-44.2136,-0.6779
23281.991680,388.033195,6.467220,328.638,329.725,24.12,26.429,-9999,-59994.03,-9999,359.747,372.8717,363.9104,-0.0385,-0.2189,-0.3886,-43.997,-0.6776
23288.401920,388.140032,6.469001,328.553,329.6662,24.1581,26.4276,-9999,-59994.03,-9999,359.6653,372.8194,363.8626,-0.0393,-0.2166,-0.3861,-43.5771,-0.6731
23294.812160,388.246869,6.470781,328.4703,329.5774,24.1551,26.4227,-9999,-59994.03,-9999,359.563,372.7219,363.7652,-0.0374,-0.2108,-0.3799,-43.2783,-0.6742
23301.222400,388.353707,6.472562,328.378,329.4628,24.1124,26.4179,-9999,-59994.03,-9999,359.4547,372.6278,363.6661,-0.0361,-0.2114,-0.3798,-43.2509,-0.6742
23307.632640,388.460544,6.474342,328.2963,329.3864,24.1241,26.4184,-9999,-59994.03,-9999,359.3684,372.5257,363.5596,-0.0387,-0.2116,-0.3758,-42.5853,-0.661
23314.042880,388.567381,6.476123,328.2054,329.3214,24.1615,26.4069,-9999,-59994.03,-9999,359.2953,372.4213,363.4691,-0.0417,-0.21,-0.3705,-41.8011,-0.6537
23320.453120,388.674219,6.477904,328.1208,329.2271,24.1465,26.4057,-9999,-59994.03,-9999,359.1891,372.3174,363.3649,-0.043,-0.2083,-0.3673,-41.6447,-0.6533
23326.863360,388.781056,6.479684,328.0336,329.1168,24.1064,26.4027,-9999,-59994.03,-9999,359.0872,372.2209,363.2704,-0.0455,-0.2128,-0.3719,-41.8753,-0.6527
23333.273600,388.887893,6.481465,327.9419,329.053,24.1407,26.396,-9999,-59994.03,-9999,359.0142,372.1156,363.1713,-0.0462,-0.2162,-0.374,-41.7447,-0.6499
23339.683840,388.994731,6.483246,327.8587,328.9729,24.1528,26.3921,-9999,-59994.03,-9999,358.9203,372.0195,363.0732,-0.0419,-0.2107,-0.37,-41.2569,-0.6422
23346.094080,389.101568,6.485026,327.7697,328.8536,24.101,26.3917,-9999,-59994.03,-9999,358.8164,371.9216,362.977,-0.0428,-0.2095,-0.3659,-40.6775,-0.632
23352.504320,389.208405,6.486807,327.6856,328.7927,24.1463,26.3923,-9999,-59994.03,-9999,358.7505,371.769,362.8231,-0.044,-0.2099,-0.3629,-40.0653,-0.6259
23358.914560,389.315243,6.488587,327.6031,328.7017,24.1313,26.3926,-9999,-59994.03,-9999,358.6482,371.668,362.731,-0.0445,-0.2096,-0.3595,-39.6205,-0.6191
23365.324800,389.422080,6.490368,327.5148,328.6031,24.1137,26.3917,-9999,-59994.03,-9999,358.5676,371.6289,362.6957,-0.0462,-0.2093,-0.3588,-39.5447,-0.615
23371.735040,389.528917,6.492149,327.4314,328.5503,24.1604,26.3944,-9999,-59994.03,-9999,358.4821,371.5279,362.5923,-0.043,-0.2071,-0.362,-39.6127,-0.6159
23378.145280,389.635755,6.493929,327.3441,328.4245,24.1024,26.3864,-9999,-59994.03,-9999,358.363,371.4324,362.4949,-0.0454,-0.2094,-0.3639,-39.9229,-0.6187
23384.555520,389.742592,6.495710,327.2632,328.3737,24.1514,26.3843,-9999,-59994.03,-9999,358.2957,371.3409,362.4031,-0.0472,-0.2116,-0.3658,-39.9701,-0.6197
23390.965760,389.849429,6.497490,327.173,328.2697,24.1301,26.3822,-9999,-59994.03,-9999,358.1861,371.2401,362.3024,-0.0506,-0.2187,-0.372,-40.5053,-0.6241
23397.376000,389.956267,6.499271,327.0867,328.1747,24.1137,26.3753,-9999,-59994.03,-9999,358.1013,371.1386,362.2081,-0.0478,-0.2199,-0.3742,-40.7181,-0.6271
23403.786240,390.063104,6.501052,326.9413,328.0563,24.092,26.3126,-9999,-59994.03,-9999,358.0194,371.0423,362.1074,-0.0476,-0.2215,-0.3774,-40.8339,-0.6262
23410.196480,390.169941,6.502832,326.8553,327.9343,24.0363,26.3054,-9999,-59994.03,-9999,357.9082,370.9392,362.0107,-0.0452,-0.2183,-0.3752,-40.592,-0.6264
23416.606720,390.276779,6.504613,326.8324,327.9417,24.1428,26.3751,-9999,-59994.03,-9999,357.8418,370.8406,361.9188,-0.0436,-0.2142,-0.3734,-41.1577,-0.6345
23423.016960,390.383616,6.506394,326.744,327.8504,24.1377,26.3619,-9999,-59994.03,-9999,357.7339,370.7423,361.8199,-0.0468,-0.2179,-0.3766,-41.8434,-0.6426
23429.427200,390.490453,6.508174,326.5963,327.6749,24.0333,26.2967,-9999,-59994.03,-9999,357.6322,370.6428,361.7216,-0.0447,-0.2165,-0.3789,-41.8774,-0.6428
23435.837440,390.597291,6.509955,326.5096,327.6119,24.0661,26.2928,-9999,-59994.03,-9999,357.5585,370.5444,361.6189,-0.0397,-0.2132,-0.3772,-41.872,-0.6445
23442.247680,390.704128,6.511735,326.483,327.5968,24.1438,26.3518,-9999,-59994.03,-9999,357.4569,370.3845,361.4628,-0.0368,-0.2059,-0.3723,-41.8448,-0.6419
23448.657920,390.810965,6.513516,326.3969,327.4777,24.0941,26.3479,-9999,-59994.03,-9999,357.3503,370.2839,361.3696,-0.0353,-0.1978,-0.3651,-41.4059,-0.6362
23455.068160,390.917803,6.515297,326.2534,327.3391,24.0446,26.2879,-9999,-59994.03,-9999,357.2713,370.2497,361.3311,-0.0325,-0.1923,-0.3607,-41.0302,-0.6338
23461.478400,391.024640,6.517077,326.1664,327.2785,24.0807,26.2826,-9999,-59994.03,-9999,357.1862,370.1453,361.2293,-0.0355,-0.1927,-0.3542,-40.2604,-0.6327
23467.888640,391.131477,6.518858,326.0812,327.1689,24.0426,26.2773,-9999,-59994.03,-9999,357.0737,369.9908,361.0803,-0.0362,-0.1917,-0.3498,-39.903,-0.6321
23474.298880,391.238315,6.520639,325.9964,327.0859,24.0437,26.2815,-9999,-59994.03,-9999,356.9991,369.8884,360.982,-0.0377,-0.1937,-0.356,-40.2717,-0.6322
23480.709120,391.345152,6.522419,325.9044,327.0242,24.0781,26.2803,-9999,-59994.03,-9999,356.9132,369.7869,360.8846,-0.0403,-0.1979,-0.3582,-40.1584,-0.6291
23487.119360,391.451989,6.524200,325.8203,326.9068,24.0289,26.2741,-9999,-59994.03,-9999,356.8011,369.688,360.7909,-0.0392,-0.1955,-0.3508,-39.317,-0.6184
23493.529600,391.558827,6.525980,325.7357,326.8227,24.0324,26.2734,-9999,-59994.03,-9999,356.7247,369.6552,360.7642,-0.0361,-0.1914,-0.3455,-38.7719,-0.6098
23499.939840,391.665664,6.527761,325.6536,326.7649,24.0721,26.2713,-9999,-59994.03,-9999,356.6406,369.5523,360.6555,-0.0335,-0.192,-0.3469,-38.5954,-0.6065
23506.350080,391.772501,6.529542,325.5646,326.6567,24.0428,26.2681,-9999,-59994.03,-9999,356.5267,369.3913,360.4936,-0.0346,-0.1905,-0.342,-37.9185,-0.5993
23512.760320,391.879339,6.531322,325.48,326.5601,24.0209,26.2683,-9999,-59994.03,-9999,356.4354,369.2962,360.4006,-0.0345,-0.1883,-0.3372,-37.3868,-0.5922
23519.170560,391.986176,6.533103,325.3923,326.5068,24.0687,26.263,-9999,-59994.03,-9999,356.299,369.2069,360.3085,-0.0343,-0.1882,-0.3338,-36.9423,-0.5878
23525.580800,392.093013,6.534884,325.3095,326.3854,24.0174,26.2605,-9999,-59994.03,-9999,356.1865,369.1101,360.2189,-0.0313,-0.182,-0.3275,-36.1272,-0.5804
23531.991040,392.199851,6.536664,325.2245,326.3317,24.0638,26.2561,-9999,-59994.03,-9999,356.1152,369.0095,360.1182,-0.0312,-0.1822,-0.3221,-35.3021,-0.5732
23538.401280,392.306688,6.538445,325.139,326.2179,24.0116,26.2552,-9999,-59994.03,-9999,355.9984,368.9011,360.015,-0.0335,-0.1854,-0.3251,-35.3092,-0.5692
23544.811520,392.413525,6.540225,325.0524,326.1594,24.0555,26.2527,-9999,-59994.03,-9999,355.932,368.8093,359.9291,-0.0391,-0.1923,-0.3306,-35.5835,-0.5693
23551.221760,392.520363,6.542006,324.9714,326.0579,24.0199,26.2497,-9999,-59994.03,-9999,355.825,368.7085,359.8304,-0.0398,-0.1977,-0.3385,-35.934,-0.5721
23557.632000,392.627200,6.543787,324.8866,325.9863,24.0442,26.2444,-9999,-59994.03,-9999,355.7555,368.6105,359.7311,-0.0376,-0.1973,-0.3425,-36.2649,-0.5723
23564.042240,392.734037,6.545567,324.8,325.8888,24.0216,26.2405,-9999,-59994.03,-9999,355.6451,368.5135,359.6397,-0.0373,-0.1938,-0.3433,-36.0537,-0.5697
23570.452480,392.840875,6.547348,324.7148,325.804,24.0283,26.2386,-9999,-59994.03,-9999,355.5661,368.4161,359.537,-0.0401,-0.1928,-0.342,-35.8959,-0.5672
23576.862720,392.947712,6.549129,324.6237,325.7292,24.0384,26.2317,-9999,-59994.03,-9999,355.4699,368.3164,359.4409,-0.0384,-0.1904,-0.3392,-35.6449,-0.5636
23583.272960,393.054549,6.550909,324.5425,325.6158,23.9978,26.2303,-9999,-59994.03,-9999,355.3654,368.2222,359.3468,-0.0363,-0.1894,-0.3336,-35.6845,-0.5626
23589.683200,393.161387,6.552690,324.4563,325.5583,24.0363,26.2246,-9999,-59994.03,-9999,355.2979,368.1218,359.2509,-0.0352,-0.1901,-0.3335,-35.6271,-0.5624
23596.093440,393.268224,6.554470,324.3706,325.4713,24.0361,26.2243,-9999,-59994.03,-9999,355.1953,368.0207,359.1555,-0.0362,-0.1921,-0.3394,-36.04,-0.5629
23602.503680,393.375061,6.556251,324.2896,325.363,23.9985,26.2333,-9999,-59994.03,-9999,355.1004,367.919,359.0585,-0.0346,-0.1974,-0.3443,-36.3329,-0.5654
23608.913920,393.481899,6.558032,324.2018,325.2916,24.0109,26.2255,-9999,-59994.03,-9999,355.0234,367.8184,358.9601,-0.0386,-0.2014,-0.3462,-36.9314,-0.572
23615.324160,393.588736,6.559812,324.1211,325.2309,24.0433,26.223,-9999,-59994.03,-9999,354.9374,367.7195,358.8576,-0.0405,-0.2053,-0.3498,-37.6575,-0.5798
23621.734400,393.695573,6.561593,324.0347,325.1287,24.022,26.2188,-9999,-59994.03,-9999,354.8358,367.618,358.7602,-0.0372,-0.2002,-0.3509,-38.4138,-0.589
23628.144640,393.802411,6.563374,323.9474,325.026,23.9915,26.2223,-9999,-59994.03,-9999,354.7414,367.5262,358.675,-0.0379,-0.1959,-0.3487,-38.7459,-0.5978
23634.554880,393.909248,6.565154,323.8639,324.9531,24.0012,26.2283,-9999,-59994.03,-9999,354.6654,367.4282,358.5784,-0.0388,-0.1974,-0.3478,-38.5768,-0.5991
23640.965120,394.016085,6.566935,323.7775,324.8924,24.0331,26.222,-9999,-59994.03,-9999,354.5906,367.3249,358.4756,-0.0423,-0.2028,-0.3515,-39.0251,-0.6047
23647.375360,394.122923,6.568715,323.6887,324.7997,24.0276,26.2119,-9999,-59994.03,-9999,354.49,367.2236,358.3771,-0.0448,-0.209,-0.3597,-39.6682,-0.6112
23653.785600,394.229760,6.570496,323.5967,324.6832,23.9812,26.2064,-9999,-59994.03,-9999,354.3845,367.1221,358.2808,-0.0464,-0.2157,-0.3656,-40.1865,-0.6166
23660.195840,394.336597,6.572277,323.5186,324.6091,23.9913,26.2061,-9999,-59994.03,-9999,354.3014,367.0268,358.1871,-0.0478,-0.2188,-0.3663,-40.168,-0.618
23666.606080,394.443435,6.574057,323.4319,324.5536,24.0301,26.2008,-9999,-59994.03,-9999,354.2148,366.9299,358.0894,-0.0486,-0.2211,-0.3709,-40.4999,-0.625
23673.016320,394.550272,6.575838,323.3458,324.4455,24.0026,26.2015,-9999,-59994.03,-9999,354.1033,366.8405,357.994,-0.0468,-0.2231,-0.3764,-40.9581,-0.6306
23679.426560,394.657109,6.577618,323.258,324.3475,23.9807,26.1951,-9999,-59994.03,-9999,354.016,366.7487,357.9036,-0.0473,-0.2222,-0.3777,-41.2293,-0.6335
23685.836800,394.763947,6.579399,323.1765,324.2902,24.0329,26.1981,-9999,-59994.03,-9999,353.9332,366.6581,357.8069,-0.0458,-0.2174,-0.3766,-41.7723,-0.6397
23692.247040,394.870784,6.581180,323.0895,324.1781,23.9932,26.2011,-9999,-59994.03,-9999,353.8126,366.5641,357.7094,-0.0472,-0.2181,-0.379,-42.3847,-0.6438
23698.657280,394.977621,6.582960,323.0033,324.0906,23.9892,26.1976,-9999,-59994.03,-9999,353.7173,366.4663,357.6144,-0.0444,-0.2149,-0.3749,-42.1592,-0.6446
23705.067520,395.084459,6.584741,322.9144,324.0317,24.0306,26.1985,-9999,-59994.03,-9999,353.6289,366.377,357.5181,-0.043,-0.2116,-0.3709,-41.8842,-0.6437
23711.477760,395.191296,6.586522,322.8238,323.9022,23.9823,26.2013,-9999,-59994.03,-9999,353.5067,366.2838,357.4257,-0.0413,-0.2141,-0.3768,-42.1001,-0.6452
23717.888000,395.298133,6.588302,322.7336,323.8337,24.0153,26.2034,-9999,-59994.03,-9999,353.4361,366.1898,357.3278,-0.0418,-0.215,-0.3775,-41.8422,-0.6451
23724.298240,395.404971,6.590083,322.6463,323.7402,24.0029,26.2096,-9999,-59994.03,-9999,353.3206,366.0885,357.2335,-0.0382,-0.2077,-0.3724,-41.6292,-0.6442
23730.708480,395.511808,6.591863,322.5581,323.6538,24.0068,26.2193,-9999,-59994.03,-9999,353.2386,365.9932,357.1364,-0.0394,-0.207,-0.3686,-41.4421,-0.6419
23737.118720,395.618645,6.593644,322.4743,323.5805,24.0202,26.2271,-9999,-59994.03,-9999,353.1311,365.8952,357.0334,-0.0376,-0.2011,-0.3617,-40.8837,-0.6351
23743.528960,395.725483,6.595425,322.3917,323.4761,23.9939,26.2338,-9999,-59994.03,-9999,353.0443,365.7998,356.9387,-0.0352,-0.1959,-0.3534,-40.0171,-0.6278
23749.939200,395.832320,6.597205,322.3066,323.4267,24.0465,26.2393,-9999,-59994.03,-9999,352.957,365.7005,356.8447,-0.0345,-0.1915,-0.3458,-38.8269,-0.6135
23756.349440,395.939157,6.598986,322.2251,323.3133,24.0033,26.2471,-9999,-59994.03,-9999,352.8466,365.6054,356.761,-0.0366,-0.1903,-0.3395,-37.7156,-0.6038
23762.759680,396.045995,6.600767,322.141,323.2305,24.0079,26.2564,-9999,-59994.03,-9999,352.7635,365.5116,356.6642,-0.0346,-0.187,-0.3333,-36.8566,-0.5981
23769.169920,396.152832,6.602547,322.0599,323.1736,24.0546,26.2594,-9999,-59994.03,-9999,352.674,365.4087,356.5719,-0.0358,-0.1857,-0.3286,-36.4694,-0.5911
23775.580160,396.259669,6.604328,321.9737,323.0769,24.0444,26.2681,-9999,-59994.03,-9999,352.5634,365.3127,356.4746,-0.0359,-0.1845,-0.3268,-35.7056,-0.5807
23781.990400,396.366507,6.606108,321.89,322.9704,24.0128,26.2753,-9999,-59994.03,-9999,352.4596,365.2211,356.3785,-0.0307,-0.1788,-0.3188,-34.9915,-0.5717
23788.400640,396.473344,6.607889,321.808,322.8956,24.0241,26.2863,-9999,-59994.03,-9999,352.3772,365.1242,356.2861,-0.0325,-0.1777,-0.3165,-34.8288,-0.5676
23794.810880,396.580181,6.609670,321.7216,322.8351,24.0677,26.2928,-9999,-59994.03,-9999,352.2999,365.0288,356.196,-0.0321,-0.1789,-0.3173,-34.8994,-0.5659
23801.221120,396.687019,6.611450,321.6389,322.7409,24.0518,26.3008,-9999,-59994.03,-9999,352.1906,364.9319,356.0976,-0.0341,-0.1818,-0.3166,-34.8725,-0.5671
23807.631360,396.793856,6.613231,321.5516,322.6306,24.0174,26.3082,-9999,-59994.03,-9999,352.0862,364.8324,356.0002,-0.0379,-0.1838,-0.3204,-35.535,-0.5731
23814.041600,396.900693,6.615012,321.4665,322.5578,24.04,26.31,-9999,-59994.03,-9999,352.0022,364.7383,355.9052,-0.0398,-0.1864,-0.329,-36.1007,-0.5751
23820.451840,397.007531,6.616792,321.3814,322.495,24.0719,26.3169,-9999,-59994.03,-9999,351.9106,364.6487,355.815,-0.0419,-0.1915,-0.3339,-36.315,-0.5753
23826.862080,397.114368,6.618573,321.2959,322.3767,24.0324,26.325,-9999,-59994.03,-9999,351.8,364.554,355.7173,-0.0465,-0.1991,-0.3405,-36.8202,-0.5789
23833.272320,397.221205,6.620353,321.2115,322.2997,24.0442,26.331,-9999,-59994.03,-9999,351.7216,364.458,355.6342,-0.045,-0.2038,-0.3491,-37.6884,-0.5851
23839.682560,397.328043,6.622134,321.1286,322.2371,24.0832,26.3347,-9999,-59994.03,-9999,351.6923,364.3618,355.5392,-0.0428,-0.2064,-0.3516,-37.7808,-0.585
23846.092800,397.434880,6.623915,321.0471,322.1259,24.0407,26.3393,-9999,-59994.03,-9999,351.5846,364.258,355.4424,-0.0391,-0.2031,-0.3459,-36.9782,-0.5805
23852.503040,397.541717,6.625695,320.9543,322.0444,24.0467,26.3326,-9999,-59994.03,-9999,351.5052,364.1571,355.3423,-0.038,-0.1984,-0.341,-36.4451,-0.578
23858.913280,397.648555,6.627476,320.8739,321.9861,24.0853,26.3292,-9999,-59994.03,-9999,351.4204,364.0602,355.2541,-0.037,-0.1944,-0.3402,-36.2779,-0.5769
23865.323520,397.755392,6.629257,320.7837,321.8664,24.0389,26.3269,-9999,-59994.03,-9999,351.31,363.9588,355.1511,-0.036,-0.1932,-0.3373,-35.9817,-0.5728
23871.733760,397.862229,6.631037,320.7,321.7965,24.065,26.328,-9999,-59994.03,-9999,351.2322,363.8701,355.0618,-0.0354,-0.1917,-0.3376,-36.2904,-0.5748
23878.144000,397.969067,6.632818,320.6173,321.7273,24.0751,26.3333,-9999,-59994.03,-9999,351.1358,363.7783,354.9683,-0.0352,-0.194,-0.3384,-36.4527,-0.577
23884.554240,398.075904,6.634598,320.5335,321.6094,24.0419,26.3315,-9999,-59994.03,-9999,351.0446,363.6721,354.8777,-0.0346,-0.1929,-0.3374,-36.4656,-0.5763
23890.964480,398.182741,6.636379,320.4507,321.5645,24.0924,26.3301,-9999,-59994.03,-9999,350.9636,363.5873,354.7926,-0.0333,-0.1903,-0.3378,-36.5436,-0.5767
23897.374720,398.289579,6.638160,320.3682,321.447,24.0458,26.3421,-9999,-59994.03,-9999,350.8549,363.4895,354.6969,-0.0348,-0.1929,-0.3399,-36.7677,-0.5799
23903.784960,398.396416,6.639940,320.2824,321.3876,24.0825,26.3375,-9999,-59994.03,-9999,350.7927,363.4023,354.6085,-0.0446,-0.2025,-0.347,-37.3802,-0.5899
23910.195200,398.503253,6.641721,320.1991,321.3036,24.0818,26.3351,-9999,-59994.03,-9999,350.6847,363.2999,354.5115,-0.0478,-0.2076,-0.3519,-37.9277,-0.5964
23916.605440,398.610091,6.643502,320.1124,321.1922,24.0412,26.3278,-9999,-59994.03,-9999,350.5885,363.1987,354.4118,-0.0473,-0.2076,-0.3559,-38.2178,-0.5967
23923.015680,398.716928,6.645282,320.0286,321.1446,24.0998,26.3296,-9999,-59994.03,-9999,350.5094,363.1064,354.3214,-0.0471,-0.2106,-0.3582,-38.3311,-0.5946
23929.425920,398.823765,6.647063,319.9397,321.026,24.0502,26.322,-9999,-59994.03,-9999,350.4025,362.9995,354.2256,-0.0469,-0.2102,-0.3588,-38.3422,-0.5939
23935.836160,398.930603,6.648843,319.8533,320.9536,24.0705,26.3211,-9999,-59994.03,-9999,350.3289,362.8997,354.1217,-0.0419,-0.2076,-0.3585,-38.3073,-0.5916
23942.246400,399.037440,6.650624,319.7737,320.8766,24.0737,26.3179,-9999,-59994.03,-9999,350.2252,362.8015,354.0284,-0.0438,-0.2094,-0.3626,-38.6292,-0.5942
23948.656640,399.144277,6.652405,319.685,320.7807,24.062,26.3117,-9999,-59994.03,-9999,350.1467,362.6988,353.9276,-0.0472,-0.2171,-0.3719,-39.4868,-0.6016
23955.066880,399.251115,6.654185,319.6059,320.7155,24.0788,26.319,-9999,-59994.03,-9999,350.0509,362.5994,353.8303,-0.0429,-0.215,-0.3743,-40.5422,-0.6109
23961.477120,399.357952,6.655966,319.5168,320.6141,24.0636,26.3126,-9999,-59994.03,-9999,349.9691,362.4976,353.7353,-0.0399,-0.2109,-0.3703,-40.6676,-0.613
23967.887360,399.464789,6.657746,319.4355,320.5437,24.0788,26.3144,-9999,-59994.03,-9999,349.8769,362.3984,353.6453,-0.041,-0.2102,-0.366,-40.3558,-0.6144
23974.297600,399.571627,6.659527,319.351,320.4401,24.0573,26.3057,-9999,-59994.03,-9999,349.8018,362.3063,353.5536,-0.045,-0.2134,-0.3692,-40.6388,-0.6164
23980.707840,399.678464,6.661308,319.273,320.384,24.0892,26.3075,-9999,-59994.03,-9999,349.7107,362.2094,353.457,-0.0485,-0.2194,-0.3719,-40.9147,-0.6202
23987.118080,399.785301,6.663088,319.1838,320.2669,24.0465,26.2981,-9999,-59994.03,-9999,349.6133,362.1153,353.3577,-0.0504,-0.2205,-0.3757,-41.1383,-0.6259
23993.528320,399.892139,6.664869,319.103,320.2162,24.0938,26.2944,-9999,-59994.03,-9999,349.5351,362.023,353.265,-0.0501,-0.2218,-0.3764,-40.8502,-0.6249
23999.938560,399.998976,6.666650,319.0154,320.094,24.0375,26.2895,-9999,-59994.03,-9999,349.4373,361.9296,353.1726,-0.0469,-0.218,-0.3742,-40.6945,-0.6226
24006.348800,400.105813,6.668430,318.9358,320.0464,24.0929,26.2914,-9999,-59994.03,-9999,349.3738,361.8331,353.0798,-0.0414,-0.2145,-0.3705,-40.5677,-0.6233
24012.759040,400.212651,6.670211,318.8516,319.9406,24.0516,26.2905,-9999,-59994.03,-9999,349.2691,361.7437,352.9896,-0.0417,-0.2137,-0.3692,-40.8119,-0.6282
24019.169280,400.319488,6.671991,318.7678,319.8686,24.0726,26.2808,-9999,-59994.03,-9999,349.2033,361.6463,352.8877,-0.0455,-0.2174,-0.3731,-41.4414,-0.6317
24025.579520,400.426325,6.673772,318.6811,319.7837,24.068,26.2789,-9999,-59994.03,-9999,349.0944,361.5507,352.7948,-0.0455,-0.2142,-0.3731,-41.4697,-0.6292
24031.989760,400.533163,6.675553,318.5999,319.6852,24.046,26.2762,-9999,-59994.03,-9999,349.0104,361.4502,352.6957,-0.0416,-0.2102,-0.373,-41.41,-0.6295
24038.400000,400.640000,6.677333,318.5179,319.6315,24.0871,26.2716,-9999,-59994.03,-9999,348.9202,361.3606,352.6102,-0.0444,-0.2136,-0.3772,-41.3186,-0.6331
24044.810240,400.746837,6.679114,318.4272,319.5053,24.0269,26.2688,-9999,-59994.03,-9999,348.8215,361.2663,352.5193,-0.0492,-0.2223,-0.3822,-41.7867,-0.6391
24051.220480,400.853675,6.680895,318.3483,319.4669,24.0885,26.272,-9999,-59994.03,-9999,348.7503,361.1649,352.4258,-0.0493,-0.2249,-0.386,-42.1807,-0.6431
24057.630720,400.960512,6.682675,318.2613,319.338,24.0283,26.2587,-9999,-59994.03,-9999,348.6425,361.0611,352.3258,-0.0478,-0.2239,-0.3874,-42.3765,-0.6493
24064.040960,401.067349,6.684456,318.1773,319.2808,24.0573,26.255,-9999,-59994.03,-9999,348.5756,360.9723,352.2306,-0.0502,-0.2271,-0.3903,-42.5165,-0.6513
24070.451200,401.174187,6.686236,318.0975,319.2099,24.0786,26.2511,-9999,-59994.03,-9999,348.4876,360.8793,352.1419,-0.0522,-0.2304,-0.393,-42.59,-0.6506
24076.861440,401.281024,6.688017,318.0119,319.0937,24.0319,26.2513,-9999,-59994.03,-9999,348.386,360.7788,352.0486,-0.0516,-0.235,-0.3977,-43.4339,-0.6563
24083.271680,401.387861,6.689798,317.9334,319.0142,24.0352,26.2432,-9999,-59994.03,-9999,348.3016,360.6759,351.9544,-0.0515,-0.2368,-0.403,-44.1132,-0.662
24089.681920,401.494699,6.691578,317.8514,318.9518,24.0645,26.2453,-9999,-59994.03,-9999,348.2344,360.5931,351.866,-0.0539,-0.2401,-0.41,-44.9841,-0.6683
24096.092160,401.601536,6.693359,317.7667,318.8752,24.0818,26.2421,-9999,-59994.03,-9999,348.1464,360.4948,351.7707,-0.0522,-0.2376,-0.4072,-44.9617,-0.6703
24102.502400,401.708373,6.695140,317.6793,318.7762,24.065,26.2347,-9999,-59994.03,-9999,348.0419,360.3901,351.6743,-0.0477,-0.233,-0.4044,-44.8154,-0.672
24108.912640,401.815211,6.696920,317.5986,318.6736,24.0319,26.2285,-9999,-59994.03,-9999,347.8836,360.2889,351.574,-0.0511,-0.2383,-0.4097,-45.3365,-0.6715
24115.322880,401.922048,6.698701,317.5139,318.5909,24.0246,26.2259,-9999,-59994.03,-9999,347.7973,360.1901,351.4816,-0.0551,-0.2471,-0.416,-45.6913,-0.6763
24121.733120,402.028885,6.700481,317.4336,318.5333,24.0613,26.2227,-9999,-59994.03,-9999,347.787,360.0927,351.3828,-0.0563,-0.2522,-0.4199,-45.9846,-0.6793
24128.143360,402.135723,6.702262,317.3482,318.4597,24.0742,26.2158,-9999,-59994.03,-9999,347.6996,360.0026,351.2892,-0.0562,-0.255,-0.4235,-46.381,-0.6847
24134.553600,402.242560,6.704043,317.2608,318.3592,24.0513,26.2112,-9999,-59994.03,-9999,347.5341,359.901,351.1932,-0.0564,-0.2551,-0.425,-46.7126,-0.693
24140.963840,402.349397,6.705823,317.1826,318.2597,24.0236,26.2091,-9999,-59994.03,-9999,347.4425,359.8025,351.099,-0.0565,-0.2544,-0.4241,-46.7312,-0.694
24147.374080,402.456235,6.707604,317.1003,318.1868,24.0313,26.2135,-9999,-59994.03,-9999,347.3625,359.7048,351.0004,-0.051,-0.2492,-0.4173,-46.3722,-0.6938
24153.784320,402.563072,6.709385,317.0187,318.1292,24.0661,26.214,-9999,-59994.03,-9999,347.2889,359.6081,350.9139,-0.0509,-0.239,-0.411,-45.7666,-0.6855
24160.194560,402.669909,6.711165,316.9369,318.0467,24.0721,26.2087,-9999,-59994.03,-9999,347.204,359.5069,350.8195,-0.0457,-0.2289,-0.4018,-44.8773,-0.6759
24166.604800,402.776747,6.712946,316.8493,317.9394,24.0356,26.2045,-9999,-59994.03,-9999,347.0982,359.413,350.7302,-0.0421,-0.2217,-0.3958,-44.4245,-0.6753
24173.015040,402.883584,6.714726,316.771,317.8484,24.0192,26.2031,-9999,-59994.03,-9999,347.009,359.3256,350.6351,-0.0426,-0.2165,-0.3881,-43.8988,-0.6749
24179.425280,402.990421,6.716507,316.6901,317.7899,24.0571,26.2041,-9999,-59994.03,-9999,346.9316,359.2288,350.5428,-0.039,-0.2105,-0.3774,-43.1193,-0.669
24185.835520,403.097259,6.718288,316.6027,317.7145,24.0728,26.2011,-9999,-59994.03,-9999,346.8409,359.1358,350.4486,-0.0386,-0.2075,-0.3706,-42.2622,-0.6618
24192.245760,403.204096,6.720068,316.5181,317.6082,24.0389,26.1932,-9999,-59994.03,-9999,346.7396,359.0475,350.3626,-0.0423,-0.2115,-0.3677,-41.7678,-0.6559
24198.656000,403.310933,6.721849,316.4426,317.514,24.0146,26.1914,-9999,-59994.03,-9999,346.6491,358.9492,350.2686,-0.0425,-0.2136,-0.37,-41.807,-0.6504
24205.066240,403.417771,6.723630,316.3571,317.4506,24.0405,26.181,-9999,-59994.03,-9999,346.5779,358.8522,350.1766,-0.0429,-0.2142,-0.3723,-41.8141,-0.6513
24211.476480,403.524608,6.725410,316.2744,317.3891,24.0661,26.1773,-9999,-59994.03,-9999,346.4943,358.7496,350.0755,-0.0406,-0.2107,-0.3714,-41.7704,-0.6511
24217.886720,403.631445,6.727191,316.1924,317.2959,24.0573,26.1739,-9999,-59994.03,-9999,346.3963,358.6529,349.9902,-0.0399,-0.2113,-0.3722,-41.5748,-0.6471
24224.296960,403.738283,6.728971,316.1128,317.1899,24.0209,26.173,-9999,-59994.03,-9999,346.2995,358.5592,349.8955,-0.0457,-0.2161,-0.3752,-41.7132,-0.6484
24230.707200,403.845120,6.730752,316.0331,317.121,24.0257,26.1792,-9999,-59994.03,-9999,346.2217,358.4629,349.8,-0.047,-0.2186,-0.3787,-41.7253,-0.6466
24237.117440,403.951957,6.732533,315.9502,317.0652,24.067,26.1734,-9999,-59994.03,-9999,346.1448,358.3738,349.7088,-0.0439,-0.2165,-0.3764,-41.44,-0.6439
24243.527680,404.058795,6.734313,315.8677,316.961,24.0366,26.1753,-9999,-59994.03,-9999,346.0367,358.2833,349.6128,-0.0471,-0.2187,-0.3751,-41.4258,-0.6451
24249.937920,404.165632,6.736094,315.7796,316.8664,24.0172,26.1702,-9999,-59994.03,-9999,345.9475,358.1881,349.5217,-0.0444,-0.22,-0.3797,-41.9473,-0.6473
24256.348160,404.272469,6.737874,315.6995,316.8132,24.0624,26.1707,-9999,-59994.03,-9999,345.8717,358.1013,349.4373,-0.0426,-0.2186,-0.3817,-42.0869,-0.6469
24262.758400,404.379307,6.739655,315.617,316.6913,24.0024,26.1716,-9999,-59994.03,-9999,345.7734,358.0203,349.3479,-0.0449,-0.2227,-0.3889,-42.9209,-0.6537
24269.168640,404.486144,6.741436,315.5353,316.6446,24.0562,26.1732,-9999,-59994.03,-9999,345.6967,357.9206,349.2539,-0.0455,-0.228,-0.3965,-43.4231,-0.6557
24275.578880,404.592981,6.743216,315.4521,316.5304,24.0047,26.1681,-9999,-59994.03,-9999,345.5913,357.832,349.1668,-0.0496,-0.2315,-0.3986,-43.5131,-0.6555
24281.989120,404.699819,6.744997,315.3696,316.4785,24.0509,26.1667,-9999,-59994.03,-9999,345.5299,357.7459,349.0797,-0.0527,-0.234,-0.4001,-43.891,-0.6615
24288.399360,404.806656,6.746778,315.2833,316.3589,23.9957,26.1637,-9999,-59994.03,-9999,345.4172,357.6369,348.9823,-0.0491,-0.2332,-0.4011,-44.3386,-0.665
24294.809600,404.913493,6.748558,315.205,316.3112,24.0509,26.1667,-9999,-59994.03,-9999,345.3538,357.545,348.8941,-0.05,-0.2341,-0.4026,-44.4725,-0.668
24301.219840,405.020331,6.750339,315.1216,316.1947,23.992,26.1642,-9999,-59994.03,-9999,345.2509,357.4498,348.7983,-0.0493,-0.2304,-0.4036,-44.6331,-0.6696
24307.630080,405.127168,6.752119,315.0404,316.1531,24.0474,26.1637,-9999,-59994.03,-9999,345.1759,357.3579,348.7065,-0.049,-0.2315,-0.4038,-44.5896,-0.6701
24314.040320,405.234005,6.753900,314.9529,316.0284,23.992,26.1531,-9999,-59994.03,-9999,345.0852,357.2622,348.6182,-0.0476,-0.2288,-0.398,-44.0577,-0.6661
24320.450560,405.340843,6.755681,314.8791,315.983,24.0326,26.1559,-9999,-59994.03,-9999,345.0047,357.1712,348.5284,-0.0476,-0.2271,-0.3948,-43.8482,-0.6633
24326.860800,405.447680,6.757461,314.7924,315.8736,23.9999,26.1522,-9999,-59994.03,-9999,344.925,357.0841,348.4469,-0.0473,-0.2288,-0.3967,-44.0643,-0.6614
24333.271040,405.554517,6.759242,314.7152,315.8166,24.0218,26.1554,-9999,-59994.03,-9999,344.829,356.9909,348.3515,-0.0502,-0.2317,-0.3979,-44.2885,-0.6626
24339.681280,405.661355,6.761023,314.6288,315.7256,24.0149,26.1455,-9999,-59994.03,-9999,344.7547,356.8943,348.2599,-0.047,-0.2276,-0.398,-44.0906,-0.663
24346.091520,405.768192,6.762803,314.551,315.6364,23.9934,26.1435,-9999,-59994.03,-9999,344.6468,356.7984,348.1619,-0.0458,-0.2261,-0.3931,-43.9439,-0.6658
24352.501760,405.875029,6.764584,314.4646,315.574,24.0289,26.1432,-9999,-59994.03,-9999,344.5779,356.7132,348.0794,-0.05,-0.2289,-0.3924,-44.0247,-0.6695
24358.912000,405.981867,6.766364,314.3868,315.4637,23.9784,26.1352,-9999,-59994.03,-9999,344.4602,356.6075,347.9803,-0.0522,-0.2306,-0.3894,-43.4505,-0.6642
24365.322240,406.088704,6.768145,314.3013,315.4163,24.0315,26.1349,-9999,-59994.03,-9999,344.3895,356.5165,347.888,-0.0493,-0.2281,-0.3867,-42.9854,-0.6586
24371.732480,406.195541,6.769926,314.2184,315.2946,23.9745,26.1303,-9999,-59994.03,-9999,344.2849,356.419,347.7938,-0.0462,-0.2264,-0.3873,-42.5305,-0.6517
24378.142720,406.302379,6.771706,314.1405,315.2483,24.0142,26.1289,-9999,-59994.03,-9999,344.1993,356.326,347.7039,-0.0455,-0.2234,-0.3815,-41.8637,-0.6457
24384.552960,406.409216,6.773487,314.0539,315.1437,23.9952,26.1225,-9999,-59994.03,-9999,344.121,356.238,347.6146,-0.041,-0.214,-0.3716,-41.1676,-0.6425
24390.963200,406.516053,6.775268,313.9814,315.0777,23.9945,26.1218,-9999,-59994.03,-9999,344.0078,356.1428,347.5239,-0.037,-0.2106,-0.3675,-40.7625,-0.6401
24397.373440,406.622891,6.777048,313.8957,315.0061,24.0199,26.1179,-9999,-59994.03,-9999,343.9482,356.052,347.4341,-0.0394,-0.2149,-0.3723,-40.9758,-0.6393
24403.783680,406.729728,6.778829,313.8148,314.8979,23.9731,26.1124,-9999,-59994.03,-9999,343.8332,355.959,347.3438,-0.0442,-0.2197,-0.376,-41.2179,-0.6403
24410.193920,406.836565,6.780609,313.7398,314.8562,24.0322,26.1158,-9999,-59994.03,-9999,343.7643,355.8599,347.2487,-0.0447,-0.2216,-0.3814,-41.6062,-0.6425
24416.604160,406.943403,6.782390,313.6563,314.7339,23.971,26.1119,-9999,-59994.03,-9999,343.663,355.768,347.1586,-0.0415,-0.2187,-0.3816,-41.3313,-0.6375
24423.014400,407.050240,6.784171,313.5756,314.6894,24.0202,26.1112,-9999,-59994.03,-9999,343.5803,355.6716,347.0633,-0.0383,-0.2131,-0.378,-40.9763,-0.6312
24429.424640,407.157077,6.785951,313.4836,314.5789,23.9842,26.1013,-9999,-59994.03,-9999,343.4962,355.5806,346.9745,-0.0402,-0.2131,-0.3783,-41.0576,-0.6317
24435.834880,407.263915,6.787732,313.4118,314.5154,23.9994,26.1064,-9999,-59994.03,-9999,343.3892,355.4836,346.8778,-0.0439,-0.2183,-0.3828,-41.6384,-0.6384
24442.245120,407.370752,6.789513,313.3259,314.4245,23.9892,26.0995,-9999,-59994.03,-9999,343.3189,355.3981,346.7902,-0.0482,-0.2234,-0.3859,-42.2548,-0.6433
24448.655360,407.477589,6.791293,313.2444,314.3453,23.9874,26.0983,-9999,-59994.03,-9999,343.2168,355.3024,346.7026,-0.049,-0.2274,-0.3954,-43.2995,-0.6502
24455.065600,407.584427,6.793074,313.1618,314.2661,23.9973,26.0919,-9999,-59994.03,-9999,343.1538,355.2166,346.6215,-0.0497,-0.2343,-0.403,-43.917,-0.6563
24461.475840,407.691264,6.794854,313.0806,314.1744,23.9703,26.0942,-9999,-59994.03,-9999,343.0504,355.1329,346.5301,-0.0498,-0.2356,-0.4038,-44.0256,-0.6576
24467.886080,407.798101,6.796635,312.9996,314.1252,24.0096,26.096,-9999,-59994.03,-9999,342.9859,355.0412,346.4407,-0.0482,-0.2343,-0.399,-43.4932,-0.6575
24474.296320,407.904939,6.798416,312.9159,314.0028,23.9606,26.0847,-9999,-59994.03,-9999,342.8769,354.9435,346.3449,-0.0448,-0.2298,-0.398,-43.7651,-0.6589
24480.706560,408.011776,6.800196,312.8329,313.9503,24.0121,26.0847,-9999,-59994.03,-9999,342.8075,354.8553,346.2568,-0.0437,-0.2281,-0.3968,-43.6335,-0.6607
24487.116800,408.118613,6.801977,312.7577,313.8317,23.9562,26.075,-9999,-59994.03,-9999,342.7025,354.7708,346.1579,-0.0445,-0.226,-0.3914,-43.4394,-0.6599
24493.527040,408.225451,6.803758,312.6742,313.7936,24.0089,26.0746,-9999,-59994.03,-9999,342.6299,354.6579,346.0676,-0.0448,-0.2233,-0.3879,-42.9152,-0.6558
24499.937280,408.332288,6.805538,312.5934,313.6773,23.9615,26.067,-9999,-59994.03,-9999,342.5236,354.5669,345.9747,-0.041,-0.2182,-0.3831,-42.4613,-0.649
24506.347520,408.439125,6.807319,312.5131,313.6044,23.9622,26.0642,-9999,-59994.03,-9999,342.4464,354.4811,345.8895,-0.039,-0.2153,-0.3782,-41.9279,-0.645
24512.757760,408.545963,6.809099,312.4307,313.5504,24.0008,26.0631,-9999,-59994.03,-9999,342.371,354.395,345.8001,-0.0395,-0.2129,-0.3737,-41.675,-0.6437
24519.168000,408.652800,6.810880,312.3495,313.4645,23.9939,26.0596,-9999,-59994.03,-9999,342.2693,354.3041,345.7051,-0.0386,-0.2081,-0.3729,-41.5533,-0.6409
24525.578240,408.759637,6.812661,312.27,313.3528,23.9509,26.0524,-9999,-59994.03,-9999,342.1665,354.2191,345.622,-0.0419,-0.209,-0.3731,-41.3169,-0.6382
24531.988480,408.866475,6.814441,312.1861,313.2866,23.9694,26.0444,-9999,-59994.03,-9999,342.0938,354.073,345.4713,-0.0422,-0.2119,-0.3739,-41.3382,-0.6387
24538.398720,408.973312,6.816222,312.1021,313.2226,23.9999,26.0423,-9999,-59994.03,-9999,342.0056,353.9835,345.3732,-0.0443,-0.2131,-0.3739,-41.2404,-0.6383
24544.808960,409.080149,6.818002,312.0191,313.1089,23.9551,26.0359,-9999,-59994.03,-9999,341.832,353.8938,345.2872,-0.0414,-0.2098,-0.3697,-40.767,-0.6334
24551.219200,409.186987,6.819783,311.9329,313.0201,23.9479,26.0315,-9999,-59994.03,-9999,341.7595,353.8056,345.1996,-0.0394,-0.2076,-0.3662,-40.2783,-0.6262
24557.629440,409.293824,6.821564,311.8508,312.966,23.9941,26.026,-9999,-59994.03,-9999,341.7293,353.7101,345.1008,-0.0404,-0.2083,-0.3647,-39.9982,-0.6218
24564.039680,409.400661,6.823344,311.7673,312.85,23.9382,26.0296,-9999,-59994.03,-9999,341.6178,353.6175,345.0045,-0.0402,-0.2063,-0.3618,-39.4087,-0.6149
24570.449920,409.507499,6.825125,311.6842,312.8051,23.9978,26.0338,-9999,-59994.03,-9999,341.5388,353.52,344.9087,-0.0371,-0.201,-0.3565,-38.9559,-0.6052
24576.860160,409.614336,6.826906,311.6048,312.6909,23.9484,26.0356,-9999,-59994.03,-9999,341.4273,353.418,344.811,-0.0326,-0.1959,-0.3514,-38.4809,-0.6015
24583.270400,409.721173,6.828686,311.5197,312.639,23.9975,26.0437,-9999,-59994.03,-9999,341.3546,353.3212,344.719,-0.0295,-0.1878,-0.3452,-37.8521,-0.5971
24589.680640,409.828011,6.830467,311.4351,312.5152,23.9458,26.0552,-9999,-59994.03,-9999,341.2433,353.2303,344.6231,-0.0287,-0.1831,-0.3378,-37.0809,-0.5923
24596.090880,409.934848,6.832247,311.3536,312.4792,24.0112,26.066,-9999,-59994.03,-9999,341.167,353.1384,344.5326,-0.0345,-0.1838,-0.3352,-36.6511,-0.5902
24602.501120,410.041685,6.834028,311.2703,312.3566,23.9585,26.0723,-9999,-59994.03,-9999,341.0753,353.0422,344.4389,-0.0358,-0.1833,-0.3283,-35.8733,-0.5836
24608.911360,410.148523,6.835809,311.1917,312.3122,24.0061,26.0824,-9999,-59994.03,-9999,340.9767,352.9538,344.3498,-0.0338,-0.182,-0.3249,-35.2377,-0.5757
24615.321600,410.255360,6.837589,311.1067,312.2057,23.9899,26.0937,-9999,-59994.03,-9999,340.9033,352.8603,344.2672,-0.0359,-0.1854,-0.3261,-35.5305,-0.5764
24621.731840,410.362197,6.839370,311.0366,312.1365,23.9957,26.1087,-9999,-59994.03,-9999,340.7916,352.7761,344.1814,-0.0397,-0.1909,-0.3305,-35.9519,-0.5778
24628.142080,410.469035,6.841151,310.9562,312.0763,24.0409,26.1165,-9999,-59994.03,-9999,340.7277,352.6875,344.0942,-0.0413,-0.1942,-0.3333,-35.5761,-0.5712
24634.552320,410.575872,6.842931,310.8794,311.9651,23.9929,26.1255,-9999,-59994.03,-9999,340.612,352.5904,344.0008,-0.0385,-0.1927,-0.3332,-35.1666,-0.5657
24640.962560,410.682709,6.844712,310.7981,311.9183,24.0539,26.1338,-9999,-59994.03,-9999,340.5428,352.5097,343.9163,-0.036,-0.1964,-0.3377,-35.4706,-0.5669
24647.372800,410.789547,6.846492,310.7245,311.8008,24.0026,26.1444,-9999,-59994.03,-9999,340.4408,352.4255,343.8259,-0.0379,-0.196,-0.3377,-35.7956,-0.5672
24653.783040,410.896384,6.848273,310.647,311.7567,24.0677,26.1591,-9999,-59994.03,-9999,340.3585,352.3309,343.733,-0.0403,-0.1983,-0.3427,-36.2434,-0.5696
24660.193280,411.003221,6.850054,310.5628,311.6398,24.0109,26.1658,-9999,-59994.03,-9999,340.2548,352.2487,343.6498,-0.0425,-0.203,-0.3447,-36.417,-0.5692
24666.603520,411.110059,6.851834,310.4835,311.5964,24.0763,26.1773,-9999,-59994.03,-9999,340.1729,352.1594,343.5581,-0.0369,-0.2012,-0.3468,-36.7975,-0.5699
24673.013760,411.216896,6.853615,310.402,311.4724,24.0179,26.1773,-9999,-59994.03,-9999,340.0663,352.0677,343.4667,-0.0358,-0.1969,-0.3433,-36.6289,-0.5701
24679.424000,411.323733,6.855396,310.3194,311.4287,24.0816,26.1863,-9999,-59994.03,-9999,339.9913,351.9772,343.3815,-0.0381,-0.1951,-0.3403,-36.5327,-0.5738
24685.834240,411.430571,6.857176,310.2412,311.3081,24.0292,26.1951,-9999,-59994.03,-9999,339.8838,351.8899,343.2914,-0.0368,-0.1926,-0.3344,-36.1907,-0.5756
24692.244480,411.537408,6.858957,310.1604,311.2555,24.0747,26.2015,-9999,-59994.03,-9999,339.8143,351.7931,343.2022,-0.0347,-0.1905,-0.331,-36.0412,-0.5749
24698.654720,411.644245,6.860737,310.0791,311.1641,24.0555,26.2045,-9999,-59994.03,-9999,339.7119,351.7073,343.1125,-0.0326,-0.189,-0.3316,-36.1855,-0.5763
24705.064960,411.751083,6.862518,309.9971,311.0757,24.0511,26.2107,-9999,-59994.03,-9999,339.6253,351.6184,343.0216,-0.0344,-0.1875,-0.3315,-36.2271,-0.5791
24711.475200,411.857920,6.864299,309.9154,311.0181,24.0901,26.2186,-9999,-59994.03,-9999,339.5372,351.5262,342.9321,-0.0387,-0.1916,-0.3371,-36.6643,-0.5818
24717.885440,411.964757,6.866079,309.8336,310.8988,24.0409,26.219,-9999,-59994.03,-9999,339.4339,351.4365,342.8436,-0.0388,-0.1949,-0.3396,-36.9541,-0.5829
24724.295680,412.071595,6.867860,309.7528,310.8547,24.0991,26.2271,-9999,-59994.03,-9999,339.3649,351.3447,342.7553,-0.0419,-0.1995,-0.3427,-37.0826,-0.5823
24730.705920,412.178432,6.869641,309.6731,310.7425,24.0504,26.2338,-9999,-59994.03,-9999,339.2574,351.2458,342.6665,-0.0468,-0.2043,-0.3453,-37.3403,-0.5856
24737.116160,412.285269,6.871421,309.5929,310.693,24.1007,26.2359,-9999,-59994.03,-9999,339.1891,351.1481,342.5762,-0.0455,-0.2072,-0.3478,-37.5779,-0.5886
24743.526400,412.392107,6.873202,309.5071,310.5811,24.0587,26.2347,-9999,-59994.03,-9999,339.0802,351.0603,342.4952,-0.0437,-0.2097,-0.3509,-37.9263,-0.5933
24749.936640,412.498944,6.874982,309.4269,310.5168,24.0876,26.2347,-9999,-59994.03,-9999,339.0168,350.9599,342.3991,-0.0376,-0.2054,-0.3507,-37.9868,-0.594
24756.346880,412.605781,6.876763,309.3447,310.4395,24.0897,26.24,-9999,-59994.03,-9999,338.9175,350.8625,342.3079,-0.0372,-0.2028,-0.3502,-37.4778,-0.5876
24762.757120,412.712619,6.878544,309.2605,310.3318,24.055,26.2382,-9999,-59994.03,-9999,338.8246,350.7639,342.2171,-0.0392,-0.2002,-0.3483,-37.0292,-0.5824
24769.167360,412.819456,6.880324,309.1798,310.279,24.0908,26.2389,-9999,-59994.03,-9999,338.7523,350.6677,342.1245,-0.037,-0.1996,-0.3459,-36.7692,-0.5791
24775.577600,412.926293,6.882105,309.0974,310.2091,24.1118,26.2382,-9999,-59994.03,-9999,338.6595,350.5648,342.0282,-0.0364,-0.1976,-0.3451,-36.609,-0.5737
24781.987840,413.033131,6.883886,309.01,310.1077,24.0816,26.2331,-9999,-59994.03,-9999,338.5638,350.4746,341.9394,-0.0363,-0.1964,-0.343,-36.3667,-0.5709
24788.398080,413.139968,6.885666,308.9377,310.01,24.0527,26.2338,-9999,-59994.03,-9999,338.4727,350.3815,341.8491,-0.0392,-0.1958,-0.3402,-36.6003,-0.5739
24794.808320,413.246805,6.887447,308.8528,309.9532,24.0869,26.2354,-9999,-59994.03,-9999,338.4052,350.2826,341.7518,-0.0408,-0.1971,-0.3424,-37.2297,-0.5813
24801.218560,413.353643,6.889227,308.771,309.8837,24.1088,26.2329,-9999,-59994.03,-9999,338.3737,350.1906,341.6651,-0.042,-0.2018,-0.3492,-38.4112,-0.5933
24807.628800,413.460480,6.891008,308.6913,309.7702,24.0622,26.2375,-9999,-59994.03,-9999,338.2742,350.1059,341.5807,-0.0436,-0.2046,-0.3538,-38.7707,-0.599
24814.039040,413.567317,6.892789,308.609,309.7023,24.0758,26.2287,-9999,-59994.03,-9999,338.1998,350.0044,341.4819,-0.0407,-0.2031,-0.3536,-38.243,-0.5973
24820.449280,413.674155,6.894569,308.5309,309.6423,24.1079,26.2296,-9999,-59994.03,-9999,338.1139,349.9153,341.3967,-0.0396,-0.2044,-0.3529,-38.269,-0.5946
24826.859520,413.780992,6.896350,308.4495,309.5227,24.0548,26.2262,-9999,-59994.03,-9999,338.0103,349.8253,341.3075,-0.0402,-0.2045,-0.3542,-38.3302,-0.5942
24833.269760,413.887829,6.898130,308.3687,309.46,24.0772,26.2259,-9999,-59994.03,-9999,337.9404,349.7339,341.2196,-0.0407,-0.2052,-0.3553,-38.5189,-0.6
24839.680000,413.994667,6.899911,308.2896,309.3993,24.1044,26.2248,-9999,-59994.03,-9999,337.8529,349.6399,341.1257,-0.0425,-0.2053,-0.3581,-39.3173,-0.6111
24846.090240,414.101504,6.901692,308.2076,309.2837,24.0527,26.2246,-9999,-59994.03,-9999,337.7518,349.549,341.0329,-0.0437,-0.2075,-0.3623,-39.8633,-0.6186
24852.500480,414.208341,6.903472,308.1316,309.24,24.1088,26.2234,-9999,-59994.03,-9999,337.6857,349.4557,340.9434,-0.0472,-0.2128,-0.3639,-40.2571,-0.6217
24858.910720,414.315179,6.905253,308.048,309.1258,24.0532,26.22,-9999,-59994.03,-9999,337.5804,349.3592,340.8499,-0.046,-0.2116,-0.3627,-40.1371,-0.623
24865.320960,414.422016,6.907034,307.9714,309.081,24.1097,26.2218,-9999,-59994.03,-9999,337.5103,349.267,340.7629,-0.0469,-0.2122,-0.3635,-39.8834,-0.6198
24871.731200,414.528853,6.908814,307.888,308.9625,24.0476,26.2202,-9999,-59994.03,-9999,337.4092,349.1783,340.6728,-0.0431,-0.2099,-0.36,-39.5983,-0.6173
24878.141440,414.635691,6.910595,307.8087,308.9224,24.1042,26.2218,-9999,-59994.03,-9999,337.3326,349.0869,340.588,-0.0396,-0.207,-0.3593,-39.6642,-0.6146
24884.551680,414.742528,6.912375,307.7236,308.8026,24.0557,26.2151,-9999,-59994.03,-9999,337.2448,349.0007,340.499,-0.042,-0.2057,-0.3612,-39.9425,-0.6138
24890.961920,414.849365,6.914156,307.6534,308.7495,24.0864,26.2165,-9999,-59994.03,-9999,337.1582,348.9054,340.4124,-0.0432,-0.2048,-0.364,-40.1806,-0.617
24897.372160,414.956203,6.915937,307.5649,308.6513,24.0624,26.2089,-9999,-59994.03,-9999,337.0847,348.8033,340.3141,-0.0406,-0.2022,-0.3637,-40.0972,-0.6168
24903.782400,415.063040,6.917717,307.495,308.5917,24.0813,26.2133,-9999,-59994.03,-9999,336.9892,348.7746,340.2828,-0.0403,-0.2066,-0.3668,-40.2566,-0.6194
24910.192640,415.169877,6.919498,307.4105,308.4929,24.0615,26.2068,-9999,-59994.03,-9999,336.9206,348.6781,340.1951,-0.0426,-0.213,-0.3671,-40.0731,-0.6168
24916.602880,415.276715,6.921279,307.3314,308.4311,24.082,26.2024,-9999,-59994.03,-9999,336.8313,348.5925,340.1061,-0.044,-0.2177,-0.3723,-40.1163,-0.6136
24923.013120,415.383552,6.923059,307.2512,308.3242,24.0426,26.2091,-9999,-59994.03,-9999,336.746,348.4956,340.0113,-0.0448,-0.2179,-0.3744,-40.3053,-0.6149
24929.423360,415.490389,6.924840,307.1707,308.2801,24.0922,26.2027,-9999,-59994.03,-9999,336.6636,348.3951,339.916,-0.0427,-0.2146,-0.3757,-40.7066,-0.619
24935.833600,415.597227,6.926620,307.0858,308.1589,24.0319,26.2008,-9999,-59994.03,-9999,336.565,348.3107,339.8268,-0.0405,-0.2084,-0.3718,-40.601,-0.6188
24942.243840,415.704064,6.928401,307.0067,308.1085,24.0758,26.2018,-9999,-59994.03,-9999,336.4993,348.2191,339.7348,-0.0403,-0.2013,-0.3623,-40.1966,-0.6156
24948.654080,415.810901,6.930182,306.9295,308.026,24.0684,26.2041,-9999,-59994.03,-9999,336.4015,348.1297,339.6516,-0.0377,-0.1966,-0.3533,-39.5655,-0.6134
24955.064320,415.917739,6.931962,306.8506,307.9173,24.0289,26.2041,-9999,-59994.03,-9999,336.3142,348.0415,339.5614,-0.0358,-0.1941,-0.348,-38.9878,-0.6082
24961.474560,416.024576,6.933743,306.7715,307.8615,24.0599,26.2054,-9999,-59994.03,-9999,336.2438,347.9437,339.4635,-0.0343,-0.1933,-0.3491,-38.5399,-0.6037
24967.884800,416.131413,6.935524,306.6926,307.7972,24.0733,26.1935,-9999,-59994.03,-9999,336.1532,347.845,339.3673,-0.0351,-0.1918,-0.3463,-38.1974,-0.6004
24974.295040,416.238251,6.937304,306.6119,307.6787,24.0236,26.1939,-9999,-59994.03,-9999,336.0659,347.7483,339.2761,-0.0348,-0.1854,-0.3386,-37.6899,-0.5952
24980.705280,416.345088,6.939085,306.5333,307.6381,24.079,26.1944,-9999,-59994.03,-9999,335.9971,347.6518,339.1844,-0.0344,-0.1844,-0.3335,-36.8188,-0.5855
24987.115520,416.451925,6.940865,306.4525,307.5211,24.0236,26.1937,-9999,-59994.03,-9999,335.8964,347.5564,339.0878,-0.0363,-0.1852,-0.3317,-36.7465,-0.5851
24993.525760,416.558763,6.942646,306.3748,307.4779,24.077,26.1958,-9999,-59994.03,-9999,335.8249,347.4677,339.0027,-0.0376,-0.1861,-0.3322,-36.7129,-0.5848
24999.936000,416.665600,6.944427,306.2941,307.3625,24.0243,26.1942,-9999,-59994.03,-9999,335.7309,347.3748,338.9132,-0.04,-0.1902,-0.3319,-36.2335,-0.5845
25006.346240,416.772437,6.946207,306.2178,307.3185,24.071,26.1946,-9999,-59994.03,-9999,335.6532,347.2914,338.8293,-0.0405,-0.1935,-0.3365,-36.511,-0.5873
25012.756480,416.879275,6.947988,306.1358,307.211,24.0271,26.1939,-9999,-59994.03,-9999,335.561,347.1961,338.7331,-0.0409,-0.1985,-0.3423,-36.7493,-0.5868
25019.166720,416.986112,6.949769,306.0594,307.1671,24.0737,26.1974,-9999,-59994.03,-9999,335.4868,347.1036,338.6454,-0.0391,-0.1993,-0.3411,-36.486,-0.5805
25025.576960,417.092949,6.951549,305.9773,307.0503,24.0213,26.1925,-9999,-59994.03,-9999,335.389,347.0071,338.553,-0.0398,-0.1983,-0.3421,-36.4827,-0.578
25031.987200,417.199787,6.953330,305.8986,307.0077,24.0733,26.1951,-9999,-59994.03,-9999,335.3275,346.9199,338.4644,-0.0407,-0.2003,-0.3439,-36.3336,-0.575
25038.397440,417.306624,6.955110,305.8213,306.8918,24.0216,26.1953,-9999,-59994.03,-9999,335.2213,346.8217,338.3756,-0.0395,-0.1928,-0.3393,-36.0379,-0.5756
25044.807680,417.413461,6.956891,305.7419,306.838,24.0592,26.193,-9999,-59994.03,-9999,335.1552,346.7316,338.2828,-0.0357,-0.1887,-0.3358,-36.0776,-0.5749
25051.217920,417.520299,6.958672,305.6596,306.7526,24.0479,26.1925,-9999,-59994.03,-9999,335.0567,346.6496,338.2042,-0.036,-0.1905,-0.3358,-35.9108,-0.5697
25057.628160,417.627136,6.960452,305.5836,306.6609,24.022,26.1937,-9999,-59994.03,-9999,334.9774,346.5537,338.1156,-0.034,-0.1902,-0.3345,-35.0726,-0.5609
25064.038400,417.733973,6.962233,305.504,306.6154,24.0693,26.1932,-9999,-59994.03,-9999,334.9061,346.4601,338.0196,-0.0359,-0.1915,-0.3327,-34.608,-0.5536
25070.448640,417.840811,6.964014,305.4305,306.5063,24.0253,26.1974,-9999,-59994.03,-9999,334.8079,346.3763,337.9374,-0.0309,-0.1864,-0.3282,-34.2537,-0.5473
25076.858880,417.947648,6.965794,305.3515,306.4417,24.0421,26.1953,-9999,-59994.03,-9999,334.7453,346.2898,337.8502,-0.0318,-0.185,-0.3264,-33.965,-0.541
25083.269120,418.054485,6.967575,305.2771,306.3763,24.0626,26.1937,-9999,-59994.03,-9999,334.6011,346.1989,337.7571,-0.0309,-0.1798,-0.3198,-33.7761,-0.5379
25089.679360,418.161323,6.969355,305.2022,306.2666,24.0116,26.193,-9999,-59994.03,-9999,334.501,346.1079,337.6698,-0.0361,-0.1842,-0.3207,-33.9995,-0.5395
25096.089600,418.268160,6.971136,305.1185,306.2086,24.0465,26.1967,-9999,-59994.03,-9999,334.4411,346.0161,337.5776,-0.0386,-0.1876,-0.3238,-34.2204,-0.5426
25102.499840,418.374997,6.972917,305.0454,306.1395,24.0592,26.1988,-9999,-59994.03,-9999,334.3538,345.9225,337.489,-0.0393,-0.1905,-0.3291,-34.4594,-0.5452
25108.910080,418.481835,6.974697,304.96,306.0236,24.0075,26.1962,-9999,-59994.03,-9999,334.2591,345.8318,337.4033,-0.0398,-0.1954,-0.3377,-34.9219,-0.5437
25115.320320,418.588672,6.976478,304.8824,305.9626,24.0227,26.1972,-9999,-59994.03,-9999,334.1898,345.7404,337.3127,-0.0407,-0.1978,-0.3403,-34.9689,-0.5466
25121.730560,418.695509,6.978258,304.8044,305.9075,24.0578,26.1914,-9999,-59994.03,-9999,334.1049,345.6447,337.2225,-0.0425,-0.2005,-0.3455,-35.552,-0.5534
25128.140800,418.802347,6.980039,304.7245,305.7963,24.0156,26.1955,-9999,-59994.03,-9999,334.0107,345.562,337.1354,-0.0397,-0.1978,-0.3481,-36.2342,-0.5583
25134.551040,418.909184,6.981820,304.6467,305.7248,24.0197,26.1932,-9999,-59994.03,-9999,333.937,345.4657,337.0446,-0.0413,-0.1972,-0.3458,-36.4836,-0.5591
25140.961280,419.016021,6.983600,304.5713,305.6705,24.0555,26.1946,-9999,-59994.03,-9999,333.8612,345.3715,336.955,-0.0397,-0.1961,-0.3486,-36.8566,-0.5655
25147.371520,419.122859,6.985381,304.4852,305.5571,24.0086,26.1879,-9999,-59994.03,-9999,333.7583,345.2785,336.8642,-0.0343,-0.1937,-0.3456,-36.8358,-0.5672
25153.781760,419.229696,6.987162,304.4098,305.488,24.0116,26.184,-9999,-59994.03,-9999,333.685,345.1766,336.7727,-0.0328,-0.1852,-0.3398,-36.862,-0.5674
25160.192000,419.336533,6.988942,304.3315,305.4259,24.0354,26.1826,-9999,-59994.03,-9999,333.5949,345.0886,336.6816,-0.0331,-0.184,-0.3385,-36.7609,-0.568
25166.602240,419.443371,6.990723,304.2616,305.3245,23.9934,26.1882,-9999,-59994.03,-9999,333.5105,344.9987,336.5954,-0.0364,-0.1853,-0.3369,-36.4557,-0.5663
25173.012480,419.550208,6.992503,304.186,305.2844,24.0502,26.1847,-9999,-59994.03,-9999,333.4348,344.9122,336.5061,-0.0371,-0.1899,-0.3392,-36.4035,-0.5668
25179.422720,419.657045,6.994284,304.1135,305.1584,23.9969,26.1921,-9999,-59994.03,-9999,333.3467,344.827,336.4115,-0.0378,-0.1889,-0.3356,-36.2519,-0.5712
25185.832960,419.763883,6.996065,304.0283,305.1263,24.0421,26.1861,-9999,-59994.03,-9999,333.2728,344.7379,336.34,-0.0381,-0.1873,-0.332,-36.1293,-0.5721
25192.243200,419.870720,6.997845,303.9462,305.0086,23.9828,26.1836,-9999,-59994.03,-9999,333.1818,344.6471,336.2549,-0.0368,-0.1876,-0.3307,-36.0861,-0.5721
25198.653440,419.977557,6.999626,303.8683,304.9682,24.0416,26.1859,-9999,-59994.03,-9999,333.109,344.5606,336.1709,-0.0361,-0.1895,-0.3285,-36.1156,-0.5744
25205.063680,420.084395,7.001407,303.7918,304.8521,23.9825,26.1829,-9999,-59994.03,-9999,333.0111,344.4845,336.0865,-0.0374,-0.19,-0.3324,-36.0932,-0.5746
25211.473920,420.191232,7.003187,303.7201,304.8157,24.0396,26.187,-9999,-59994.03,-9999,332.9525,344.4056,336.0079,-0.039,-0.193,-0.3331,-35.9796,-0.5727
25217.884160,420.298069,7.004968,303.6382,304.7018,23.9835,26.1833,-9999,-59994.03,-9999,332.8516,344.3239,335.9257,-0.0377,-0.1925,-0.3339,-35.8435,-0.5708
25224.294400,420.404907,7.006748,303.563,304.6634,24.0366,26.1866,-9999,-59994.03,-9999,332.7937,344.2443,335.8438,-0.0353,-0.192,-0.3346,-35.9963,-0.5747
25230.704640,420.511744,7.008529,303.4809,304.5457,23.9814,26.1817,-9999,-59994.03,-9999,332.6905,344.1511,335.7589,-0.0361,-0.1945,-0.3351,-36.2826,-0.5781
25237.114880,420.618581,7.010310,303.4022,304.5015,24.0262,26.175,-9999,-59994.03,-9999,332.6292,344.0608,335.6761,-0.0362,-0.1953,-0.337,-36.0977,-0.5742
25243.525120,420.725419,7.012090,303.3281,304.4051,23.9987,26.1748,-9999,-59994.03,-9999,332.5291,343.9692,335.5865,-0.0361,-0.1973,-0.3371,-35.9368,-0.5724
25249.935360,420.832256,7.013871,303.2509,304.3247,23.9895,26.167,-9999,-59994.03,-9999,332.4576,343.8704,335.4983,-0.0354,-0.1935,-0.3315,-35.8048,-0.5696
25256.345600,420.939093,7.015652,303.1762,304.2743,24.0264,26.1654,-9999,-59994.03,-9999,332.372,343.7757,335.4037,-0.0321,-0.1858,-0.3264,-35.5249,-0.5651
25262.755840,421.045931,7.017432,303.0968,304.1577,23.971,26.1554,-9999,-59994.03,-9999,332.278,343.6791,335.3166,-0.0285,-0.1795,-0.3205,-35.172,-0.5631
25269.166080,421.152768,7.019213,303.0216,304.117,24.0209,26.1536,-9999,-59994.03,-9999,332.2211,343.5893,335.2241,-0.0281,-0.1751,-0.319,-35.0397,-0.5616
25275.576320,421.259605,7.020993,302.9465,304.0103,23.9788,26.1518,-9999,-59994.03,-9999,332.1102,343.5003,335.1295,-0.0311,-0.1772,-0.3214,-34.3982,-0.558
25281.986560,421.366443,7.022774,302.867,303.9457,23.9973,26.1485,-9999,-59994.03,-9999,332.0502,343.4069,335.045,-0.0347,-0.1822,-0.3201,-34.0555,-0.5533
25288.396800,421.473280,7.024555,302.795,303.869,23.9962,26.1425,-9999,-59994.03,-9999,331.9561,343.3196,334.9582,-0.0358,-0.1837,-0.3192,-33.8996,-0.5492
25294.807040,421.580117,7.026335,302.7115,303.7788,23.9851,26.1379,-9999,-59994.03,-9999,331.8768,343.2218,334.8648,-0.0382,-0.187,-0.3231,-33.9284,-0.5468
25301.217280,421.686955,7.028116,302.6361,303.7166,23.9964,26.1303,-9999,-59994.03,-9999,331.7861,343.1272,334.7733,-0.0378,-0.1913,-0.3283,-34.3328,-0.548
25307.627520,421.793792,7.029897,302.5555,303.6237,23.9812,26.1269,-9999,-59994.03,-9999,331.7228,343.0507,334.6939,-0.0372,-0.1946,-0.3342,-35.0735,-0.5518
25314.037760,421.900629,7.031677,302.4774,303.549,23.9814,26.123,-9999,-59994.03,-9999,331.6263,342.9644,334.6028,-0.0383,-0.1959,-0.3393,-35.6912,-0.5542
25320.448000,422.007467,7.033458,302.3996,303.4795,24.0008,26.1223,-9999,-59994.03,-9999,331.5625,342.8685,334.5073,-0.0365,-0.1969,-0.3408,-36.0329,-0.5559
25326.858240,422.114304,7.035238,302.3226,303.3855,23.9703,26.1149,-9999,-59994.03,-9999,331.4522,342.7811,334.4195,-0.0372,-0.1977,-0.3419,-36.3176,-0.5573
25333.268480,422.221141,7.037019,302.2501,303.3269,23.9982,26.1131,-9999,-59994.03,-9999,331.3965,342.6859,334.3299,-0.037,-0.1975,-0.3399,-36.2637,-0.5587
25339.678720,422.327979,7.038800,302.1716,303.2482,23.9922,26.1061,-9999,-59994.03,-9999,331.3035,342.594,334.2422,-0.0359,-0.1942,-0.3348,-36.0825,-0.5635
25346.088960,422.434816,7.040580,302.0939,303.153,23.9625,26.1029,-9999,-59994.03,-9999,331.2193,342.5014,334.1544,-0.0392,-0.1951,-0.3366,-36.0797,-0.566
25352.499200,422.541653,7.042361,302.0165,303.1046,24.0107,26.0955,-9999,-59994.03,-9999,331.147,342.4153,334.0637,-0.0433,-0.2029,-0.3405,-36.5193,-0.5722
25358.909440,422.648491,7.044142,301.9388,303.013,23.9888,26.0886,-9999,-59994.03,-9999,331.0483,342.3286,333.9742,-0.0414,-0.2045,-0.3406,-36.7973,-0.5762
25365.319680,422.755328,7.045922,301.862,302.9163,23.9537,26.0838,-9999,-59994.03,-9999,330.9565,342.234,333.881,-0.036,-0.1973,-0.3325,-36.1047,-0.5676
25371.729920,422.862165,7.047703,301.7878,302.8685,23.9945,26.0808,-9999,-59994.03,-9999,330.89,342.1501,333.7977,-0.0352,-0.1911,-0.3297,-35.6042,-0.5625
25378.140160,422.969003,7.049483,301.7103,302.8003,24.0079,26.0723,-9999,-59994.03,-9999,330.8029,342.0611,333.7075,-0.0381,-0.1902,-0.3298,-35.3638,-0.5598
25384.550400,423.075840,7.051264,301.6346,302.6885,23.9604,26.0674,-9999,-59994.03,-9999,330.7063,341.9826,333.6301,-0.0427,-0.1934,-0.3327,-35.1888,-0.5582
25390.960640,423.182677,7.053045,301.5556,302.6246,23.9788,26.0589,-9999,-59994.03,-9999,330.6337,341.8956,333.5408,-0.0423,-0.1954,-0.333,-35.2006,-0.5569
25397.370880,423.289515,7.054825,301.4789,302.5663,24.007,26.0557,-9999,-59994.03,-9999,330.5467,341.8046,333.4559,-0.0418,-0.1998,-0.3384,-35.9002,-0.5615
25403.781120,423.396352,7.056606,301.3967,302.4525,23.9505,26.0497,-9999,-59994.03,-9999,330.3915,341.7189,333.3717,-0.0449,-0.2038,-0.345,-36.3853,-0.5673
25410.191360,423.503189,7.058386,301.3224,302.4087,23.9909,26.0442,-9999,-59994.03,-9999,330.3284,341.6324,333.2825,-0.0436,-0.2059,-0.3475,-36.7229,-0.5705
25416.601600,423.610027,7.060167,301.2422,302.3167,23.9742,26.0361,-9999,-59994.03,-9999,330.2245,341.5447,333.1936,-0.0414,-0.207,-0.3516,-36.7625,-0.5746
25423.011840,423.716864,7.061948,301.1632,302.2265,23.9502,26.0361,-9999,-59994.03,-9999,330.1498,341.469,333.1127,-0.0356,-0.2014,-0.3474,-36.5535,-0.5748
25429.422080,423.823701,7.063728,301.084,302.1809,23.9932,26.0315,-9999,-59994.03,-9999,330.0765,341.3816,333.0312,-0.0376,-0.2012,-0.351,-37.2245,-0.5753
25435.832320,423.930539,7.065509,301.0023,302.0678,23.9428,26.025,-9999,-59994.03,-9999,329.9699,341.3032,332.9503,-0.0406,-0.2024,-0.3535,-37.7005,-0.5829
25442.242560,424.037376,7.067290,300.8633,301.9461,23.9047,25.9579,-9999,-59994.03,-9999,329.8997,341.2205,332.8656,-0.038,-0.2,-0.3522,-37.6395,-0.5933
25448.652800,424.144213,7.069070,300.7842,301.8727,23.9162,25.957,-9999,-59994.03,-9999,329.8152,341.1361,332.7809,-0.0409,-0.204,-0.3506,-38.0177,-0.6011
25455.063040,424.251051,7.070851,300.7045,301.7614,23.8684,25.9494,-9999,-59994.03,-9999,329.7126,341.0509,332.6905,-0.0437,-0.2075,-0.3539,-38.4643,-0.6052
25461.473280,424.357888,7.072631,300.6212,301.7077,23.9037,25.9496,-9999,-59994.03,-9999,329.6401,340.9654,332.6024,-0.0422,-0.2077,-0.3548,-38.5645,-0.6051
25467.883520,424.464725,7.074412,300.6066,301.7001,23.9814,26.0147,-9999,-59994.03,-9999,329.5516,340.8827,332.5202,-0.0446,-0.2089,-0.3569,-38.9828,-0.612
25474.293760,424.571563,7.076193,300.5292,301.587,23.9341,26.0075,-9999,-59994.03,-9999,329.4381,340.7961,332.4322,-0.0469,-0.2143,-0.3656,-39.693,-0.6206
25480.704000,424.678400,7.077973,300.3897,301.4628,23.8929,25.9418,-9999,-59994.03,-9999,329.3585,340.7004,332.3439,-0.0469,-0.2183,-0.37,-40.0594,-0.6218
25487.114240,424.785237,7.079754,300.3098,301.4013,23.9139,25.9473,-9999,-59994.03,-9999,329.2726,340.6189,332.2606,-0.0449,-0.2188,-0.3706,-39.7495,-0.6189
25493.524480,424.892075,7.081535,300.2934,301.347,23.9313,26.0156,-9999,-59994.03,-9999,329.1685,340.4757,332.1145,-0.0453,-0.2191,-0.3736,-40.0277,-0.6235
25499.934720,424.998912,7.083315,300.2152,301.3023,23.9793,26.0296,-9999,-59994.03,-9999,329.1061,340.3907,332.0333,-0.046,-0.2194,-0.3773,-40.5998,-0.6263
25506.344960,425.105749,7.085096,300.0753,301.1539,23.9111,25.9757,-9999,-59994.03,-9999,329.0035,340.299,331.944,-0.0494,-0.2252,-0.3838,-41.0795,-0.6309
25512.755200,425.212587,7.086876,299.996,301.0715,23.9,25.9793,-9999,-59994.03,-9999,328.927,340.2102,331.8611,-0.0568,-0.2403,-0.3981,-42.6042,-0.6458
25519.165440,425.319424,7.088657,299.921,301.0212,23.9416,25.9812,-9999,-59994.03,-9999,328.9025,340.1212,331.7744,-0.0622,-0.2503,-0.4121,-44.1335,-0.6591
25525.575680,425.426261,7.090438,299.8393,300.9052,23.8917,25.9902,-9999,-59994.03,-9999,328.8046,340.0295,331.6801,-0.0591,-0.2526,-0.4171,-44.8873,-0.6699
25531.985920,425.533099,7.092218,299.7726,300.8737,23.9564,26.0008,-9999,-59994.03,-9999,328.7284,339.9518,331.6032,-0.059,-0.2553,-0.424,-46.1219,-0.6814
25538.396160,425.639936,7.093999,299.6937,300.7603,23.9049,26.0054,-9999,-59994.03,-9999,328.624,339.8581,331.5129,-0.0603,-0.2608,-0.4319,-47.0867,-0.6888
25544.806400,425.746773,7.095780,299.6232,300.7177,23.9645,26.0151,-9999,-59994.03,-9999,328.5629,339.7788,331.4353,-0.0597,-0.2611,-0.4366,-48.0665,-0.7015
25551.216640,425.853611,7.097560,299.5461,300.6079,23.9204,26.0231,-9999,-59994.03,-9999,328.4561,339.6818,331.3542,-0.0537,-0.2566,-0.4355,-48.3291,-0.7078
25557.626880,425.960448,7.099341,299.5304,300.6194,24.0269,26.0937,-9999,-59994.03,-9999,328.3932,339.5961,331.2677,-0.0535,-0.2587,-0.4373,-48.6466,-0.7123
25564.037120,426.067285,7.101121,299.4547,300.5244,23.9985,26.0988,-9999,-59994.03,-9999,328.2868,339.5082,331.1812,-0.06,-0.2654,-0.4458,-49.1164,-0.7177
25570.447360,426.174123,7.102902,299.315,300.3986,23.9691,26.039,-9999,-59994.03,-9999,328.2199,339.4203,331.0905,-0.0604,-0.2666,-0.4477,-49.4903,-0.7238
25576.857600,426.280960,7.104683,299.2364,300.3079,23.9467,26.0508,-9999,-59994.03,-9999,328.1146,339.339,331.0076,-0.0609,-0.2676,-0.4504,-49.7853,-0.7286
25583.267840,426.387797,7.106463,299.2184,300.3045,24.0375,26.1147,-9999,-59994.03,-9999,328.051,339.2598,330.9278,-0.0611,-0.271,-0.454,-50.334,-0.7351
25589.678080,426.494635,7.108244,299.1421,300.2055,24.0109,26.1232,-9999,-59994.03,-9999,327.94,339.167,330.8335,-0.0617,-0.2756,-0.4607,-50.9575,-0.7449
25596.088320,426.601472,7.110025,299.0601,300.1471,24.0465,26.1278,-9999,-59994.03,-9999,327.88,339.0879,330.7501,-0.0595,-0.2721,-0.4584,-51.0399,-0.7476
25602.498560,426.708309,7.111805,298.9857,300.0487,24.0132,26.1338,-9999,-59994.03,-9999,327.7738,339.0051,330.6647,-0.0573,-0.2652,-0.4503,-50.595,-0.7435
25608.908800,426.815147,7.113586,298.9064,299.9946,24.058,26.1407,-9999,-59994.03,-9999,327.7093,338.9092,330.5804,-0.0573,-0.2602,-0.4439,-49.9825,-0.739
25615.319040,426.921984,7.115366,298.8273,299.8891,24.0188,26.1437,-9999,-59994.03,-9999,327.5971,338.8246,330.4933,-0.0545,-0.2543,-0.4374,-49.324,-0.736
25621.729280,427.028821,7.117147,298.7484,299.8367,24.0657,26.1451,-9999,-59994.03,-9999,327.5262,338.7395,330.4066,-0.0514,-0.2485,-0.4348,-48.9555,-0.7331
25628.139520,427.135659,7.118928,298.6689,299.7307,24.0222,26.1437,-9999,-59994.03,-9999,327.4229,338.6414,330.3163,-0.0527,-0.25,-0.4349,-48.9413,-0.7327
25634.549760,427.242496,7.120708,298.5907,299.6793,24.0693,26.1538,-9999,-59994.03,-9999,327.3593,338.5605,330.2347,-0.0497,-0.247,-0.4332,-48.6473,-0.7281
25640.960000,427.349333,7.122489,298.5112,299.5782,24.0338,26.1538,-9999,-59994.03,-9999,327.2558,338.4735,330.1482,-0.0479,-0.2441,-0.4297,-48.318,-0.7285
25647.370240,427.456171,7.124270,298.4312,299.518,24.0677,26.1534,-9999,-59994.03,-9999,327.1898,338.3802,330.0645,-0.0505,-0.2456,-0.4289,-48.2942,-0.7268
25653.780480,427.563008,7.126050,298.3579,299.4367,24.0525,26.1578,-9999,-59994.03,-9999,327.0892,338.2863,329.9743,-0.0519,-0.2449,-0.4255,-47.9521,-0.7208
25660.190720,427.669845,7.127831,298.2809,299.3547,24.0513,26.1529,-9999,-59994.03,-9999,327.0138,338.1883,329.8849,-0.0531,-0.2458,-0.4262,-47.8463,-0.7234
25666.600960,427.776683,7.129611,298.2025,299.3015,24.0887,26.1552,-9999,-59994.03,-9999,326.9288,338.0937,329.7959,-0.0561,-0.2518,-0.4318,-48.5459,-0.7294
25673.011200,427.883520,7.131392,298.1238,299.1878,24.0366,26.1559,-9999,-59994.03,-9999,326.8347,338.002,329.7078,-0.0565,-0.2514,-0.432,-48.8065,-0.7295
25679.421440,427.990357,7.133173,298.0508,299.1492,24.0987,26.1605,-9999,-59994.03,-9999,326.7664,337.9118,329.6206,-0.0591,-0.2529,-0.4333,-48.656,-0.7294
25685.831680,428.097195,7.134953,297.9724,299.0447,24.0571,26.1598,-9999,-59994.03,-9999,326.6622,337.8178,329.5301,-0.057,-0.2511,-0.4321,-48.2679,-0.7284
25692.241920,428.204032,7.136734,297.8921,298.9753,24.0742,26.1649,-9999,-59994.03,-9999,326.593,337.7332,329.4476,-0.0534,-0.2486,-0.4304,-48.2549,-0.7286
25698.652160,428.310869,7.138514,297.813,298.9088,24.0964,26.1695,-9999,-59994.03,-9999,326.5109,337.6455,329.3602,-0.0575,-0.2537,-0.4339,-48.8006,-0.7315
25705.062400,428.417707,7.140295,297.733,298.7946,24.0479,26.1716,-9999,-59994.03,-9999,326.4174,337.5596,329.2759,-0.0596,-0.2542,-0.4319,-48.5348,-0.7271
25711.472640,428.524544,7.142076,297.6595,298.7378,24.0687,26.1727,-9999,-59994.03,-9999,326.3478,337.4641,329.186,-0.0573,-0.2545,-0.4315,-48.5214,-0.7254
25717.882880,428.631381,7.143856,297.5775,298.6778,24.1024,26.1716,-9999,-59994.03,-9999,326.2677,337.3732,329.0946,-0.058,-0.2563,-0.4317,-49.0283,-0.7324
25724.293120,428.738219,7.145637,297.4981,298.5783,24.0717,26.1743,-9999,-59994.03,-9999,326.1729,337.2924,329.0166,-0.054,-0.2526,-0.4308,-49.52,-0.7364
25730.703360,428.845056,7.147418,297.4231,298.4875,24.0497,26.1757,-9999,-59994.03,-9999,326.0883,337.2024,328.9314,-0.0527,-0.2494,-0.431,-49.3585,-0.7359
25737.113600,428.951893,7.149198,297.3435,298.439,24.0929,26.1681,-9999,-59994.03,-9999,326.0853,337.1778,328.9054,-0.0518,-0.2458,-0.4284,-49.007,-0.7346
25743.523840,429.058731,7.150979,297.2644,298.3574,24.091,26.17,-9999,-59994.03,-9999,326.0346,337.1286,328.8965,-0.0509,-0.2457,-0.4295,-49.1218,-0.7339
25749.934080,429.165568,7.152759,297.1805,298.2534,24.0548,26.1635,-9999,-59994.03,-9999,325.9034,336.9814,328.7317,-0.0483,-0.2401,-0.4275,-49.2881,-0.734
25756.344320,429.272405,7.154540,297.114,298.2257,24.1065,26.1626,-9999,-59994.03,-9999,325.8338,336.8941,328.6467,-0.0486,-0.2384,-0.4241,-48.9146,-0.7299
25762.754560,429.379243,7.156321,297.0346,298.0981,24.0557,26.1568,-9999,-59994.03,-9999,325.6825,336.8028,328.564,-0.0479,-0.2351,-0.4176,-48.314,-0.7255
25769.164800,429.486080,7.158101,296.9652,298.068,24.1139,26.1527,-9999,-59994.03,-9999,325.6245,336.7193,328.4795,-0.048,-0.2308,-0.4107,-47.8348,-0.726
25775.575040,429.592917,7.159882,296.8806,297.9464,24.055,26.1458,-9999,-59994.03,-9999,325.5881,336.6251,328.3947,-0.0516,-0.2345,-0.4149,-47.9692,-0.7268
25781.985280,429.699755,7.161663,296.813,297.9152,24.1134,26.1522,-9999,-59994.03,-9999,325.5241,336.5394,328.3082,-0.0558,-0.2429,-0.4198,-47.8881,-0.7251
25788.395520,429.806592,7.163443,296.7273,297.8001,24.0629,26.1428,-9999,-59994.03,-9999,325.3756,336.4474,328.2167,-0.0503,-0.2376,-0.4112,-47.1592,-0.7178
25794.805760,429.913429,7.165224,296.659,297.7538,24.0922,26.1465,-9999,-59994.03,-9999,325.2902,336.3592,328.13,-0.0466,-0.2307,-0.4056,-46.5931,-0.7158
25801.216000,430.020267,7.167004,296.5778,297.6671,24.1028,26.1409,-9999,-59994.03,-9999,325.2898,336.2717,328.047,-0.0492,-0.2312,-0.4046,-46.5541,-0.7132
25807.626240,430.127104,7.168785,296.509,297.5763,24.0626,26.1386,-9999,-59994.03,-9999,325.1858,336.1768,327.9484,-0.0502,-0.2307,-0.402,-45.9232,-0.7043
25814.036480,430.233941,7.170566,296.4373,297.5428,24.1211,26.1391,-9999,-59994.03,-9999,325.1233,336.0909,327.8639,-0.0506,-0.2323,-0.4007,-45.1705,-0.698
25820.446720,430.340779,7.172346,296.3546,297.4236,24.0774,26.1333,-9999,-59994.03,-9999,325.0441,335.9971,327.7753,-0.0461,-0.2262,-0.3907,-44.0334,-0.6879
25826.856960,430.447616,7.174127,296.286,297.3681,24.0904,26.1296,-9999,-59994.03,-9999,324.9503,335.9,327.6866,-0.0442,-0.2211,-0.3821,-42.9547,-0.6747
25833.267200,430.554453,7.175908,296.2059,297.2919,24.0982,26.1234,-9999,-59994.03,-9999,324.8905,335.8073,327.5966,-0.0414,-0.219,-0.3777,-42.5735,-0.6653
25839.677440,430.661291,7.177688,296.1344,297.2124,24.0832,26.1266,-9999,-59994.03,-9999,324.7881,335.7196,327.5137,-0.0419,-0.2187,-0.3786,-42.5902,-0.6617
25846.087680,430.768128,7.179469,296.0569,297.1378,24.0906,26.1257,-9999,-59994.03,-9999,324.7281,335.6263,327.422,-0.0421,-0.216,-0.3771,-42.3781,-0.6607
25852.497920,430.874965,7.181249,295.9818,297.0712,24.1024,26.1271,-9999,-59994.03,-9999,324.5898,335.5305,327.314,-0.0439,-0.2188,-0.379,-42.2468,-0.6613
25858.908160,430.981803,7.183030,295.9051,296.977,24.0841,26.1213,-9999,-59994.03,-9999,324.5128,335.4641,327.2598,-0.0444,-0.2183,-0.3777,-42.1391,-0.6587
25865.318400,431.088640,7.184811,295.8462,296.9112,24.0991,26.1225,-9999,-59994.03,-9999,324.4258,335.3853,327.1773,-0.043,-0.2149,-0.3781,-42.2286,-0.6564
25871.728640,431.195477,7.186591,295.7591,296.8089,24.0592,26.1188,-9999,-59994.03,-9999,324.351,335.2928,327.0923,-0.0405,-0.2123,-0.3778,-42.0827,-0.6553
25878.138880,431.302315,7.188372,295.6737,296.7646,24.1192,26.1107,-9999,-59994.03,-9999,324.2753,335.21,327.0066,-0.0422,-0.2187,-0.3805,-42.2149,-0.6578
25884.549120,431.409152,7.190153,295.6013,296.6643,24.07,26.1082,-9999,-59994.03,-9999,324.1715,335.1224,326.9201,-0.0441,-0.219,-0.3792,-42.1712,-0.6552
25890.959360,431.515989,7.191933,295.5295,296.6263,24.1081,26.108,-9999,-59994.03,-9999,324.1097,335.0409,326.8362,-0.0441,-0.216,-0.3756,-41.7076,-0.6465
25897.369600,431.622827,7.193714,295.4544,296.5148,24.0583,26.1057,-9999,-59994.03,-9999,324.026,334.9496,326.7521,-0.0458,-0.2116,-0.3719,-41.375,-0.639
25903.779840,431.729664,7.195494,295.3795,296.4689,24.0954,26.1029,-9999,-59994.03,-9999,323.9392,334.8587,326.6541,-0.0437,-0.2106,-0.3707,-41.2588,-0.6388
25910.190080,431.836501,7.197275,295.301,296.3707,24.0668,26.1013,-9999,-59994.03,-9999,323.859,334.7802,326.577,-0.044,-0.2154,-0.3714,-41.447,-0.6377
25916.600320,431.943339,7.199056,295.2288,296.3185,24.0929,26.1027,-9999,-59994.03,-9999,323.7811,334.7018,326.4899,-0.0445,-0.2166,-0.3734,-41.5021,-0.6384
25923.010560,432.050176,7.200836,295.1463,296.218,24.0652,26.0983,-9999,-59994.03,-9999,323.713,334.6138,326.4152,-0.0453,-0.2129,-0.3723,-41.661,-0.6413
25929.420800,432.157013,7.202617,295.0743,296.1627,24.0846,26.0997,-9999,-59994.03,-9999,323.622,334.5279,326.3284,-0.0448,-0.2117,-0.3706,-41.4133,-0.6373
25935.831040,432.263851,7.204398,295.0025,296.079,24.0721,26.0939,-9999,-59994.03,-9999,323.5528,334.4359,326.2427,-0.0474,-0.2167,-0.3758,-41.5179,-0.6389
25942.241280,432.370688,7.206178,294.9279,296.0192,24.0952,26.0893,-9999,-59994.03,-9999,323.4664,334.3492,326.1539,-0.0518,-0.2242,-0.3839,-42.2352,-0.6481
25948.651520,432.477525,7.207959,294.8608,295.9169,24.0525,26.0842,-9999,-59994.03,-9999,323.384,334.2612,326.0658,-0.0556,-0.232,-0.3891,-42.774,-0.6525
25955.061760,432.584363,7.209739,294.7783,295.8773,24.1049,26.0824,-9999,-59994.03,-9999,323.3137,334.1787,325.9803,-0.05,-0.2298,-0.3873,-42.8297,-0.6523
25961.472000,432.691200,7.211520,294.7024,295.7678,24.053,26.0808,-9999,-59994.03,-9999,323.2163,334.0912,325.8989,-0.0491,-0.2291,-0.3873,-42.7483,-0.6482
25967.882240,432.798037,7.213301,294.6246,295.7127,24.0874,26.0766,-9999,-59994.03,-9999,323.1594,334.0023,325.8166,-0.049,-0.2301,-0.3866,-42.8201,-0.647
25974.292480,432.904875,7.215081,294.5513,295.6417,24.0862,26.0755,-9999,-59994.03,-9999,323.0678,333.9147,325.7297,-0.0477,-0.2277,-0.3864,-42.8123,-0.6449
25980.702720,433.011712,7.216862,294.4651,295.5411,24.0525,26.0674,-9999,-59994.03,-9999,322.9785,333.8283,325.6427,-0.0466,-0.2243,-0.3832,-42.3363,-0.6426
25987.112960,433.118549,7.218642,294.4048,295.4975,24.0929,26.0688,-9999,-59994.03,-9999,322.9171,333.7487,325.5669,-0.0457,-0.2213,-0.3767,-41.6407,-0.639
25993.523200,433.225387,7.220423,294.324,295.4015,24.0661,26.0635,-9999,-59994.03,-9999,322.8153,333.6605,325.4836,-0.0464,-0.2216,-0.3759,-41.7073,-0.6422
25999.933440,433.332224,7.222204,294.2495,295.3122,24.0511,26.0642,-9999,-59994.03,-9999,322.7446,333.5745,325.3964,-0.0467,-0.2217,-0.3802,-42.2952,-0.646
26006.343680,433.439061,7.223984,294.174,295.2708,24.0977,26.0577,-9999,-59994.03,-9999,322.6715,333.4939,325.3165,-0.0461,-0.22,-0.3804,-42.3649,-0.6482
26012.753920,433.545899,7.225765,294.0961,295.1588,24.0433,26.0561,-9999,-59994.03,-9999,322.5731,333.4012,325.233,-0.0471,-0.2177,-0.3781,-41.9504,-0.6456
26019.164160,433.652736,7.227546,294.0194,295.1066,24.076,26.0511,-9999,-59994.03,-9999,322.5197,333.3221,325.1505,-0.0436,-0.217,-0.3765,-41.6166,-0.6462
26025.574400,433.759573,7.229326,293.9451,295.0276,24.0691,26.0469,-9999,-59994.03,-9999,322.4226,333.2349,325.0632,-0.0397,-0.2112,-0.3722,-41.3058,-0.6445
26031.984640,433.866411,7.231107,293.8698,294.9372,24.0442,26.0488,-9999,-59994.03,-9999,322.3511,333.1605,324.9853,-0.0401,-0.2089,-0.3699,-41.2777,-0.6373
26038.394880,433.973248,7.232887,293.7863,294.8884,24.0906,26.0437,-9999,-59994.03,-9999,322.2808,333.068,324.9014,-0.0415,-0.2051,-0.3684,-40.9773,-0.6315
26044.805120,434.080085,7.234668,293.7178,294.7924,24.0495,26.0405,-9999,-59994.03,-9999,322.1792,332.9811,324.8112,-0.0437,-0.2055,-0.3685,-40.777,-0.6293
26051.215360,434.186923,7.236449,293.6429,294.7145,24.0416,26.0359,-9999,-59994.03,-9999,322.1131,332.9067,324.7346,-0.0432,-0.2071,-0.3678,-40.3419,-0.6261
26057.625600,434.293760,7.238229,293.568,294.6666,24.0809,26.0333,-9999,-59994.03,-9999,322.0389,332.8214,324.6539,-0.0469,-0.2099,-0.3636,-40.1411,-0.6243
26064.035840,434.400597,7.240010,293.4946,294.5582,24.0301,26.0315,-9999,-59994.03,-9999,321.9442,332.7329,324.574,-0.0453,-0.2101,-0.3611,-39.6165,-0.6174
26070.446080,434.507435,7.241791,293.4176,294.5206,24.0795,26.031,-9999,-59994.03,-9999,321.8808,332.6424,324.4869,-0.042,-0.2048,-0.3535,-38.5392,-0.6033
26076.856320,434.614272,7.243571,293.3506,294.4247,24.0409,26.0299,-9999,-59994.03,-9999,321.7877,332.5662,324.4063,-0.0359,-0.1946,-0.3447,-37.5675,-0.5927
26083.266560,434.721109,7.245352,293.2709,294.3575,24.0622,26.0287,-9999,-59994.03,-9999,321.7225,332.4786,324.3246,-0.0352,-0.1906,-0.3381,-36.8861,-0.5838
26089.676800,434.827947,7.247132,293.2,294.2808,24.0495,26.0264,-9999,-59994.03,-9999,321.6247,332.3964,324.2436,-0.0399,-0.1894,-0.3363,-36.6182,-0.5799
26096.087040,434.934784,7.248913,293.1214,294.2088,24.062,26.026,-9999,-59994.03,-9999,321.5662,332.3052,324.1619,-0.0369,-0.1879,-0.3359,-36.533,-0.5786
26102.497280,435.041621,7.250694,293.0539,294.1343,24.0493,26.0248,-9999,-59994.03,-9999,321.4634,332.2263,324.0787,-0.038,-0.1893,-0.3413,-36.7866,-0.5802
26108.907520,435.148459,7.252474,292.9756,294.0573,24.053,26.0156,-9999,-59994.03,-9999,321.4013,332.143,323.9945,-0.0399,-0.1942,-0.3486,-37.4683,-0.5832
26115.317760,435.255296,7.254255,292.9044,293.9795,24.0391,26.0149,-9999,-59994.03,-9999,321.3033,332.0503,323.9139,-0.0403,-0.198,-0.3506,-37.6776,-0.5846
26121.728000,435.362133,7.256036,292.8331,293.9084,24.0463,26.0124,-9999,-59994.03,-9999,321.2461,331.9636,323.8273,-0.042,-0.2021,-0.356,-38.3177,-0.5916
26128.138240,435.468971,7.257816,292.757,293.8379,24.0442,26.0156,-9999,-59994.03,-9999,321.1516,331.8775,323.7461,-0.0422,-0.2052,-0.3579,-38.8033,-0.5968
26134.548480,435.575808,7.259597,292.6868,293.7563,24.0326,26.0068,-9999,-59994.03,-9999,321.0831,331.7841,323.6492,-0.0397,-0.204,-0.3543,-38.6663,-0.601
26140.958720,435.682645,7.261377,292.6136,293.6935,24.0467,26.0029,-9999,-59994.03,-9999,320.989,331.6945,323.5617,-0.0379,-0.2026,-0.3529,-38.8333,-0.6049
26147.368960,435.789483,7.263158,292.5357,293.6028,24.0204,26.002,-9999,-59994.03,-9999,320.9283,331.6076,323.4849,-0.0395,-0.2017,-0.3522,-38.9918,-0.6028
26153.779200,435.896320,7.264939,292.4623,293.5539,24.0594,26.0031,-9999,-59994.03,-9999,320.8508,331.5211,323.3987,-0.0379,-0.2001,-0.3478,-38.4915,-0.6034
26160.189440,436.003157,7.266719,292.3876,293.4455,24.0047,25.9999,-9999,-59994.03,-9999,320.7616,331.4347,323.3132,-0.0389,-0.1985,-0.345,-38.3496,-0.6045
26166.599680,436.109995,7.268500,292.3164,293.4009,24.0493,25.9992,-9999,-59994.03,-9999,320.7007,331.3457,323.2281,-0.0388,-0.1971,-0.3423,-38.0255,-0.6048
26173.009920,436.216832,7.270281,292.2419,293.3201,24.04,25.996,-9999,-59994.03,-9999,320.6111,331.2639,323.1435,-0.0364,-0.1951,-0.3409,-37.4735,-0.6018
26179.420160,436.323669,7.272061,292.169,293.2179,23.9975,25.9946,-9999,-59994.03,-9999,320.5289,331.1799,323.0607,-0.0395,-0.1981,-0.3402,-37.0021,-0.5967
26185.830400,436.430507,7.273842,292.0996,293.1711,24.0379,25.9999,-9999,-59994.03,-9999,320.469,331.0916,322.9796,-0.0402,-0.199,-0.3401,-36.7092,-0.5889
26192.240640,436.537344,7.275622,292.0237,293.1072,24.0506,25.9941,-9999,-59994.03,-9999,320.385,331.0027,322.8901,-0.0405,-0.1986,-0.3403,-36.3723,-0.5803
26198.650880,436.644181,7.277403,291.9526,292.9971,23.9959,25.9893,-9999,-59994.03,-9999,320.2883,330.9247,322.81,-0.0418,-0.2009,-0.3434,-36.442,-0.5794
26205.061120,436.751019,7.279184,291.8774,292.962,24.0518,25.9872,-9999,-59994.03,-9999,320.2253,330.8459,322.7282,-0.0425,-0.2023,-0.3427,-36.5951,-0.5802
26211.471360,436.857856,7.280964,291.8004,292.856,24.0029,25.9868,-9999,-59994.03,-9999,320.1209,330.7639,322.6458,-0.0398,-0.1991,-0.3411,-36.6338,-0.5818
26217.881600,436.964693,7.282745,291.7254,292.8017,24.0285,25.9817,-9999,-59994.03,-9999,320.0627,330.6736,322.565,-0.0412,-0.2004,-0.3425,-36.9548,-0.585
26224.291840,437.071531,7.284526,291.659,292.7214,24.0195,25.9847,-9999,-59994.03,-9999,319.9717,330.5952,322.4835,-0.0406,-0.2009,-0.3435,-36.9718,-0.5862
26230.702080,437.178368,7.286306,291.5806,292.6442,24.0158,25.9831,-9999,-59994.03,-9999,319.8991,330.5125,322.3966,-0.0342,-0.1961,-0.3396,-36.4392,-0.5826
26237.112320,437.285205,7.288087,291.5088,292.5798,24.0222,25.9859,-9999,-59994.03,-9999,319.8044,330.4306,322.3123,-0.0353,-0.1925,-0.338,-36.4531,-0.5815
26243.522560,437.392043,7.289867,291.4283,292.498,24.0128,25.9746,-9999,-59994.03,-9999,319.7389,330.3428,322.2334,-0.0375,-0.1934,-0.3393,-36.4238,-0.577
26249.932800,437.498880,7.291648,291.3622,292.4251,24.0096,25.9713,-9999,-59994.03,-9999,319.5813,330.2576,322.151,-0.0345,-0.1907,-0.3363,-35.6593,-0.57
26256.343040,437.605717,7.293429,291.2775,292.3499,24.0174,25.9626,-9999,-59994.03,-9999,319.5186,330.1814,322.0722,-0.0337,-0.1869,-0.3318,-35.1954,-0.5635
26262.753280,437.712555,7.295209,291.1473,292.2022,23.9312,25.8925,-9999,-59994.03,-9999,319.4146,330.094,321.9831,-0.0342,-0.1887,-0.3323,-34.98,-0.5623
26269.163520,437.819392,7.296990,291.0705,292.1468,23.9587,25.8959,-9999,-59994.03,-9999,319.3581,330.0121,321.9065,-0.0339,-0.1913,-0.3312,-34.8753,-0.5633
26275.573760,437.926229,7.298770,291.0599,292.1221,23.995,25.9485,-9999,-59994.03,-9999,319.3173,329.9259,321.8248,-0.0386,-0.1943,-0.3317,-35.1963,-0.5666
26281.984000,438.033067,7.300551,290.9849,292.0514,24.007,25.9497,-9999,-59994.03,-9999,319.2619,329.8414,321.7433,-0.0385,-0.1928,-0.3353,-35.6274,-0.5676
26288.394240,438.139904,7.302332,290.9103,291.9865,24.0153,25.9474,-9999,-59994.03,-9999,319.1112,329.7595,321.6642,-0.0365,-0.1947,-0.3345,-35.8133,-0.5649
26294.804480,438.246741,7.304112,290.8396,291.8915,23.9777,25.9349,-9999,-59994.03,-9999,319.0355,329.671,321.5755,-0.0367,-0.197,-0.3378,-36.2616,-0.57
26301.214720,438.353579,7.305893,290.7659,291.8496,24.0276,25.934,-9999,-59994.03,-9999,319.0317,329.5905,321.4933,-0.038,-0.1981,-0.3425,-36.908,-0.5801
26307.624960,438.460416,7.307674,290.6896,291.7474,23.9885,25.9296,-9999,-59994.03,-9999,318.9352,329.5045,321.4147,-0.0406,-0.2016,-0.3488,-37.3561,-0.5825
26314.035200,438.567253,7.309454,290.5546,291.6059,23.9118,25.863,-9999,-59994.03,-9999,318.8585,329.4135,321.3247,-0.0443,-0.2068,-0.3525,-37.5897,-0.5871
26320.445440,438.674091,7.311235,290.4832,291.5613,23.9511,25.868,-9999,-59994.03,-9999,318.7895,329.3274,321.2334,-0.0449,-0.2104,-0.3549,-37.9336,-0.5891
26326.855680,438.780928,7.313015,290.4733,291.5424,24.0075,25.9163,-9999,-59994.03,-9999,318.637,329.2489,321.1563,-0.0392,-0.2089,-0.3563,-38.2296,-0.5929
26333.265920,438.887765,7.314796,290.3992,291.4465,23.965,25.9119,-9999,-59994.03,-9999,318.5505,329.1582,321.0696,-0.0389,-0.2093,-0.3595,-39.1467,-0.6018
26339.676160,438.994603,7.316577,290.2622,291.3456,23.9557,25.8438,-9999,-59994.03,-9999,318.4821,329.0783,320.9888,-0.0378,-0.2074,-0.3614,-39.4783,-0.605
26346.086400,439.101440,7.318357,290.1919,291.2366,23.9049,25.8477,-9999,-59994.03,-9999,318.3722,328.9927,320.9178,-0.0422,-0.2114,-0.3642,-39.848,-0.6082
26352.496640,439.208277,7.320138,290.1144,291.1958,23.9508,25.8415,-9999,-59994.03,-9999,318.321,328.9198,320.8291,-0.0382,-0.2098,-0.3624,-39.677,-0.6087
26358.906880,439.315115,7.321919,290.0434,291.0954,23.9116,25.8383,-9999,-59994.03,-9999,318.2191,328.8388,320.7433,-0.0371,-0.2083,-0.3617,-39.5804,-0.6102
26365.317120,439.421952,7.323699,289.9682,291.0361,23.9435,25.8323,-9999,-59994.03,-9999,318.1561,328.7612,320.668,-0.0352,-0.2025,-0.3542,-38.9209,-0.6036
26371.727360,439.528789,7.325480,289.8931,290.9499,23.916,25.8284,-9999,-59994.03,-9999,318.0477,328.676,320.584,-0.0328,-0.1955,-0.3481,-38.3659,-0.5991
26378.137600,439.635627,7.327260,289.8098,290.8778,23.9335,25.8298,-9999,-59994.03,-9999,317.9766,328.5917,320.4915,-0.0334,-0.1947,-0.3463,-38.0545,-0.5954
26384.547840,439.742464,7.329041,289.7386,290.7962,23.9227,25.833,-9999,-59994.03,-9999,317.8727,328.5032,320.4037,-0.0355,-0.1981,-0.3458,-37.8453,-0.5919
26390.958080,439.849301,7.330822,289.6583,290.7257,23.9351,25.8302,-9999,-59994.03,-9999,317.8085,328.4184,320.3202,-0.0391,-0.2,-0.3442,-37.631,-0.5907
26397.368320,439.956139,7.332602,289.5885,290.6473,23.9234,25.8307,-9999,-59994.03,-9999,317.6981,328.325,320.2335,-0.0399,-0.2,-0.3443,-37.4147,-0.5893
26403.778560,440.062976,7.334383,289.5028,290.5689,23.9312,25.8314,-9999,-59994.03,-9999,317.6359,328.1921,320.0947,-0.0408,-0.2045,-0.3508,-38.0968,-0.5925
26410.188800,440.169813,7.336164,289.4298,290.4901,23.925,25.8385,-9999,-59994.03,-9999,317.5378,328.1034,320.0158,-0.044,-0.2087,-0.3562,-38.6819,-0.5951
26416.599040,440.276651,7.337944,289.3514,290.4162,23.9354,25.8452,-9999,-59994.03,-9999,317.4748,328.0202,319.9389,-0.0436,-0.2078,-0.3599,-39.1134,-0.599
26423.009280,440.383488,7.339725,289.2791,290.3473,23.9349,25.8498,-9999,-59994.03,-9999,317.378,327.9388,319.8521,-0.0437,-0.207,-0.3604,-39.3961,-0.6009
26429.419520,440.490325,7.341505,289.2047,290.2707,23.9372,25.8501,-9999,-59994.03,-9999,317.3105,327.9142,319.8338,-0.0417,-0.2022,-0.3562,-39.0237,-0.6
26435.829760,440.597163,7.343286,289.1357,290.2004,23.9444,25.86,-9999,-59994.03,-9999,317.2137,327.8314,319.7512,-0.0373,-0.1978,-0.3502,-38.2572,-0.5946
26442.240000,440.704000,7.345067,289.0548,290.1229,23.9557,25.8611,-9999,-59994.03,-9999,317.2128,327.7043,319.6132,-0.0411,-0.2001,-0.3478,-37.5437,-0.5889
26448.650240,440.810837,7.346847,288.9807,290.0499,23.9448,25.8865,-9999,-59994.03,-9999,317.1017,327.6149,319.5218,-0.0401,-0.1982,-0.3436,-36.9496,-0.5861
26455.060480,440.917675,7.348628,288.9069,289.9807,23.9645,25.8911,-9999,-59994.03,-9999,317.038,327.5297,319.4389,-0.039,-0.2,-0.3468,-37.4206,-0.5888
26461.470720,441.024512,7.350409,288.833,289.9007,23.9529,25.8996,-9999,-59994.03,-9999,316.9378,327.4527,319.3596,-0.046,-0.209,-0.3567,-37.9714,-0.592
26467.880960,441.131349,7.352189,288.7532,289.8315,23.9725,25.9058,-9999,-59994.03,-9999,316.8766,327.3713,319.2801,-0.0469,-0.2146,-0.3646,-38.7315,-0.598
26474.291200,441.238187,7.353970,288.6894,289.7373,23.9483,25.922,-9999,-59994.03,-9999,316.7713,327.283,319.1951,-0.0455,-0.2171,-0.3715,-39.9063,-0.606
26480.701440,441.345024,7.355750,288.6729,289.7292,24.0571,25.984,-9999,-59994.03,-9999,316.7011,327.196,319.1116,-0.0432,-0.214,-0.3739,-40.1576,-0.6093
26487.111680,441.451861,7.357531,288.5938,289.6184,24.0045,25.9932,-9999,-59994.03,-9999,316.5978,327.1023,319.0258,-0.0396,-0.2101,-0.3695,-40.1841,-0.6105
26493.521920,441.558699,7.359312,288.5181,289.5769,24.0643,25.9983,-9999,-59994.03,-9999,316.53,327.0166,318.9417,-0.0421,-0.2102,-0.3714,-40.6785,-0.6187
26499.932160,441.665536,7.361092,288.4432,289.4618,24.0047,26.0043,-9999,-59994.03,-9999,316.4355,326.9316,318.86,-0.042,-0.2091,-0.372,-41.1638,-0.6259
26506.342400,441.772373,7.362873,288.3693,289.425,24.0647,26.011,-9999,-59994.03,-9999,316.3726,326.8484,318.7828,-0.04,-0.2054,-0.3688,-41.3941,-0.6316
26512.752640,441.879211,7.364654,288.2949,289.313,24.0116,26.0202,-9999,-59994.03,-9999,316.2765,326.7726,318.7029,-0.0421,-0.2101,-0.3716,-41.5505,-0.6375
26519.162880,441.986048,7.366434,288.2214,289.2767,24.0721,26.017,-9999,-59994.03,-9999,316.2127,326.6911,318.6186,-0.0457,-0.2145,-0.3767,-41.5758,-0.6416
26525.573120,442.092885,7.368215,288.1465,289.1647,24.0199,26.0177,-9999,-59994.03,-9999,316.1143,326.6072,318.5323,-0.0423,-0.2136,-0.3743,-41.1402,-0.6395
26531.983360,442.199723,7.369995,288.0753,289.1307,24.0813,26.0248,-9999,-59994.03,-9999,316.0479,326.5247,318.4512,-0.0398,-0.2095,-0.3676,-40.5455,-0.6341
26538.393600,442.306560,7.371776,287.9977,289.0135,24.0278,26.028,-9999,-59994.03,-9999,315.9507,326.4386,318.3674,-0.0408,-0.2082,-0.3654,-40.3655,-0.6345
26544.803840,442.413397,7.373557,287.9242,288.9815,24.088,26.0283,-9999,-59994.03,-9999,315.874,326.3603,318.2903,-0.0419,-0.2112,-0.3659,-40.3003,-0.6344
26551.214080,442.520235,7.375337,287.8489,288.8701,24.0329,26.0283,-9999,-59994.03,-9999,315.7838,326.277,318.2047,-0.0463,-0.2135,-0.3648,-39.8891,-0.6284
26557.624320,442.627072,7.377118,287.7781,288.8334,24.098,26.0336,-9999,-59994.03,-9999,315.715,326.2667,318.1934,-0.0462,-0.2136,-0.364,-39.4736,-0.6233
26564.034560,442.733909,7.378898,287.7059,288.7209,24.0421,26.0356,-9999,-59994.03,-9999,315.6146,326.179,318.1109,-0.0432,-0.2141,-0.3631,-39.4354,-0.6198
26570.444800,442.840747,7.380679,287.632,288.6817,24.0991,26.04,-9999,-59994.03,-9999,315.5591,326.0439,317.9747,-0.0457,-0.2182,-0.3708,-40.0308,-0.6222
26576.855040,442.947584,7.382460,287.5576,288.5793,24.0576,26.0349,-9999,-59994.03,-9999,315.4636,325.9649,317.9027,-0.0423,-0.2189,-0.3783,-40.7406,-0.6272
26583.265280,443.054421,7.384240,287.4836,288.5221,24.0841,26.0421,-9999,-59994.03,-9999,315.395,325.9356,317.8792,-0.0443,-0.2193,-0.379,-40.8717,-0.6291
26589.675520,443.161259,7.386021,287.4128,288.4531,24.0904,26.0398,-9999,-59994.03,-9999,315.3062,325.8521,317.802,-0.04,-0.2131,-0.3737,-40.5363,-0.6252
26596.085760,443.268096,7.387802,287.3356,288.3537,24.0603,26.0409,-9999,-59994.03,-9999,315.2319,325.7696,317.7236,-0.0371,-0.2066,-0.3671,-40.1784,-0.6259
26602.496000,443.374933,7.389582,287.2657,288.3156,24.11,26.0428,-9999,-59994.03,-9999,315.1617,325.6892,317.6465,-0.0373,-0.205,-0.3658,-40.2306,-0.6265
26608.906240,443.481771,7.391363,287.1911,288.2042,24.0573,26.0469,-9999,-59994.03,-9999,315.0715,325.6033,317.5689,-0.0369,-0.2056,-0.3643,-39.8818,-0.6231
26615.316480,443.588608,7.393143,287.1207,288.1656,24.1121,26.0448,-9999,-59994.03,-9999,315.0096,325.515,317.4797,-0.0382,-0.2054,-0.3595,-39.2799,-0.6179
26621.726720,443.695445,7.394924,287.044,288.0664,24.0693,26.0389,-9999,-59994.03,-9999,314.9105,325.425,317.3928,-0.0389,-0.2021,-0.3575,-39.099,-0.617
26628.136960,443.802283,7.396705,286.9727,288.0128,24.1,26.04,-9999,-59994.03,-9999,314.8499,325.3424,317.3101,-0.0399,-0.2033,-0.3595,-39.2207,-0.6134
26634.547200,443.909120,7.398485,286.9044,287.9332,24.0862,26.0393,-9999,-59994.03,-9999,314.7579,325.2556,317.2246,-0.0378,-0.2019,-0.3567,-39.04,-0.6116
26640.957440,444.015957,7.400266,286.8207,287.8493,24.0892,26.0345,-9999,-59994.03,-9999,314.6926,325.1789,317.1448,-0.0369,-0.203,-0.3573,-39.0889,-0.6097
26647.367680,444.122795,7.402047,286.7492,287.7794,24.0857,26.0338,-9999,-59994.03,-9999,314.6011,325.0927,317.0619,-0.0402,-0.2086,-0.3607,-39.2703,-0.6103
26653.777920,444.229632,7.403827,286.6752,287.7054,24.092,26.0329,-9999,-59994.03,-9999,314.5374,325.007,316.9774,-0.0429,-0.2131,-0.3698,-40.245,-0.6199
26660.188160,444.336469,7.405608,286.6001,287.6308,24.082,26.0352,-9999,-59994.03,-9999,314.4996,324.9189,316.8936,-0.043,-0.2134,-0.3702,-40.5613,-0.6226
26666.598400,444.443307,7.407388,286.5279,287.5645,24.0966,26.0363,-9999,-59994.03,-9999,314.4406,324.8325,316.8091,-0.04,-0.2083,-0.3639,-40.1839,-0.6211
26673.008640,444.550144,7.409169,286.4636,287.4747,24.0742,26.0365,-9999,-59994.03,-9999,314.3448,324.7548,316.7364,-0.0436,-0.2123,-0.3677,-40.6097,-0.626
26679.418880,444.656981,7.410950,286.3835,287.4251,24.106,26.0329,-9999,-59994.03,-9999,314.2876,324.6606,316.6467,-0.0485,-0.2234,-0.3759,-41.2061,-0.6334
26685.829120,444.763819,7.412730,286.3086,287.3326,24.0712,26.0368,-9999,-59994.03,-9999,314.1842,324.5803,316.5653,-0.0482,-0.2254,-0.3781,-41.5274,-0.6384
26692.239360,444.870656,7.414511,286.2335,287.2776,24.1024,26.0359,-9999,-59994.03,-9999,314.131,324.504,316.486,-0.0453,-0.2242,-0.3811,-41.888,-0.6427
26698.649600,444.977493,7.416292,286.1595,287.1914,24.0599,26.0409,-9999,-59994.03,-9999,313.983,324.4095,316.4021,-0.0448,-0.2252,-0.3867,-42.3467,-0.6483
26705.059840,445.084331,7.418072,286.0857,287.1396,24.1058,26.0361,-9999,-59994.03,-9999,313.9208,324.3348,316.3239,-0.0438,-0.2295,-0.3921,-42.65,-0.6507
26711.470080,445.191168,7.419853,286.0162,287.0351,24.0585,26.0338,-9999,-59994.03,-9999,313.8746,324.2424,316.2349,-0.045,-0.2326,-0.3938,-42.3982,-0.6446
26717.880320,445.298005,7.421633,285.9444,286.9927,24.1067,26.0306,-9999,-59994.03,-9999,313.8229,324.1629,316.1622,-0.0469,-0.2307,-0.3944,-42.1004,-0.6423
26724.290560,445.404843,7.423414,285.8657,286.8851,24.0504,26.0246,-9999,-59994.03,-9999,313.726,324.0821,316.0822,-0.0463,-0.2318,-0.3938,-42.3321,-0.646
26730.700800,445.511680,7.425195,285.7921,286.8436,24.1017,26.023,-9999,-59994.03,-9999,313.6746,323.9975,316.0043,-0.0503,-0.2393,-0.4004,-43.3024,-0.6562
26737.111040,445.618517,7.426975,285.7188,286.7523,24.0548,26.0172,-9999,-59994.03,-9999,313.569,323.9069,315.9185,-0.0511,-0.2406,-0.402,-43.5513,-0.6607
26743.521280,445.725355,7.428756,285.647,286.7,24.0832,26.0137,-9999,-59994.03,-9999,313.5166,323.829,315.8411,-0.0455,-0.2335,-0.4021,-43.7169,-0.6597
26749.931520,445.832192,7.430537,285.5743,286.6192,24.0698,26.014,-9999,-59994.03,-9999,313.3588,323.7401,315.7583,-0.0436,-0.2326,-0.4006,-43.6593,-0.6581
26756.341760,445.939029,7.432317,285.5015,286.5402,24.0645,26.0077,-9999,-59994.03,-9999,313.289,323.6522,315.6698,-0.0437,-0.2282,-0.3969,-43.6508,-0.6615
26762.752000,446.045867,7.434098,285.4252,286.4847,24.0929,26.0006,-9999,-59994.03,-9999,313.2613,323.5705,315.5852,-0.0441,-0.2263,-0.3928,-43.2811,-0.6613
26769.162240,446.152704,7.435878,285.3557,286.3864,24.0488,25.9939,-9999,-59994.03,-9999,313.1895,323.4829,315.5088,-0.042,-0.2189,-0.3849,-42.8926,-0.6587
26775.572480,446.259541,7.437659,285.2825,286.3408,24.085,25.9923,-9999,-59994.03,-9999,313.1082,323.3992,315.4238,-0.044,-0.2218,-0.3866,-43.095,-0.6636
26781.982720,446.366379,7.439440,285.1995,286.2429,24.0368,25.9981,-9999,-59994.03,-9999,313.0288,323.312,315.3343,-0.0452,-0.225,-0.3879,-43.4772,-0.6697
26788.392960,446.473216,7.441220,285.136,286.1996,24.0839,25.9994,-9999,-59994.03,-9999,312.952,323.2304,315.2525,-0.0438,-0.2197,-0.3859,-43.7634,-0.6729
26794.803200,446.580053,7.443001,285.0674,286.0906,24.0386,25.9992,-9999,-59994.03,-9999,312.8623,323.1425,315.1702,-0.0394,-0.2113,-0.3825,-43.8426,-0.6759
26801.213440,446.686891,7.444782,284.9986,286.059,24.086,26.0059,-9999,-59994.03,-9999,312.79,323.061,315.0796,-0.0415,-0.211,-0.3814,-43.7393,-0.6788
26807.623680,446.793728,7.446562,284.9306,285.9446,24.0502,25.9886,-9999,-59994.03,-9999,312.7121,322.9791,314.9932,-0.0439,-0.2128,-0.3786,-43.309,-0.6746
26814.033920,446.900565,7.448343,284.8412,285.9344,24.0742,26.0034,-9999,-59994.03,-9999,312.6369,322.8909,314.9109,-0.045,-0.2166,-0.3779,-42.7957,-0.6657
26820.444160,447.007403,7.450123,284.781,285.7767,24.0393,26.0271,-9999,-59994.03,-9999,312.547,322.8025,314.8219,-0.0423,-0.2145,-0.373,-41.9837,-0.6524
26826.854400,447.114240,7.451904,284.7115,285.7322,24.0807,26.0419,-9999,-59994.03,-9999,312.4055,322.7214,314.7405,-0.0412,-0.2095,-0.3723,-41.6669,-0.6427
26833.264640,447.221077,7.453685,284.6297,285.6275,24.0566,26.0402,-9999,-59994.03,-9999,312.3379,322.6372,314.6609,-0.0437,-0.2122,-0.3754,-41.8028,-0.6401
26839.674880,447.327915,7.455465,284.5787,285.5652,24.0555,26.061,-9999,-59994.03,-9999,312.3097,322.5546,314.57,-0.0403,-0.2107,-0.3726,-41.3533,-0.6332
26846.085120,447.434752,7.457246,284.4979,285.5005,24.0786,26.0667,-9999,-59994.03,-9999,312.2578,322.4664,314.4861,-0.0393,-0.2074,-0.3648,-40.164,-0.623
26852.495360,447.541589,7.459026,284.4295,285.4057,24.0386,26.0734,-9999,-59994.03,-9999,312.1015,322.3827,314.4058,-0.0386,-0.2046,-0.3584,-39.4162,-0.6181
26858.905600,447.648427,7.460807,284.362,285.3741,24.0885,26.0836,-9999,-59994.03,-9999,312.0511,322.3032,314.3213,-0.0336,-0.1955,-0.3497,-38.6098,-0.6143
26865.315840,447.755264,7.462588,284.2879,285.2664,24.037,26.0905,-9999,-59994.03,-9999,311.9569,322.2185,314.2385,-0.0319,-0.1889,-0.3402,-37.6806,-0.6072
26871.726080,447.862101,7.464368,284.2211,285.2357,24.0934,26.0992,-9999,-59994.03,-9999,311.9061,322.1359,314.1618,-0.0398,-0.193,-0.3409,-37.5453,-0.6045
26878.136320,447.968939,7.466149,284.1592,285.1294,24.0412,26.1119,-9999,-59994.03,-9999,311.8105,322.0566,314.0788,-0.0448,-0.2006,-0.3471,-38.4183,-0.6102
26884.546560,448.075776,7.467930,284.0881,285.0987,24.0934,26.1154,-9999,-59994.03,-9999,311.7581,321.9751,313.994,-0.0456,-0.2063,-0.3572,-39.4448,-0.616
26890.956800,448.182613,7.469710,284.0194,285.0003,24.0504,26.122,-9999,-59994.03,-9999,311.6659,321.8914,313.9134,-0.042,-0.2077,-0.3582,-39.6175,-0.6175
26897.367040,448.289451,7.471491,283.9485,284.9412,24.0636,26.1278,-9999,-59994.03,-9999,311.6079,321.8039,313.8264,-0.0394,-0.2028,-0.3546,-39.258,-0.6136
26903.777280,448.396288,7.473271,283.8813,284.8904,24.0913,26.1359,-9999,-59994.03,-9999,311.5318,321.7243,313.7474,-0.0386,-0.2022,-0.355,-39.0593,-0.6116
26910.187520,448.503125,7.475052,283.8099,284.7845,24.0396,26.1398,-9999,-59994.03,-9999,311.4477,321.6401,313.6673,-0.0391,-0.2026,-0.3559,-39.1864,-0.6109
26916.597760,448.609963,7.476833,283.7394,284.7339,24.0657,26.1462,-9999,-59994.03,-9999,311.3868,321.5542,313.5823,-0.0429,-0.2067,-0.3576,-39.0615,-0.6104
26923.008000,448.716800,7.478613,283.6701,284.6773,24.0917,26.1614,-9999,-59994.03,-9999,311.3093,321.4738,313.5035,-0.0437,-0.2123,-0.3617,-39.3876,-0.6123
26929.418240,448.823637,7.480394,283.6017,284.573,24.037,26.1582,-9999,-59994.03,-9999,311.222,321.3867,313.4192,-0.0412,-0.2161,-0.3646,-39.4344,-0.6125
26935.828480,448.930475,7.482175,283.5229,284.5299,24.076,26.161,-9999,-59994.03,-9999,311.1633,321.3004,313.3371,-0.0429,-0.2188,-0.3655,-39.3373,-0.6135
26942.238720,449.037312,7.483955,283.4592,284.4567,24.0652,26.1723,-9999,-59994.03,-9999,311.0722,321.2789,313.3193,-0.0456,-0.2218,-0.3696,-39.8121,-0.6168
26948.648960,449.144149,7.485736,283.3914,284.3696,24.037,26.1769,-9999,-59994.03,-9999,311.0019,321.1978,313.2363,-0.0465,-0.2212,-0.3729,-40.2798,-0.6223
26955.059200,449.250987,7.487516,283.3214,284.333,24.0876,26.1866,-9999,-59994.03,-9999,310.9372,321.0539,313.0952,-0.0462,-0.2182,-0.371,-40.4137,-0.6267
26961.469440,449.357824,7.489297,283.2541,284.226,24.0292,26.1948,-9999,-59994.03,-9999,310.851,320.9753,313.0164,-0.0443,-0.2144,-0.3647,-40.254,-0.6296
26967.879680,449.464661,7.491078,283.1809,284.1772,24.0638,26.2045,-9999,-59994.03,-9999,310.7977,320.9515,312.9946,-0.0501,-0.2182,-0.3671,-40.3161,-0.6297
26974.289920,449.571499,7.492858,283.1138,284.1111,24.067,26.2054,-9999,-59994.03,-9999,310.7086,320.8682,312.9069,-0.0537,-0.2269,-0.3769,-40.7189,-0.634
26980.700160,449.678336,7.494639,283.0393,284.0065,24.0176,26.2163,-9999,-59994.03,-9999,310.6246,320.7791,312.8196,-0.0493,-0.2273,-0.3789,-40.9463,-0.6348
26987.110400,449.785173,7.496420,282.9713,283.976,24.07,26.2273,-9999,-59994.03,-9999,310.5667,320.6935,312.7406,-0.0459,-0.226,-0.3831,-41.5531,-0.6369
26993.520640,449.892011,7.498200,282.8999,283.8792,24.0289,26.2368,-9999,-59994.03,-9999,310.4728,320.609,312.6585,-0.0486,-0.2291,-0.3909,-42.5163,-0.6447
26999.930880,449.998848,7.499981,282.8315,283.8281,24.058,26.2446,-9999,-59994.03,-9999,310.4247,320.532,312.5793,-0.0467,-0.2301,-0.3929,-43.129,-0.6483
27006.341120,450.105685,7.501761,282.7632,283.7437,24.0306,26.2543,-9999,-59994.03,-9999,310.3266,320.4473,312.4955,-0.0435,-0.2292,-0.3904,-42.8784,-0.6484
27012.751360,450.212523,7.503542,282.6918,283.6919,24.0587,26.2594,-9999,-59994.03,-9999,310.2787,320.3642,312.4116,-0.0441,-0.2281,-0.3908,-42.7041,-0.649
27019.161600,450.319360,7.505323,282.6216,283.5962,24.0176,26.2658,-9999,-59994.03,-9999,310.1779,320.2791,312.3306,-0.0485,-0.2304,-0.393,-42.7884,-0.6502
27025.571840,450.426197,7.507103,282.5518,283.5553,24.062,26.278,-9999,-59994.03,-9999,310.13,320.2065,312.2507,-0.0476,-0.2283,-0.3934,-43.0704,-0.6531
27031.982080,450.533035,7.508884,282.418,283.3864,23.9404,26.2229,-9999,-59994.03,-9999,310.0299,320.1296,312.1708,-0.0448,-0.2242,-0.3875,-42.8323,-0.6523
27038.392320,450.639872,7.510665,282.3518,283.3581,23.9996,26.2298,-9999,-59994.03,-9999,309.9732,320.0533,312.0909,-0.0444,-0.2238,-0.3842,-42.6226,-0.6526
27044.802560,450.746709,7.512445,282.2779,283.244,23.9381,26.2319,-9999,-59994.03,-9999,309.8908,319.9771,312.0128,-0.047,-0.2253,-0.3867,-42.7542,-0.6495
27051.212800,450.853547,7.514226,282.2112,283.2124,23.9887,26.2429,-9999,-59994.03,-9999,309.8207,319.9009,311.9358,-0.048,-0.227,-0.3891,-42.5893,-0.6461
27057.623040,450.960384,7.516006,282.1385,283.1135,23.9416,26.2422,-9999,-59994.03,-9999,309.6856,319.8231,311.8574,-0.0464,-0.2221,-0.3852,-42.3999,-0.6462
27064.033280,451.067221,7.517787,282.075,283.0658,23.9668,26.2545,-9999,-59994.03,-9999,309.5992,319.742,311.7768,-0.041,-0.2152,-0.3807,-42.1741,-0.6464
27070.443520,451.174059,7.519568,282.0034,282.9904,23.9686,26.2598,-9999,-59994.03,-9999,309.5454,319.6652,311.6958,-0.038,-0.2102,-0.3731,-41.7938,-0.6444
27076.853760,451.280896,7.521348,281.9353,282.9102,23.9404,26.2667,-9999,-59994.03,-9999,309.448,319.5832,311.6175,-0.0423,-0.2104,-0.3705,-41.3566,-0.6397
27083.264000,451.387733,7.523129,281.8685,282.8643,23.9772,26.2743,-9999,-59994.03,-9999,309.3973,319.5072,311.5353,-0.043,-0.2115,-0.3665,-40.8946,-0.6352
27089.674240,451.494571,7.524910,281.7952,282.7615,23.9252,26.2731,-9999,-59994.03,-9999,309.301,319.4239,311.4547,-0.0459,-0.2146,-0.3702,-41.2963,-0.6379
27096.084480,451.601408,7.526690,281.7333,282.7299,23.9753,26.2828,-9999,-59994.03,-9999,309.2392,319.347,311.377,-0.0472,-0.2196,-0.3719,-41.1024,-0.6366
27102.494720,451.708245,7.528471,281.6644,282.645,23.9515,26.2959,-9999,-59994.03,-9999,309.1527,319.2674,311.2984,-0.0471,-0.2212,-0.374,-41.315,-0.6358
27108.904960,451.815083,7.530251,281.5968,282.5627,23.9264,26.3015,-9999,-59994.03,-9999,309.077,319.1859,311.2163,-0.0456,-0.2238,-0.374,-41.1376,-0.6302
27115.315200,451.921920,7.532032,281.524,282.5223,23.9649,26.3061,-9999,-59994.03,-9999,309.0172,319.097,311.1361,-0.0442,-0.2229,-0.3727,-40.874,-0.6281
27121.725440,452.028757,7.533813,281.4562,282.4432,23.9571,26.318,-9999,-59994.03,-9999,308.9348,319.012,311.0497,-0.0463,-0.2279,-0.3807,-41.5361,-0.6349
27128.135680,452.135595,7.535593,281.3853,282.3434,23.9139,26.3247,-9999,-59994.03,-9999,308.8521,318.9271,310.9671,-0.0491,-0.2316,-0.3882,-42.3243,-0.6418
27134.545920,452.242432,7.537374,281.3174,282.2909,23.9301,26.3399,-9999,-59994.03,-9999,308.7923,318.8429,310.8829,-0.0497,-0.2338,-0.3895,-42.7664,-0.6444
27140.956160,452.349269,7.539154,281.249,282.2516,23.9688,26.3531,-9999,-59994.03,-9999,308.7143,318.7544,310.8001,-0.0474,-0.2307,-0.3868,-42.5848,-0.645
27147.366400,452.456107,7.540935,281.1809,282.1567,23.9328,26.3752,-9999,-59994.03,-9999,308.6285,318.6724,310.7215,-0.0453,-0.2269,-0.3859,-42.287,-0.642
27153.776640,452.562944,7.542716,281.1124,282.0781,23.9144,26.3906,-9999,-59994.03,-9999,308.5577,318.5897,310.6433,-0.0436,-0.2189,-0.3772,-41.5559,-0.6395
27160.186880,452.669781,7.544496,281.0464,282.0396,23.9488,26.4005,-9999,-59994.03,-9999,308.5017,318.5067,310.5618,-0.0408,-0.2098,-0.3665,-40.7807,-0.6344
27166.597120,452.776619,7.546277,280.9752,281.9734,23.9543,26.4159,-9999,-59994.03,-9999,308.4159,318.4196,310.4785,-0.0417,-0.208,-0.3616,-40.0084,-0.6286
27173.007360,452.883456,7.548058,280.9114,281.8752,23.9072,26.421,-9999,-59994.03,-9999,308.3294,318.3282,310.3916,-0.045,-0.2085,-0.3581,-39.2086,-0.6181
27179.417600,452.990293,7.549838,280.8382,281.8315,23.9418,26.4323,-9999,-59994.03,-9999,308.2721,318.2464,310.3126,-0.0432,-0.2101,-0.3598,-38.6781,-0.611
27185.827840,453.097131,7.551619,280.7677,281.761,23.9414,26.4475,-9999,-59994.03,-9999,308.1836,318.165,310.2311,-0.0427,-0.21,-0.3616,-38.9804,-0.612
27192.238080,453.203968,7.553399,280.6908,281.6625,23.8964,26.4613,-9999,-59994.03,-9999,308.1083,318.0844,310.1554,-0.0429,-0.2093,-0.3625,-39.1822,-0.6116
27198.648320,453.310805,7.555180,280.6252,281.6311,23.952,26.4717,-9999,-59994.03,-9999,308.0509,318.0108,310.0813,-0.0388,-0.2013,-0.3548,-38.855,-0.6108
27205.058560,453.417643,7.556961,280.5529,281.5248,23.8927,26.4733,-9999,-59994.03,-9999,307.9546,317.9335,310.0096,-0.0383,-0.196,-0.3498,-38.6918,-0.6105
27211.468800,453.524480,7.558741,280.4857,281.4862,23.9363,26.4844,-9999,-59994.03,-9999,307.9017,317.8599,309.9272,-0.0424,-0.1993,-0.3508,-38.9507,-0.6085
27217.879040,453.631317,7.560522,280.4134,281.394,23.9037,26.4915,-9999,-59994.03,-9999,307.7984,317.7761,309.8457,-0.0424,-0.2017,-0.3544,-39.2209,-0.6109
27224.289280,453.738155,7.562303,280.3417,281.316,23.8924,26.4913,-9999,-59994.03,-9999,307.7339,317.697,309.7664,-0.0379,-0.2,-0.3562,-39.4987,-0.6127
27230.699520,453.844992,7.564083,280.2707,281.2737,23.9317,26.4993,-9999,-59994.03,-9999,307.6649,317.6246,309.6929,-0.0423,-0.2074,-0.3629,-39.784,-0.6189
27237.109760,453.951829,7.565864,280.2049,281.1679,23.8721,26.5111,-9999,-59994.03,-9999,307.5806,317.5492,309.6123,-0.044,-0.2094,-0.3649,-40.228,-0.624
27243.520000,454.058667,7.567644,280.1346,281.1277,23.9097,26.5196,-9999,-59994.03,-9999,307.5349,317.4763,309.5361,-0.0444,-0.2108,-0.3672,-40.6369,-0.6304
27249.930240,454.165504,7.569425,280.0742,281.0615,23.9118,26.536,-9999,-59994.03,-9999,307.4551,317.4028,309.4633,-0.0462,-0.2143,-0.3727,-41.3646,-0.6374
27256.340480,454.272341,7.571206,280.0038,280.9704,23.8733,26.5436,-9999,-59994.03,-9999,307.3769,317.3275,309.3861,-0.0437,-0.2153,-0.3744,-41.5531,-0.639
27262.750720,454.379179,7.572986,279.9346,280.9364,23.9181,26.5541,-9999,-59994.03,-9999,307.3168,317.2497,309.3095,-0.0434,-0.2154,-0.3726,-41.2165,-0.6339
27269.160960,454.486016,7.574767,279.8627,280.8555,23.9077,26.5597,-9999,-59994.03,-9999,307.2386,317.1768,309.2358,-0.0426,-0.2107,-0.3708,-41.1924,-0.6359
27275.571200,454.592853,7.576548,279.7949,280.7628,23.8656,26.5659,-9999,-59994.03,-9999,307.1563,317.0916,309.1567,-0.0462,-0.2137,-0.3735,-41.2134,-0.6344
27281.981440,454.699691,7.578328,279.7261,280.7106,23.886,26.5687,-9999,-59994.03,-9999,307.0931,317.0145,309.0772,-0.0485,-0.2159,-0.3737,-41.2945,-0.6379
27288.391680,454.806528,7.580109,279.6569,280.6581,23.9079,26.5696,-9999,-59994.03,-9999,307.0252,316.9271,308.9988,-0.0461,-0.2131,-0.3725,-41.4095,-0.6402
27294.801920,454.913365,7.581889,279.5884,280.5677,23.88,26.5811,-9999,-59994.03,-9999,306.9394,316.8509,308.9208,-0.0456,-0.215,-0.3728,-41.2087,-0.6407
27301.212160,455.020203,7.583670,279.5198,280.4784,23.8504,26.588,-9999,-59994.03,-9999,306.867,316.7746,308.8444,-0.0491,-0.2211,-0.3765,-41.4766,-0.6433
27307.622400,455.127040,7.585451,279.4493,280.4277,23.8703,26.5882,-9999,-59994.03,-9999,306.8009,316.695,308.7638,-0.051,-0.2217,-0.3739,-41.6032,-0.6382
27314.032640,455.233877,7.587231,279.3242,280.3192,23.8337,26.535,-9999,-59994.03,-9999,306.7251,316.6105,308.6773,-0.045,-0.2151,-0.3697,-41.0183,-0.6313
27320.442880,455.340715,7.589012,279.2545,280.2238,23.7991,26.5495,-9999,-59994.03,-9999,306.6355,316.5354,308.5964,-0.0384,-0.2082,-0.363,-40.524,-0.627
27326.853120,455.447552,7.590793,279.2477,280.2034,23.8326,26.6299,-9999,-59994.03,-9999,306.4971,316.4567,308.5201,-0.0383,-0.2044,-0.3621,-40.1234,-0.6223
27333.263360,455.554389,7.592573,279.1805,280.1652,23.8774,26.6435,-9999,-59994.03,-9999,306.437,316.3773,308.4371,-0.0346,-0.1969,-0.3542,-39.1297,-0.6141
27339.673600,455.661227,7.594354,279.0536,280.0159,23.7836,26.5955,-9999,-59994.03,-9999,306.3462,316.2943,308.3614,-0.0301,-0.1851,-0.3414,-37.645,-0.5998
27346.083840,455.768064,7.596134,278.9812,279.9483,23.7855,26.6232,-9999,-59994.03,-9999,306.2844,316.2087,308.2821,-0.0281,-0.1757,-0.3283,-36.2106,-0.5856
27352.494080,455.874901,7.597915,278.9174,279.8902,23.7905,26.6467,-9999,-59994.03,-9999,306.196,316.1266,308.2053,-0.0267,-0.1739,-0.32,-35.1992,-0.5769
27358.904320,455.981739,7.599696,278.8468,279.8056,23.7697,26.6757,-9999,-59994.03,-9999,306.1324,316.045,308.1188,-0.0264,-0.1702,-0.314,-34.4658,-0.5684
27365.314560,456.088576,7.601476,278.7808,279.7635,23.7998,26.698,-9999,-59994.03,-9999,306.0517,315.9645,308.043,-0.0249,-0.1679,-0.3142,-34.444,-0.5646
27371.724800,456.195413,7.603257,278.7068,279.6579,23.7522,26.7178,-9999,-59994.03,-9999,305.9781,315.8787,307.9635,-0.0268,-0.1704,-0.3175,-34.5404,-0.5594
27378.135040,456.302251,7.605038,278.6427,279.6247,23.7938,26.7512,-9999,-59994.03,-9999,305.9026,315.797,307.8813,-0.027,-0.171,-0.3136,-34.1769,-0.5583
27384.545280,456.409088,7.606818,278.5708,279.5227,23.7474,26.7789,-9999,-59994.03,-9999,305.8342,315.7172,307.8037,-0.0294,-0.1701,-0.3113,-33.935,-0.5566
27390.955520,456.515925,7.608599,278.5027,279.4842,23.7917,26.8104,-9999,-59994.03,-9999,305.7598,315.6331,307.7235,-0.0318,-0.1706,-0.3126,-33.5486,-0.5512
27397.365760,456.622763,7.610379,278.4301,279.3779,23.736,26.8189,-9999,-59994.03,-9999,305.6808,315.5508,307.6462,-0.0323,-0.1731,-0.3125,-33.3046,-0.5466
27403.776000,456.729600,7.612160,278.3604,279.3462,23.7845,26.8449,-9999,-59994.03,-9999,305.6201,315.4678,307.5677,-0.0318,-0.1731,-0.3098,-33.1431,-0.5448
27410.186240,456.836437,7.613941,278.2873,279.2388,23.7273,26.8562,-9999,-59994.03,-9999,305.5373,315.3786,307.4844,-0.0304,-0.1701,-0.3082,-33.3575,-0.5443
27416.596480,456.943275,7.615721,278.2221,279.2091,23.7792,26.8751,-9999,-59994.03,-9999,305.4745,315.3012,307.4089,-0.033,-0.1721,-0.3113,-33.3887,-0.5431
27423.006720,457.050112,7.617502,278.1508,279.0988,23.7219,26.8868,-9999,-59994.03,-9999,305.3887,315.2205,307.3315,-0.034,-0.1758,-0.3135,-33.5548,-0.5405
27429.416960,457.156949,7.619282,278.0827,279.0673,23.7725,26.894,-9999,-59994.03,-9999,305.3396,315.1377,307.2547,-0.0372,-0.1806,-0.3176,-33.5446,-0.5427
27435.827200,457.263787,7.621063,278.0141,278.9745,23.736,26.902,-9999,-59994.03,-9999,305.2476,315.0516,307.174,-0.0412,-0.186,-0.3216,-33.7116,-0.5484
27442.237440,457.370624,7.622844,277.9437,278.9058,23.727,26.9131,-9999,-59994.03,-9999,305.197,314.9738,307.0989,-0.0431,-0.1955,-0.3293,-34.6602,-0.5579
27448.647680,457.477461,7.624624,277.8749,278.8632,23.7688,26.9122,-9999,-59994.03,-9999,305.1404,314.8957,307.0216,-0.0451,-0.2005,-0.3362,-35.3657,-0.5644
27455.057920,457.584299,7.626405,277.8056,278.7659,23.7261,26.9159,-9999,-59994.03,-9999,305.0548,314.8192,306.9472,-0.0409,-0.2002,-0.3392,-35.6708,-0.5665
27461.468160,457.691136,7.628186,277.7375,278.6929,23.7102,26.9212,-9999,-59994.03,-9999,304.9839,314.7414,306.869,-0.037,-0.1939,-0.3332,-35.3277,-0.5627
27467.878400,457.797973,7.629966,277.6719,278.6533,23.7423,26.9186,-9999,-59994.03,-9999,304.92,314.6629,306.7894,-0.0365,-0.1859,-0.326,-34.7988,-0.5538
27474.288640,457.904811,7.631747,277.5997,278.591,23.7612,26.9246,-9999,-59994.03,-9999,304.8503,314.5826,306.7096,-0.0399,-0.1888,-0.324,-34.3566,-0.5512
27480.698880,458.011648,7.633527,277.5268,278.5071,23.7363,26.9278,-9999,-59994.03,-9999,304.7635,314.4953,306.6309,-0.0393,-0.1864,-0.32,-34.2695,-0.5468
27487.109120,458.118485,7.635308,277.4597,278.4148,23.6982,26.9269,-9999,-59994.03,-9999,304.6863,314.4179,306.5478,-0.0359,-0.1873,-0.3224,-34.32,-0.5464
27493.519360,458.225323,7.637089,277.3864,278.3553,23.7023,26.9251,-9999,-59994.03,-9999,304.6199,314.3387,306.4711,-0.0375,-0.1906,-0.3265,-34.394,-0.5464
27499.929600,458.332160,7.638869,277.3212,278.3116,23.7351,26.926,-9999,-59994.03,-9999,304.554,314.2573,306.3886,-0.0394,-0.1951,-0.3353,-35.1155,-0.5535
27506.339840,458.438997,7.640650,277.2558,278.2423,23.7381,26.9283,-9999,-59994.03,-9999,304.4719,314.1848,306.313,-0.0438,-0.2075,-0.3492,-36.8162,-0.5716
27512.750080,458.545835,7.642431,277.1883,278.1507,23.7056,26.9317,-9999,-59994.03,-9999,304.3898,314.111,306.2366,-0.0451,-0.2118,-0.3567,-37.8576,-0.5854
27519.160320,458.652672,7.644211,277.1195,278.0773,23.6901,26.9439,-9999,-59994.03,-9999,304.3153,314.0367,306.1581,-0.0439,-0.2154,-0.3612,-38.4353,-0.5913
27525.570560,458.759509,7.645992,277.0489,278.0287,23.7173,26.9463,-9999,-59994.03,-9999,304.2489,313.9553,306.0792,-0.0399,-0.211,-0.36,-38.3869,-0.5922
27531.980800,458.866347,7.647772,276.9798,277.9755,23.7351,26.9437,-9999,-59994.03,-9999,304.1819,313.8846,306.0093,-0.0389,-0.2069,-0.3582,-38.166,-0.5894
27538.391040,458.973184,7.649553,276.9132,277.8913,23.7109,26.9463,-9999,-59994.03,-9999,304.0917,313.8056,305.9277,-0.0428,-0.2098,-0.3592,-38.2742,-0.5915
27544.801280,459.080021,7.651334,276.8455,277.8012,23.6778,26.9439,-9999,-59994.03,-9999,304.0096,313.7271,305.8488,-0.0422,-0.2098,-0.3589,-38.5076,-0.5949
27551.211520,459.186859,7.653114,276.7801,277.7528,23.694,26.9357,-9999,-59994.03,-9999,303.9492,313.6456,305.7719,-0.0402,-0.2079,-0.3571,-38.5078,-0.5946
27557.621760,459.293696,7.654895,276.7137,277.7039,23.7261,26.9419,-9999,-59994.03,-9999,303.8804,313.5662,305.6938,-0.0401,-0.2093,-0.3603,-38.7894,-0.5971
27564.032000,459.400533,7.656676,276.6451,277.6002,23.6758,26.9352,-9999,-59994.03,-9999,303.7929,313.4836,305.6194,-0.0457,-0.2154,-0.3679,-39.3801,-0.6018
27570.442240,459.507371,7.658456,276.5795,277.5305,23.6665,26.9359,-9999,-59994.03,-9999,303.7278,313.4082,305.5411,-0.0418,-0.2136,-0.3709,-39.8045,-0.6044
27576.852480,459.614208,7.660237,276.5117,277.494,23.7092,26.9442,-9999,-59994.03,-9999,303.6675,313.3326,305.4658,-0.0394,-0.2134,-0.3714,-39.9051,-0.6058
27583.262720,459.721045,7.662017,276.4404,277.4028,23.679,26.9405,-9999,-59994.03,-9999,303.5746,313.2549,305.3855,-0.0378,-0.211,-0.3678,-39.7998,-0.6113
27589.672960,459.827883,7.663798,276.3723,277.3261,23.6564,26.9407,-9999,-59994.03,-9999,303.5082,313.1807,305.3131,-0.037,-0.2062,-0.365,-39.514,-0.6083
27596.083200,459.934720,7.665579,276.3059,277.2905,23.7042,26.9449,-9999,-59994.03,-9999,303.4431,313.103,305.2362,-0.0389,-0.2069,-0.3643,-39.1729,-0.6074
27602.493440,460.041557,7.667359,276.2361,277.1855,23.6483,26.9472,-9999,-59994.03,-9999,303.3487,313.0178,305.1559,-0.0438,-0.2101,-0.3673,-39.5849,-0.6109
27608.903680,460.148395,7.669140,276.1702,277.152,23.6959,26.9534,-9999,-59994.03,-9999,303.3018,312.9394,305.0859,-0.0469,-0.2162,-0.3726,-39.8997,-0.6135
27615.313920,460.255232,7.670921,276.0962,277.0492,23.6471,26.9541,-9999,-59994.03,-9999,303.204,312.8564,305.0056,-0.0475,-0.2167,-0.3754,-40.2854,-0.6169
27621.724160,460.362069,7.672701,276.0248,277.0118,23.6908,26.9564,-9999,-59994.03,-9999,303.1553,312.7832,304.9316,-0.0441,-0.2155,-0.3766,-40.6173,-0.6201
27628.134400,460.468907,7.674482,275.9607,276.919,23.6411,26.9582,-9999,-59994.03,-9999,303.0651,312.7056,304.8561,-0.0458,-0.2173,-0.3781,-40.875,-0.6218
27634.544640,460.575744,7.676262,275.8907,276.8837,23.6945,26.9564,-9999,-59994.03,-9999,303.0077,312.629,304.7783,-0.0446,-0.2162,-0.3797,-41.2871,-0.6245
27640.954880,460.682581,7.678043,275.8148,276.7716,23.6298,26.9548,-9999,-59994.03,-9999,302.9242,312.5532,304.6995,-0.0432,-0.2125,-0.3758,-41.1542,-0.6245
27647.365120,460.789419,7.679824,275.7462,276.7406,23.6788,26.9564,-9999,-59994.03,-9999,302.8551,312.4737,304.6242,-0.047,-0.2149,-0.3815,-41.7073,-0.6316
27653.775360,460.896256,7.681604,275.678,276.6319,23.6233,26.9598,-9999,-59994.03,-9999,302.7716,312.3929,304.5472,-0.046,-0.2229,-0.3866,-42.5144,-0.6388
27660.185600,461.003093,7.683385,275.6096,276.6047,23.6762,26.9591,-9999,-59994.03,-9999,302.7191,312.3235,304.4688,-0.044,-0.2224,-0.3829,-42.0217,-0.6363
27666.595840,461.109931,7.685166,275.5387,276.4994,23.6233,26.9587,-9999,-59994.03,-9999,302.6293,312.2452,304.3896,-0.0444,-0.2173,-0.3775,-41.7246,-0.6353
27673.006080,461.216768,7.686946,275.4691,276.441,23.6321,26.9598,-9999,-59994.03,-9999,302.5124,312.1702,304.3243,-0.0416,-0.2111,-0.3708,-41.3391,-0.6313
27679.416320,461.323605,7.688727,275.4012,276.395,23.661,26.9608,-9999,-59994.03,-9999,302.4484,312.0916,304.2474,-0.0391,-0.2059,-0.3643,-40.5559,-0.6229
27685.826560,461.430443,7.690507,275.3312,276.3223,23.6566,26.9624,-9999,-59994.03,-9999,302.3714,312.0153,304.1704,-0.0375,-0.201,-0.3569,-39.5282,-0.6162
27692.236800,461.537280,7.692288,275.2585,276.2299,23.6233,26.9631,-9999,-59994.03,-9999,302.2884,311.9385,304.0984,-0.0361,-0.1962,-0.3478,-38.4091,-0.6085
27698.647040,461.644117,7.694069,275.1961,276.1545,23.6058,26.9672,-9999,-59994.03,-9999,302.2139,311.8586,304.0224,-0.0367,-0.1927,-0.34,-37.3623,-0.5979
27705.057280,461.750955,7.695849,275.1313,276.1096,23.625,26.9681,-9999,-59994.03,-9999,302.1537,311.7805,303.9484,-0.0382,-0.1919,-0.3366,-36.6241,-0.5929
27711.467520,461.857792,7.697630,275.0581,276.0564,23.6501,26.9658,-9999,-59994.03,-9999,302.0794,311.6999,303.8683,-0.042,-0.1967,-0.3383,-36.9258,-0.5916
27717.877760,461.964629,7.699410,274.9895,275.9799,23.639,26.9596,-9999,-59994.03,-9999,301.9984,311.6241,303.7963,-0.0456,-0.2045,-0.3471,-37.216,-0.5903
27724.288000,462.071467,7.701191,274.9261,275.8847,23.5993,26.9628,-9999,-59994.03,-9999,301.9163,311.545,303.7207,-0.0447,-0.2079,-0.3514,-37.5845,-0.5919
27730.698240,462.178304,7.702972,274.8583,275.8256,23.6023,26.9626,-9999,-59994.03,-9999,301.8471,311.468,303.6435,-0.0454,-0.2102,-0.3568,-37.7028,-0.5895
27737.108480,462.285141,7.704752,274.7924,275.7844,23.6397,26.9624,-9999,-59994.03,-9999,301.7881,311.4013,303.5719,-0.0432,-0.2132,-0.3605,-37.8455,-0.5839
27743.518720,462.391979,7.706533,274.7253,275.7153,23.6379,26.9585,-9999,-59994.03,-9999,301.7073,311.3207,303.4932,-0.0409,-0.2082,-0.3575,-37.6856,-0.5795
27749.928960,462.498816,7.708314,274.6591,275.6176,23.5938,26.9621,-9999,-59994.03,-9999,301.6197,311.2444,303.4151,-0.0361,-0.2006,-0.3539,-37.7128,-0.5817
27756.339200,462.605653,7.710094,274.5902,275.5599,23.5979,26.9578,-9999,-59994.03,-9999,301.554,311.1674,303.3417,-0.0356,-0.197,-0.3509,-38.013,-0.5848
27762.749440,462.712491,7.711875,274.5208,275.5168,23.6381,26.9605,-9999,-59994.03,-9999,301.4855,311.0888,303.261,-0.0339,-0.1975,-0.3537,-38.4951,-0.5878
27769.159680,462.819328,7.713655,274.4556,275.4196,23.5889,26.9635,-9999,-59994.03,-9999,301.402,311.0095,303.1854,-0.0343,-0.194,-0.3499,-38.2669,-0.5884
27775.569920,462.926165,7.715436,274.328,275.2968,23.5353,26.9008,-9999,-59994.03,-9999,301.3479,310.939,303.112,-0.0349,-0.1877,-0.3435,-37.9577,-0.5875
27781.980160,463.033003,7.717217,274.2557,275.2533,23.5674,26.9075,-9999,-59994.03,-9999,301.276,310.8633,303.0391,-0.035,-0.1855,-0.3411,-37.7768,-0.5885
27788.390400,463.139840,7.718997,274.1897,275.1475,23.5076,26.9082,-9999,-59994.03,-9999,301.1896,310.7831,302.9621,-0.0366,-0.1872,-0.3402,-37.2997,-0.5821
27794.800640,463.246677,7.720778,274.1144,275.1092,23.5558,26.9006,-9999,-59994.03,-9999,301.1364,310.7012,302.8804,-0.0349,-0.1853,-0.3365,-36.4553,-0.5731
27801.210880,463.353515,7.722559,274.1158,275.087,23.5869,26.9647,-9999,-59994.03,-9999,301.0443,310.6251,302.8066,-0.0344,-0.1842,-0.3331,-35.9812,-0.5659
27807.621120,463.460352,7.724339,274.0442,275.0211,23.594,26.9654,-9999,-59994.03,-9999,300.9866,310.5431,302.7343,-0.035,-0.1841,-0.3316,-35.8903,-0.5692
27814.031360,463.567189,7.726120,273.9202,274.9008,23.5341,26.9052,-9999,-59994.03,-9999,300.9047,310.4605,302.6538,-0.0348,-0.1834,-0.3282,-36.0325,-0.5693
27820.441600,463.674027,7.727900,273.8467,274.814,23.508,26.9001,-9999,-59994.03,-9999,300.8362,310.3819,302.5741,-0.0344,-0.1779,-0.3201,-35.2447,-0.561
27826.851840,463.780864,7.729681,273.7849,274.7711,23.5392,26.9001,-9999,-59994.03,-9999,300.7624,310.314,302.4996,-0.0307,-0.1727,-0.3142,-34.3125,-0.5519
27833.262080,463.887701,7.731462,273.7134,274.6737,23.499,26.8926,-9999,-59994.03,-9999,300.6945,310.2457,302.4325,-0.0273,-0.1693,-0.3066,-33.1176,-0.5392
27839.672320,463.994539,7.733242,273.6504,274.6331,23.5341,26.896,-9999,-59994.03,-9999,300.618,310.1671,302.3513,-0.02,-0.1604,-0.2982,-31.9342,-0.5233
27846.082560,464.101376,7.735023,273.5822,274.5384,23.496,26.887,-9999,-59994.03,-9999,300.549,310.0872,302.2709,-0.0181,-0.1532,-0.2894,-30.7105,-0.5111
27852.492800,464.208213,7.736804,273.5221,274.4894,23.5101,26.8903,-9999,-59994.03,-9999,300.461,310.0025,302.1903,-0.023,-0.1546,-0.2874,-30.3845,-0.5073
27858.903040,464.315051,7.738584,273.4473,274.4149,23.5036,26.8838,-9999,-59994.03,-9999,300.4096,309.9237,302.1165,-0.0279,-0.1557,-0.2849,-30.3722,-0.5048
27865.313280,464.421888,7.740365,273.3831,274.3362,23.4815,26.8861,-9999,-59994.03,-9999,300.315,309.8435,302.0384,-0.0281,-0.1554,-0.2866,-30.5262,-0.5023
27871.723520,464.528725,7.742145,273.3085,274.2841,23.5076,26.8822,-9999,-59994.03,-9999,300.2632,309.7665,301.9628,-0.0275,-0.1572,-0.2883,-30.7551,-0.5023
27878.133760,464.635563,7.743926,273.2411,274.1905,23.4641,26.8803,-9999,-59994.03,-9999,300.1682,309.6908,301.8882,-0.0245,-0.1532,-0.2875,-30.6689,-0.5027
27884.544000,464.742400,7.745707,273.1727,274.1601,23.5163,26.8847,-9999,-59994.03,-9999,300.1176,309.6193,301.8182,-0.0224,-0.1486,-0.2806,-29.8132,-0.497
27890.954240,464.849237,7.747487,273.1028,274.0533,23.4605,26.8886,-9999,-59994.03,-9999,300.0312,309.5338,301.7361,-0.0233,-0.1459,-0.273,-28.9468,-0.4908
27897.364480,464.956075,7.749268,273.0423,274.0191,23.5016,26.8912,-9999,-59994.03,-9999,299.9618,309.4549,301.6606,-0.028,-0.1495,-0.2703,-28.3476,-0.4839
27903.774720,465.062912,7.751049,272.9645,273.9332,23.4815,26.8873,-9999,-59994.03,-9999,299.8964,309.3799,301.5872,-0.0262,-0.1437,-0.264,-27.7344,-0.4792
27910.184960,465.169749,7.752829,272.9037,273.8654,23.4669,26.8903,-9999,-59994.03,-9999,299.8057,309.3004,301.5125,-0.0244,-0.1428,-0.2637,-27.7129,-0.4792
27916.595200,465.276587,7.754610,272.8334,273.8214,23.5048,26.8882,-9999,-59994.03,-9999,299.7538,309.2253,301.4422,-0.028,-0.149,-0.2693,-27.8097,-0.4792
27923.005440,465.383424,7.756390,272.7658,273.7151,23.4466,26.8833,-9999,-59994.03,-9999,299.6635,309.1463,301.3603,-0.0305,-0.1521,-0.2693,-27.5561,-0.4779
27929.415680,465.490261,7.758171,272.7025,273.6852,23.4907,26.881,-9999,-59994.03,-9999,299.5957,309.0683,301.2891,-0.0242,-0.1497,-0.272,-27.8853,-0.4797
27935.825920,465.597099,7.759952,272.6293,273.5979,23.4718,26.8824,-9999,-59994.03,-9999,299.5348,308.9995,301.217,-0.0228,-0.1524,-0.2796,-28.2481,-0.4811
27942.236160,465.703936,7.761732,272.5683,273.529,23.4507,26.881,-9999,-59994.03,-9999,299.4394,308.9229,301.1382,-0.0272,-0.155,-0.2807,-28.4125,-0.4833
27948.646400,465.810773,7.763513,272.5,273.4877,23.4999,26.8815,-9999,-59994.03,-9999,299.3886,308.8542,301.0686,-0.0284,-0.157,-0.281,-28.4371,-0.4821
27955.056640,465.917611,7.765294,272.4326,273.3802,23.4362,26.8725,-9999,-59994.03,-9999,299.3046,308.78,300.9901,-0.0287,-0.1609,-0.2839,-28.6634,-0.4806
27961.466880,466.024448,7.767074,272.3693,273.353,23.4845,26.8762,-9999,-59994.03,-9999,299.2307,308.7034,300.9144,-0.0301,-0.1655,-0.2881,-29.1931,-0.4827
27967.877120,466.131285,7.768855,272.2924,273.2567,23.4538,26.879,-9999,-59994.03,-9999,299.1702,308.6263,300.8408,-0.0284,-0.1667,-0.2911,-29.774,-0.4866
27974.287360,466.238123,7.770635,272.2294,273.1993,23.4531,26.8827,-9999,-59994.03,-9999,299.0829,308.5529,300.7669,-0.0273,-0.1676,-0.2957,-30.2882,-0.4934
27980.697600,466.344960,7.772416,272.1597,273.1408,23.4817,26.8827,-9999,-59994.03,-9999,299.0373,308.4865,300.6986,-0.0314,-0.1723,-0.2999,-30.7579,-0.498
27987.107840,466.451797,7.774197,272.093,273.0353,23.4276,26.8815,-9999,-59994.03,-9999,298.9406,308.4126,300.6212,-0.0344,-0.1738,-0.301,-30.795,-0.5006
27993.518080,466.558635,7.775977,272.0277,273.0054,23.484,26.8817,-9999,-59994.03,-9999,298.8795,308.3429,300.5482,-0.034,-0.1745,-0.3031,-31.2051,-0.5063
27999.928320,466.665472,7.777758,271.9565,272.9065,23.4348,26.8764,-9999,-59994.03,-9999,298.8063,308.267,300.4732,-0.0353,-0.1755,-0.3048,-31.5431,-0.5085
28006.338560,466.772309,7.779538,271.8875,272.8589,23.4651,26.8787,-9999,-59994.03,-9999,298.7245,308.1304,300.3325,-0.0375,-0.1802,-0.3063,-31.3567,-0.5072
28012.748800,466.879147,7.781319,271.8142,272.7691,23.4413,26.8748,-9999,-59994.03,-9999,298.6623,308.0499,300.257,-0.0366,-0.1859,-0.3126,-31.7658,-0.515
28019.159040,466.985984,7.783100,271.75,272.7183,23.4482,26.8721,-9999,-59994.03,-9999,298.5764,308.0342,300.2403,-0.0356,-0.1881,-0.3168,-32.3766,-0.5222
28025.569280,467.092821,7.784880,271.6767,272.6407,23.4427,26.8746,-9999,-59994.03,-9999,298.5248,307.9681,300.1774,-0.036,-0.1881,-0.3176,-32.8268,-0.5266
28031.979520,467.199659,7.786661,271.612,272.5763,23.4316,26.8714,-9999,-59994.03,-9999,298.4295,307.8277,300.0365,-0.0415,-0.1936,-0.3215,-33.2992,-0.5298
28038.389760,467.306496,7.788442,271.541,272.5191,23.4528,26.8684,-9999,-59994.03,-9999,298.3708,307.7573,299.9617,-0.0457,-0.203,-0.3306,-34.0789,-0.535
28044.800000,467.413333,7.790222,271.4718,272.4316,23.4196,26.8711,-9999,-59994.03,-9999,298.2816,307.6856,299.8923,-0.0497,-0.212,-0.3425,-34.9641,-0.5406
28051.210240,467.520171,7.792003,271.4026,272.3833,23.4535,26.8695,-9999,-59994.03,-9999,298.2273,307.6112,299.8157,-0.0496,-0.2179,-0.3518,-35.8232,-0.5471
28057.620480,467.627008,7.793783,271.3352,272.2912,23.411,26.8661,-9999,-59994.03,-9999,298.1351,307.5305,299.7407,-0.0458,-0.2183,-0.3542,-36.0561,-0.5491
28064.030720,467.733845,7.795564,271.2682,272.2444,23.4371,26.8663,-9999,-59994.03,-9999,298.0792,307.4523,299.6664,-0.0432,-0.2153,-0.3554,-36.4716,-0.5568
28070.440960,467.840683,7.797345,271.2018,272.168,23.4223,26.8714,-9999,-59994.03,-9999,297.9843,307.3725,299.5871,-0.0408,-0.2152,-0.3589,-37.1126,-0.56
28076.851200,467.947520,7.799125,271.1316,272.0856,23.3999,26.8693,-9999,-59994.03,-9999,297.9138,307.3008,299.5156,-0.041,-0.2123,-0.3605,-37.1124,-0.5588
28083.261440,468.054357,7.800906,271.0678,272.0525,23.4447,26.8716,-9999,-59994.03,-9999,297.8571,307.223,299.4393,-0.0415,-0.2116,-0.3619,-37.7248,-0.5674
28089.671680,468.161195,7.802687,270.998,271.9545,23.4027,26.8695,-9999,-59994.03,-9999,297.763,307.1367,299.3629,-0.0412,-0.2098,-0.3656,-38.4091,-0.5768
28096.081920,468.268032,7.804467,270.9308,271.8882,23.4011,26.8764,-9999,-59994.03,-9999,297.7043,307.0608,299.2924,-0.0388,-0.2065,-0.3624,-38.1726,-0.5783
28102.492160,468.374869,7.806248,270.8658,271.8479,23.4429,26.8785,-9999,-59994.03,-9999,297.6454,306.9832,299.2162,-0.04,-0.205,-0.3623,-38.5605,-0.5843
28108.902400,468.481707,7.808028,270.7964,271.7598,23.4076,26.8815,-9999,-59994.03,-9999,297.5565,306.9052,299.1454,-0.0435,-0.2127,-0.3698,-39.1356,-0.588
28115.312640,468.588544,7.809809,270.734,271.6847,23.387,26.8836,-9999,-59994.03,-9999,297.487,306.8263,299.0693,-0.0461,-0.2195,-0.3732,-39.5957,-0.5934
28121.722880,468.695381,7.811590,270.6654,271.6466,23.4276,26.8822,-9999,-59994.03,-9999,297.4333,306.7513,298.9929,-0.0458,-0.2169,-0.3732,-39.8494,-0.599
28128.133120,468.802219,7.813370,270.5978,271.574,23.4193,26.8859,-9999,-59994.03,-9999,297.3546,306.6683,298.9212,-0.0484,-0.218,-0.3761,-40.2209,-0.6072
28134.543360,468.909056,7.815151,270.532,271.481,23.3741,26.8886,-9999,-59994.03,-9999,297.2723,306.5878,298.8448,-0.046,-0.2189,-0.3769,-40.4999,-0.6124
28140.953600,469.015893,7.816932,270.4691,271.4438,23.4159,26.8909,-9999,-59994.03,-9999,297.2148,306.519,298.7712,-0.0454,-0.2198,-0.3761,-40.2979,-0.6114
28147.363840,469.122731,7.818712,270.3976,271.3836,23.424,26.8877,-9999,-59994.03,-9999,297.1373,306.4385,298.6921,-0.0449,-0.2194,-0.3759,-40.4659,-0.6133
28153.774080,469.229568,7.820493,270.3306,271.2817,23.3759,26.8935,-9999,-59994.03,-9999,297.0557,306.3706,298.6227,-0.0447,-0.2218,-0.3786,-40.8962,-0.6191
28160.184320,469.336405,7.822273,270.2675,271.2438,23.4106,26.8962,-9999,-59994.03,-9999,296.9398,306.2984,298.5514,-0.0454,-0.2218,-0.3815,-41.4749,-0.6286
28166.594560,469.443243,7.824054,270.1998,271.1778,23.408,26.8935,-9999,-59994.03,-9999,296.8598,306.2148,298.4795,-0.0477,-0.2231,-0.3847,-42.0505,-0.6358
28173.004800,469.550080,7.825835,270.1303,271.0811,23.3651,26.8905,-9999,-59994.03,-9999,296.7813,306.1328,298.3993,-0.0483,-0.2242,-0.386,-42.3444,-0.6408
28179.415040,469.656917,7.827615,270.0654,271.0539,23.4179,26.8928,-9999,-59994.03,-9999,296.7242,306.0541,298.3229,-0.0491,-0.2281,-0.3897,-42.7438,-0.6457
28185.825280,469.763755,7.829396,269.9966,270.9513,23.366,26.893,-9999,-59994.03,-9999,296.6377,305.9743,298.249,-0.0491,-0.2313,-0.3903,-42.7232,-0.647
28192.235520,469.870592,7.831177,269.9337,270.9179,23.4099,26.8923,-9999,-59994.03,-9999,296.5894,305.9054,298.173,-0.045,-0.2293,-0.3932,-43.1385,-0.6507
28198.645760,469.977429,7.832957,269.8708,270.8269,23.3634,26.893,-9999,-59994.03,-9999,296.4958,305.8258,298.0955,-0.0455,-0.2299,-0.3936,-43.4009,-0.654
28205.056000,470.084267,7.834738,269.802,270.784,23.4002,26.8817,-9999,-59994.03,-9999,296.4389,305.7496,298.0218,-0.0467,-0.2268,-0.3908,-43.1224,-0.6538
28211.466240,470.191104,7.836518,269.738,270.6925,23.359,26.885,-9999,-59994.03,-9999,296.3479,305.6725,297.9454,-0.0408,-0.2191,-0.3848,-42.522,-0.6512
28217.876480,470.297941,7.838299,269.6714,270.6558,23.4027,26.8863,-9999,-59994.03,-9999,296.3004,305.5949,297.8692,-0.0427,-0.2162,-0.3773,-41.986,-0.6473
28224.286720,470.404779,7.840080,269.6058,270.5559,23.3466,26.8799,-9999,-59994.03,-9999,296.2098,305.5187,297.7948,-0.0448,-0.2158,-0.3748,-41.7364,-0.6425
28230.696960,470.511616,7.841860,269.537,270.522,23.3962,26.8815,-9999,-59994.03,-9999,296.1601,305.4458,297.7224,-0.0475,-0.2218,-0.3792,-41.6119,-0.641
28237.107200,470.618453,7.843641,269.4087,270.3593,23.2756,26.8154,-9999,-59994.03,-9999,296.0666,305.37,297.6521,-0.0458,-0.2189,-0.3784,-41.2659,-0.6379
28243.517440,470.725291,7.845422,269.3444,270.3229,23.3248,26.8103,-9999,-59994.03,-9999,296.0151,305.2931,297.5797,-0.0428,-0.2163,-0.3752,-41.2671,-0.6387
28249.927680,470.832128,7.847202,269.2765,270.2278,23.2758,26.8075,-9999,-59994.03,-9999,295.918,305.2148,297.4995,-0.0391,-0.2112,-0.37,-40.8991,-0.6316
28256.337920,470.938965,7.848983,269.2095,270.1842,23.3107,26.8041,-9999,-59994.03,-9999,295.8667,305.1435,297.4307,-0.0349,-0.1996,-0.3596,-39.998,-0.6207
28262.748160,471.045803,7.850763,269.2063,270.1563,23.332,26.867,-9999,-59994.03,-9999,295.7781,305.0718,297.3608,-0.0317,-0.1888,-0.3498,-38.6054,-0.6126
28269.158400,471.152640,7.852544,269.1395,270.1175,23.3759,26.8649,-9999,-59994.03,-9999,295.7293,305.0054,297.2918,-0.0297,-0.1848,-0.3428,-37.8845,-0.6089
28275.568640,471.259477,7.854325,269.0725,270.0196,23.323,26.8599,-9999,-59994.03,-9999,295.6389,304.9379,297.2172,-0.0307,-0.1838,-0.3372,-36.9931,-0.6009
28281.978880,471.366315,7.856105,269.0046,269.9872,23.372,26.8615,-9999,-59994.03,-9999,295.5892,304.8713,297.1536,-0.0319,-0.1824,-0.3318,-36.6553,-0.5976
28288.389120,471.473152,7.857886,268.874,269.8191,23.2499,26.7928,-9999,-59994.03,-9999,295.497,304.7989,297.0789,-0.0329,-0.1833,-0.33,-36.2963,-0.5917
28294.799360,471.579989,7.859666,268.8072,269.7943,23.304,26.788,-9999,-59994.03,-9999,295.4374,304.7264,297.0072,-0.0344,-0.1829,-0.3243,-35.3933,-0.5795
28301.209600,471.686827,7.861447,268.7406,269.6858,23.2446,26.7778,-9999,-59994.03,-9999,295.3555,304.6551,296.9315,-0.0349,-0.1834,-0.3256,-35.3954,-0.5745
28307.619840,471.793664,7.863228,268.6788,269.6622,23.2982,26.7767,-9999,-59994.03,-9999,295.2972,304.5853,296.8604,-0.0352,-0.1831,-0.324,-35.0159,-0.566
28314.030080,471.900501,7.865008,268.6136,269.5521,23.2338,26.7691,-9999,-59994.03,-9999,295.2086,304.5109,296.7827,-0.0326,-0.1821,-0.321,-34.4372,-0.5567
28320.440320,472.007339,7.866789,268.5473,269.523,23.2881,26.7652,-9999,-59994.03,-9999,295.156,304.4438,296.715,-0.0346,-0.1833,-0.3191,-33.8757,-0.5506
28326.850560,472.114176,7.868570,268.4832,269.4244,23.2384,26.7631,-9999,-59994.03,-9999,295.0624,304.3729,296.6473,-0.0348,-0.1831,-0.3176,-33.8337,-0.5453
28333.260800,472.221013,7.870350,268.4182,269.3865,23.274,26.7599,-9999,-59994.03,-9999,295.0096,304.3027,296.5758,-0.0327,-0.1832,-0.3194,-34.1299,-0.5472
28339.671040,472.327851,7.872131,268.3553,269.3058,23.249,26.752,-9999,-59994.03,-9999,294.9198,304.1703,296.4482,-0.0357,-0.1863,-0.3243,-34.7197,-0.5517
28346.081280,472.434688,7.873911,268.2833,269.2402,23.2553,26.7449,-9999,-59994.03,-9999,294.8667,304.1043,296.3742,-0.0365,-0.1853,-0.3234,-34.9259,-0.553
28352.491520,472.541525,7.875692,268.2251,269.19,23.27,26.7518,-9999,-59994.03,-9999,294.7875,304.0294,296.3077,-0.0363,-0.1849,-0.3245,-34.7967,-0.5504
28358.901760,472.648363,7.877473,268.1549,269.0958,23.2294,26.7433,-9999,-59994.03,-9999,294.7108,303.9522,296.2344,-0.0379,-0.1883,-0.3243,-34.5839,-0.5524
28365.312000,472.755200,7.879253,268.0915,269.0674,23.2816,26.7431,-9999,-59994.03,-9999,294.6528,303.8771,296.1624,-0.0394,-0.1914,-0.328,-34.5775,-0.5547
28371.722240,472.862037,7.881034,268.0222,268.9613,23.2266,26.7426,-9999,-59994.03,-9999,294.5644,303.7983,296.0855,-0.0397,-0.1969,-0.3333,-34.783,-0.5541
28378.132480,472.968875,7.882815,267.9545,268.9295,23.2754,26.7378,-9999,-59994.03,-9999,294.5169,303.7187,296.0073,-0.0393,-0.1973,-0.3344,-34.9589,-0.5563
28384.542720,473.075712,7.884595,267.8881,268.8307,23.2262,26.735,-9999,-59994.03,-9999,294.4249,303.6343,295.9333,-0.0408,-0.1974,-0.337,-35.7842,-0.563
28390.952960,473.182549,7.886376,267.8213,268.7948,23.2717,26.7368,-9999,-59994.03,-9999,294.3747,303.5626,295.8638,-0.0443,-0.2016,-0.3424,-36.2486,-0.5688
28397.363200,473.289387,7.888156,267.7559,268.7012,23.2248,26.7408,-9999,-59994.03,-9999,294.2798,303.4825,295.7871,-0.0426,-0.2023,-0.3448,-36.5644,-0.5745
28403.773440,473.396224,7.889937,267.6899,268.6655,23.2687,26.7447,-9999,-59994.03,-9999,294.2325,303.4145,295.7154,-0.0396,-0.2035,-0.3481,-37.3006,-0.5835
28410.183680,473.503061,7.891718,267.6281,268.583,23.2352,26.7419,-9999,-59994.03,-9999,294.1423,303.3288,295.6371,-0.0395,-0.2013,-0.3493,-37.5191,-0.5873
28416.593920,473.609899,7.893498,267.5588,268.5328,23.2573,26.7424,-9999,-59994.03,-9999,294.0948,303.2563,295.571,-0.0399,-0.2011,-0.3473,-37.5373,-0.5918
28423.004160,473.716736,7.895279,267.4988,268.4592,23.2414,26.7334,-9999,-59994.03,-9999,294.0096,303.1713,295.4914,-0.0427,-0.2062,-0.3527,-38.5935,-0.5985
28429.414400,473.823573,7.897060,267.429,268.3915,23.2451,26.7288,-9999,-59994.03,-9999,293.9524,303.0921,295.4111,-0.0449,-0.2108,-0.3614,-39.3017,-0.5973
28435.824640,473.930411,7.898840,267.357,268.3268,23.2407,26.729,-9999,-59994.03,-9999,293.8669,303.0203,295.338,-0.045,-0.21,-0.3599,-38.9545,-0.5984
28442.234880,474.037248,7.900621,267.2942,268.2588,23.2359,26.7292,-9999,-59994.03,-9999,293.8091,302.9482,295.2625,-0.0467,-0.2096,-0.3566,-38.5829,-0.6007
28448.645120,474.144085,7.902401,267.2294,268.2054,23.256,26.7286,-9999,-59994.03,-9999,293.7348,302.8742,295.1918,-0.0452,-0.2097,-0.3536,-38.1979,-0.5954
28455.055360,474.250923,7.904182,267.1669,268.1127,23.21,26.7292,-9999,-59994.03,-9999,293.6589,302.7965,295.116,-0.0408,-0.2045,-0.3493,-37.8075,-0.5903
28461.465600,474.357760,7.905963,267.0996,268.0832,23.2597,26.7226,-9999,-59994.03,-9999,293.6024,302.7169,295.0409,-0.042,-0.2087,-0.3546,-38.0255,-0.5925
28467.875840,474.464597,7.907743,267.0355,268.0009,23.2372,26.7196,-9999,-59994.03,-9999,293.5187,302.6385,294.9702,-0.0421,-0.2144,-0.3622,-38.7657,-0.6015
28474.286080,474.571435,7.909524,266.9655,267.912,23.2037,26.714,-9999,-59994.03,-9999,293.4454,302.5641,294.8972,-0.0432,-0.2179,-0.3716,-39.8697,-0.613
28480.696320,474.678272,7.911305,266.9016,267.8789,23.2437,26.7173,-9999,-59994.03,-9999,293.395,302.4896,294.8216,-0.0432,-0.2222,-0.3779,-40.6926,-0.6241
28487.106560,474.785109,7.913085,266.8389,267.8141,23.2523,26.7193,-9999,-59994.03,-9999,293.3142,302.4175,294.7464,-0.0443,-0.2223,-0.3787,-41.3476,-0.6319
28493.516800,474.891947,7.914866,266.7766,267.722,23.204,26.7131,-9999,-59994.03,-9999,293.2365,302.3414,294.6765,-0.0468,-0.2251,-0.3814,-41.6757,-0.6359
28499.927040,474.998784,7.916646,266.7093,267.6916,23.2499,26.7117,-9999,-59994.03,-9999,293.1796,302.2694,294.6045,-0.0488,-0.2257,-0.3822,-41.8571,-0.6359
28506.337280,475.105621,7.918427,266.6436,267.6132,23.2333,26.7064,-9999,-59994.03,-9999,293.0934,302.1964,294.5338,-0.0466,-0.223,-0.3801,-41.7413,-0.6338
28512.747520,475.212459,7.920208,266.5762,267.5343,23.2081,26.6984,-9999,-59994.03,-9999,293.029,302.1217,294.4587,-0.0463,-0.2205,-0.377,-41.7168,-0.6333
28519.157760,475.319296,7.921988,266.5071,267.4957,23.2529,26.6908,-9999,-59994.03,-9999,292.9583,302.047,294.3833,-0.047,-0.219,-0.3741,-41.4149,-0.6317
28525.568000,475.426133,7.923769,266.4416,267.3941,23.1987,26.6878,-9999,-59994.03,-9999,292.8795,301.9828,294.3188,-0.049,-0.2195,-0.375,-41.3271,-0.631
28531.978240,475.532971,7.925550,266.3741,267.3516,23.2319,26.6839,-9999,-59994.03,-9999,292.8224,301.906,294.2425,-0.0505,-0.2253,-0.381,-42.0097,-0.6384
28538.388480,475.639808,7.927330,266.3095,267.2784,23.2162,26.6839,-9999,-59994.03,-9999,292.7352,301.8293,294.1662,-0.0521,-0.23,-0.3888,-42.8304,-0.646
28544.798720,475.746645,7.929111,266.2404,267.2106,23.2178,26.6823,-9999,-59994.03,-9999,292.6808,301.757,294.0989,-0.0548,-0.2354,-0.3946,-43.4729,-0.6561
28551.208960,475.853483,7.930891,266.1776,267.1497,23.2146,26.682,-9999,-59994.03,-9999,292.593,301.6795,294.0206,-0.0499,-0.2345,-0.3975,-43.826,-0.6615
28557.619200,475.960320,7.932672,266.1092,267.076,23.1998,26.6783,-9999,-59994.03,-9999,292.5383,301.6077,293.95,-0.0503,-0.2368,-0.4027,-44.1761,-0.6671
28564.029440,476.067157,7.934453,266.0441,267.0276,23.2259,26.6763,-9999,-59994.03,-9999,292.4588,301.5302,293.8764,-0.0544,-0.2443,-0.4065,-44.4271,-0.6741
28570.439680,476.173995,7.936233,265.9741,266.938,23.1966,26.671,-9999,-59994.03,-9999,292.3928,301.451,293.8046,-0.0519,-0.2386,-0.4037,-44.0499,-0.6718
28576.849920,476.280832,7.938014,265.9131,266.8955,23.2204,26.6777,-9999,-59994.03,-9999,292.3185,301.3745,293.7252,-0.0483,-0.2371,-0.4059,-43.8258,-0.6696
28583.260160,476.387669,7.939794,265.843,266.8128,23.1973,26.674,-9999,-59994.03,-9999,292.2582,301.3008,293.6518,-0.0495,-0.2386,-0.4048,-43.7445,-0.6661
28589.670400,476.494507,7.941575,265.7803,266.7605,23.207,26.674,-9999,-59994.03,-9999,292.172,301.2261,293.5739,-0.0465,-0.2344,-0.4001,-43.4835,-0.6638
28596.080640,476.601344,7.943356,265.7088,266.6907,23.2077,26.6668,-9999,-59994.03,-9999,292.1215,301.1556,293.5031,-0.0477,-0.2328,-0.3974,-43.6779,-0.6643
28602.490880,476.708181,7.945136,265.649,266.6195,23.1876,26.6733,-9999,-59994.03,-9999,292.0337,301.0768,293.4308,-0.0493,-0.2306,-0.3992,-43.9188,-0.667
28608.901120,476.815019,7.946917,265.5819,266.5736,23.2238,26.6705,-9999,-59994.03,-9999,291.9864,301.0013,293.357,-0.0492,-0.2325,-0.4031,-44.5188,-0.6705
28615.311360,476.921856,7.948698,265.5148,266.4774,23.1695,26.6655,-9999,-59994.03,-9999,291.8943,300.9216,293.28,-0.0446,-0.2318,-0.4052,-44.7217,-0.6708
28621.721600,477.028693,7.950478,265.4522,266.4476,23.2241,26.6682,-9999,-59994.03,-9999,291.8394,300.8491,293.2071,-0.0447,-0.2312,-0.4047,-44.9487,-0.6728
28628.131840,477.135531,7.952259,265.3835,266.341,23.1633,26.6602,-9999,-59994.03,-9999,291.7552,300.7728,293.1299,-0.041,-0.2239,-0.3982,-44.5434,-0.6688
28634.542080,477.242368,7.954039,265.323,266.321,23.2197,26.6638,-9999,-59994.03,-9999,291.691,300.6969,293.057,-0.0438,-0.2237,-0.398,-44.5141,-0.6681
28640.952320,477.349205,7.955820,265.2584,266.2177,23.1668,26.662,-9999,-59994.03,-9999,291.6171,300.6149,292.9807,-0.0484,-0.2289,-0.4023,-44.8258,-0.6755
28647.362560,477.456043,7.957601,265.1959,266.1836,23.203,26.6627,-9999,-59994.03,-9999,291.5426,300.5431,292.9088,-0.0475,-0.2288,-0.4028,-44.9295,-0.6774
28653.772800,477.562880,7.959381,265.1299,266.1006,23.1848,26.662,-9999,-59994.03,-9999,291.4908,300.4678,292.8391,-0.0456,-0.2268,-0.4004,-44.6603,-0.677
28660.183040,477.669717,7.961162,265.0677,266.0392,23.1779,26.6627,-9999,-59994.03,-9999,291.4043,300.3962,292.7666,-0.0449,-0.2238,-0.3939,-44.0502,-0.6716
28666.593280,477.776555,7.962943,265.0029,265.9901,23.2037,26.6528,-9999,-59994.03,-9999,291.3561,300.3275,292.6964,-0.0413,-0.2174,-0.3864,-42.9507,-0.6581
28673.003520,477.883392,7.964723,264.9374,265.8902,23.1513,26.648,-9999,-59994.03,-9999,291.2667,300.2527,292.6214,-0.0419,-0.2139,-0.3807,-42.1126,-0.648
28679.413760,477.990229,7.966504,264.8739,265.8672,23.2095,26.6509,-9999,-59994.03,-9999,291.2122,300.1806,292.5518,-0.0404,-0.213,-0.3798,-41.9945,-0.643
28685.824000,478.097067,7.968284,264.8056,265.7599,23.1485,26.648,-9999,-59994.03,-9999,291.1352,300.1042,292.4807,-0.0397,-0.2124,-0.38,-41.8994,-0.6387
28692.234240,478.203904,7.970065,264.7428,265.7365,23.2063,26.6461,-9999,-59994.03,-9999,291.0712,300.029,292.4048,-0.0381,-0.2073,-0.3749,-41.3223,-0.637
28698.644480,478.310741,7.971846,264.6755,265.6304,23.1451,26.6427,-9999,-59994.03,-9999,290.9924,299.954,292.3319,-0.0363,-0.2036,-0.3664,-40.4505,-0.626
28705.054720,478.417579,7.973626,264.6145,265.6054,23.2024,26.6403,-9999,-59994.03,-9999,290.9361,299.8806,292.2589,-0.0412,-0.2058,-0.365,-40.3249,-0.6218
28711.464960,478.524416,7.975407,264.5476,265.5044,23.1451,26.6417,-9999,-59994.03,-9999,290.8496,299.8049,292.1862,-0.0399,-0.2038,-0.366,-40.2897,-0.6205
28717.875200,478.631253,7.977188,264.4789,265.4678,23.1813,26.6357,-9999,-59994.03,-9999,290.7957,299.7274,292.1103,-0.0397,-0.2026,-0.3612,-39.8506,-0.6165
28724.285440,478.738091,7.978968,264.4199,265.3964,23.1735,26.642,-9999,-59994.03,-9999,290.7115,299.6519,292.0358,-0.0413,-0.2035,-0.3602,-39.8959,-0.616
28730.695680,478.844928,7.980749,264.3534,265.3145,23.1481,26.641,-9999,-59994.03,-9999,290.6417,299.5782,291.9637,-0.04,-0.2031,-0.3609,-39.9184,-0.6189
28737.105920,478.951765,7.982529,264.2902,265.2878,23.1989,26.6413,-9999,-59994.03,-9999,290.5815,299.4936,291.8856,-0.0381,-0.203,-0.3591,-39.5842,-0.6182
28743.516160,479.058603,7.984310,264.2257,265.1843,23.1446,26.6473,-9999,-59994.03,-9999,290.4945,299.4185,291.8156,-0.0414,-0.2049,-0.3612,-39.6387,-0.6185
28749.926400,479.165440,7.986091,264.1652,265.1525,23.1871,26.6477,-9999,-59994.03,-9999,290.4459,299.3444,291.7422,-0.0397,-0.2006,-0.3589,-39.3248,-0.6171
28756.336640,479.272277,7.987871,264.099,265.0635,23.1511,26.647,-9999,-59994.03,-9999,290.3531,299.2642,291.6699,-0.0372,-0.1939,-0.3521,-38.8083,-0.6093
28762.746880,479.379115,7.989652,264.0361,265.0219,23.1894,26.6509,-9999,-59994.03,-9999,290.3109,299.1874,291.5965,-0.04,-0.1945,-0.3484,-38.3186,-0.6051
28769.157120,479.485952,7.991433,263.9726,264.9402,23.1518,26.6503,-9999,-59994.03,-9999,290.2161,299.1061,291.5231,-0.0402,-0.198,-0.3483,-38.4025,-0.6086
28775.567360,479.592789,7.993213,263.9114,264.9042,23.1933,26.6528,-9999,-59994.03,-9999,290.1645,299.038,291.4539,-0.0401,-0.2027,-0.3526,-38.6656,-0.6072
28781.977600,479.699627,7.994994,263.8481,264.8082,23.146,26.6484,-9999,-59994.03,-9999,290.0717,298.9594,291.378,-0.0396,-0.2023,-0.3494,-38.1004,-0.6018
28788.387840,479.806464,7.996774,263.7809,264.777,23.1927,26.65,-9999,-59994.03,-9999,290.0219,298.8886,291.3033,-0.0344,-0.1956,-0.3427,-37.3986,-0.5943
28794.798080,479.913301,7.998555,263.7131,264.6762,23.1414,26.65,-9999,-59994.03,-9999,289.9308,298.814,291.2348,-0.0321,-0.1898,-0.3378,-36.687,-0.586
28801.208320,480.020139,8.000336,263.6476,264.6353,23.1744,26.6443,-9999,-59994.03,-9999,289.8858,298.7394,291.1616,-0.0308,-0.1849,-0.3299,-35.6704,-0.5727
28807.618560,480.126976,8.002116,263.5786,264.5597,23.1545,26.6445,-9999,-59994.03,-9999,289.8017,298.6635,291.0902,-0.0278,-0.1745,-0.3187,-34.5144,-0.5586
28814.028800,480.233813,8.003897,263.5118,264.4933,23.1568,26.6468,-9999,-59994.03,-9999,289.7463,298.5968,291.0197,-0.0254,-0.1718,-0.3123,-33.7491,-0.5507
28820.439040,480.340651,8.005678,263.4485,264.4366,23.1626,26.6473,-9999,-59994.03,-9999,289.664,298.5294,290.951,-0.0278,-0.1723,-0.3105,-33.4116,-0.547
28826.849280,480.447488,8.007458,263.3862,264.3581,23.1411,26.6443,-9999,-59994.03,-9999,289.603,298.4575,290.8789,-0.029,-0.1739,-0.3112,-33.3613,-0.5449
28833.259520,480.554325,8.009239,263.3199,264.3134,23.1726,26.6344,-9999,-59994.03,-9999,289.5336,298.384,290.808,-0.0321,-0.1776,-0.3107,-33.2267,-0.5426
28839.669760,480.661163,8.011019,263.2512,264.2108,23.1132,26.6293,-9999,-59994.03,-9999,289.4547,298.3089,290.7327,-0.0303,-0.1731,-0.3025,-32.6598,-0.5368
28846.080000,480.768000,8.012800,263.1851,264.1833,23.1668,26.6284,-9999,-59994.03,-9999,289.4022,298.2429,290.6624,-0.0294,-0.1733,-0.3014,-32.1338,-0.53
28852.490240,480.874837,8.014581,263.1205,264.0918,23.1261,26.6249,-9999,-59994.03,-9999,289.315,298.1703,290.5919,-0.0281,-0.173,-0.2976,-31.3836,-0.5209
28858.900480,480.981675,8.016361,263.0565,264.0417,23.146,26.6307,-9999,-59994.03,-9999,289.2649,298.1065,290.5219,-0.029,-0.1721,-0.2958,-30.9401,-0.5136
28865.310720,481.088512,8.018142,262.9355,263.9279,23.0986,26.5664,-9999,-59994.03,-9999,289.1883,298.0325,290.4552,-0.0327,-0.1768,-0.2995,-30.7062,-0.5102
28871.720960,481.195349,8.019922,262.8663,263.8315,23.054,26.5664,-9999,-59994.03,-9999,289.1123,297.9559,290.3784,-0.0296,-0.1709,-0.2965,-30.6247,-0.5057
28878.131200,481.302187,8.021703,262.8636,263.8614,23.1608,26.6254,-9999,-59994.03,-9999,289.0533,297.8824,290.3076,-0.0295,-0.1681,-0.2935,-30.1077,-0.4968
28884.541440,481.409024,8.023484,262.7975,263.7656,23.1127,26.6222,-9999,-59994.03,-9999,288.9762,297.8114,290.2355,-0.031,-0.168,-0.2925,-30.2856,-0.4997
28890.951680,481.515861,8.025264,262.739,263.7339,23.1568,26.6157,-9999,-59994.03,-9999,288.9086,297.7318,290.1612,-0.0282,-0.1656,-0.2951,-30.8229,-0.5026
28897.361920,481.622699,8.027045,262.6707,263.6371,23.112,26.6132,-9999,-59994.03,-9999,288.8405,297.6581,290.0927,-0.0309,-0.1653,-0.297,-31.0074,-0.5025
28903.772160,481.729536,8.028826,262.6133,263.5994,23.1397,26.6134,-9999,-59994.03,-9999,288.7645,297.586,290.0179,-0.0329,-0.1662,-0.2981,-31.1262,-0.5055
28910.182400,481.836373,8.030606,262.542,263.5188,23.1245,26.6056,-9999,-59994.03,-9999,288.7046,297.5195,289.9485,-0.0312,-0.1635,-0.2975,-31.1304,-0.507
28916.592640,481.943211,8.032387,262.4213,263.3922,23.048,26.545,-9999,-59994.03,-9999,288.6112,297.4442,289.8768,-0.0316,-0.1651,-0.2985,-31.3553,-0.5114
28923.002880,482.050048,8.034167,262.3552,263.3464,23.0828,26.5498,-9999,-59994.03,-9999,288.57,297.3817,289.8137,-0.0345,-0.1686,-0.2999,-31.5605,-0.5148
28929.413120,482.156885,8.035948,262.3529,263.3218,23.1056,26.6141,-9999,-59994.03,-9999,288.4719,297.2972,289.7313,-0.0358,-0.1701,-0.2999,-31.5681,-0.5165
28935.823360,482.263723,8.037729,262.2903,263.2842,23.1467,26.6113,-9999,-59994.03,-9999,288.4246,297.2207,289.6612,-0.0342,-0.1712,-0.3026,-31.728,-0.5175
28942.233600,482.370560,8.039509,262.2233,263.1911,23.0988,26.6109,-9999,-59994.03,-9999,288.3378,297.1412,289.5872,-0.0381,-0.1798,-0.3083,-32.1787,-0.5203
28948.643840,482.477397,8.041290,262.1522,263.1451,23.128,26.607,-9999,-59994.03,-9999,288.2891,297.069,289.5161,-0.0437,-0.1906,-0.3218,-33.294,-0.5257
28955.054080,482.584235,8.043071,262.0319,263.013,23.0542,26.5473,-9999,-59994.03,-9999,288.1434,296.9928,289.4439,-0.044,-0.1975,-0.3311,-33.9502,-0.5311
28961.464320,482.691072,8.044851,261.9624,262.9338,23.0339,26.5484,-9999,-59994.03,-9999,288.078,296.9168,289.3696,-0.0394,-0.1954,-0.3311,-34.1337,-0.532
28967.874560,482.797909,8.046632,261.9021,262.906,23.0831,26.5537,-9999,-59994.03,-9999,288.0729,296.8476,289.2979,-0.0373,-0.1903,-0.328,-33.957,-0.5335
28974.284800,482.904747,8.048412,261.8353,262.8037,23.0288,26.5526,-9999,-59994.03,-9999,287.9836,296.7736,289.2224,-0.0375,-0.1903,-0.3302,-34.3089,-0.5371
28980.695040,483.011584,8.050193,261.7747,262.7545,23.0436,26.5555,-9999,-59994.03,-9999,287.8701,296.7044,289.15,-0.0373,-0.1925,-0.3327,-34.5177,-0.5414
28987.105280,483.118421,8.051974,261.7098,262.7087,23.0718,26.5574,-9999,-59994.03,-9999,287.8032,296.6309,289.0795,-0.0357,-0.1903,-0.3339,-34.9849,-0.5463
28993.515520,483.225259,8.053754,261.6455,262.6206,23.0369,26.5553,-9999,-59994.03,-9999,287.7188,296.5551,289.0099,-0.0357,-0.192,-0.3386,-35.492,-0.5495
28999.925760,483.332096,8.055535,261.5815,262.55,23.0225,26.5526,-9999,-59994.03,-9999,287.657,296.4807,288.9355,-0.0383,-0.1973,-0.3428,-35.882,-0.5568
29006.336000,483.438933,8.057316,261.5172,262.5224,23.0722,26.5523,-9999,-59994.03,-9999,287.604,296.4123,288.8651,-0.0429,-0.2002,-0.347,-36.9175,-0.5701
29012.746240,483.545771,8.059096,261.4527,262.4379,23.0329,26.5572,-9999,-59994.03,-9999,287.5427,296.3341,288.811,-0.0441,-0.2026,-0.3523,-38.1226,-0.5836
29019.156480,483.652608,8.060877,261.3629,262.3562,23.0246,26.5461,-9999,-59994.03,-9999,287.466,296.2592,288.7157,-0.0452,-0.205,-0.3564,-38.8354,-0.5909
29025.566720,483.759445,8.062657,261.3769,262.3728,23.0845,26.5272,-9999,-59994.03,-9999,287.3377,296.1798,288.6472,-0.0434,-0.2044,-0.3624,-39.7795,-0.6038
29031.976960,483.866283,8.064438,261.2702,262.2229,23.0105,26.5519,-9999,-59994.03,-9999,287.3167,296.0506,288.5154,-0.044,-0.205,-0.3643,-40.5148,-0.6165
29038.387200,483.973120,8.066219,261.2119,262.2022,23.0697,26.5521,-9999,-59994.03,-9999,287.2678,295.9832,288.4509,-0.0494,-0.2109,-0.3685,-41.1105,-0.6262
29044.797440,484.079957,8.067999,261.1448,262.0935,23.0036,26.5443,-9999,-59994.03,-9999,287.1758,295.9121,288.377,-0.0469,-0.2135,-0.3706,-41.4985,-0.6321
29051.207680,484.186795,8.069780,261.0844,262.0716,23.0655,26.5466,-9999,-59994.03,-9999,287.1252,295.8458,288.3131,-0.0511,-0.2209,-0.3781,-42.1148,-0.6402
29057.617920,484.293632,8.071561,261.0158,261.9561,23.0015,26.5367,-9999,-59994.03,-9999,287.0348,295.7799,288.2446,-0.0532,-0.2285,-0.3898,-43.4283,-0.6516
29064.028160,484.400469,8.073341,260.9559,261.9372,23.0595,26.5309,-9999,-59994.03,-9999,286.9813,295.7147,288.1765,-0.0534,-0.2337,-0.3996,-44.4652,-0.6621
29070.438400,484.507307,8.075122,260.8939,261.8367,23.0066,26.5298,-9999,-59994.03,-9999,286.8943,295.638,288.105,-0.0603,-0.2422,-0.4072,-45.2009,-0.6719
29076.848640,484.614144,8.076902,260.8312,261.8119,23.0639,26.5272,-9999,-59994.03,-9999,286.844,295.5719,288.0356,-0.0619,-0.2484,-0.4115,-45.5951,-0.6779
29083.258880,484.720981,8.078683,260.7635,261.7096,23.0029,26.5228,-9999,-59994.03,-9999,286.76,295.4961,287.9601,-0.0618,-0.2533,-0.4162,-45.9372,-0.6833
29089.669120,484.827819,8.080464,260.7002,261.6791,23.0547,26.5148,-9999,-59994.03,-9999,286.7043,295.4282,287.8879,-0.0603,-0.257,-0.4222,-46.6195,-0.6909
29096.079360,484.934656,8.082244,260.6349,261.5802,23.0008,26.5127,-9999,-59994.03,-9999,286.6145,295.3526,287.8176,-0.0598,-0.2584,-0.4262,-46.8817,-0.6944
29102.489600,485.041493,8.084025,260.5716,261.5439,23.0436,26.5109,-9999,-59994.03,-9999,286.5746,295.2817,287.7411,-0.0607,-0.2606,-0.428,-47.2204,-0.6977
29108.899840,485.148331,8.085806,260.511,261.4717,23.0279,26.5083,-9999,-59994.03,-9999,286.4868,295.2043,287.6732,-0.0559,-0.2535,-0.425,-47.1488,-0.6951
29115.310080,485.255168,8.087586,260.4471,261.3967,23.0103,26.5063,-9999,-59994.03,-9999,286.4273,295.1292,287.5984,-0.0543,-0.253,-0.4251,-46.8538,-0.6955
29121.720320,485.362005,8.089367,260.3837,261.366,23.0554,26.5076,-9999,-59994.03,-9999,286.3612,295.0595,287.5267,-0.0551,-0.2565,-0.433,-47.4479,-0.701
29128.130560,485.468843,8.091147,260.321,261.2623,22.9994,26.504,-9999,-59994.03,-9999,286.2824,294.9848,287.4572,-0.0542,-0.2555,-0.4359,-48.1919,-0.7051
29134.540800,485.575680,8.092928,260.2574,261.2372,23.054,26.5035,-9999,-59994.03,-9999,286.227,294.9167,287.3868,-0.0562,-0.2582,-0.4398,-48.6822,-0.7075
29140.951040,485.682517,8.094709,260.1947,261.1333,22.9932,26.498,-9999,-59994.03,-9999,286.1381,294.8469,287.3178,-0.0555,-0.2547,-0.4379,-48.5904,-0.7115
29147.361280,485.789355,8.096489,260.1297,261.1053,23.048,26.495,-9999,-59994.03,-9999,286.0929,294.7788,287.2452,-0.0526,-0.2512,-0.4334,-48.5143,-0.7155
29153.771520,485.896192,8.098270,260.0593,261.0104,22.9985,26.4913,-9999,-59994.03,-9999,286.0052,294.7021,287.1742,-0.0509,-0.2494,-0.4311,-48.6383,-0.7189
29160.181760,486.003029,8.100050,259.9993,260.9799,23.0491,26.4922,-9999,-59994.03,-9999,285.9582,294.6339,287.1031,-0.0489,-0.24,-0.4225,-48.0863,-0.7158
29166.592000,486.109867,8.101831,259.9346,260.8805,22.9913,26.486,-9999,-59994.03,-9999,285.8729,294.5637,287.0332,-0.0485,-0.2308,-0.4157,-47.3711,-0.708
29173.002240,486.216704,8.103612,259.8734,260.8575,23.0505,26.4855,-9999,-59994.03,-9999,285.8131,294.4926,286.9637,-0.0513,-0.2324,-0.4121,-46.6597,-0.702
29179.412480,486.323541,8.105392,259.8046,260.7558,23.0006,26.4802,-9999,-59994.03,-9999,285.7396,294.4249,286.8906,-0.0515,-0.2317,-0.405,-46.1214,-0.697
29185.822720,486.430379,8.107173,259.7505,260.7278,23.0343,26.4853,-9999,-59994.03,-9999,285.6698,294.356,286.8223,-0.0515,-0.2307,-0.4038,-45.867,-0.6922
29192.232960,486.537216,8.108954,259.6794,260.6361,23.0031,26.4791,-9999,-59994.03,-9999,285.6082,294.2773,286.7485,-0.0493,-0.2303,-0.4019,-45.5545,-0.6914
29198.643200,486.644053,8.110734,259.619,260.5924,23.0251,26.4756,-9999,-59994.03,-9999,285.5268,294.2082,286.6806,-0.0476,-0.2265,-0.3968,-45.3074,-0.6882
29205.053440,486.750891,8.112515,259.5496,260.5062,23.0017,26.4703,-9999,-59994.03,-9999,285.4721,294.147,286.6145,-0.0472,-0.2226,-0.3933,-44.6822,-0.6831
29211.463680,486.857728,8.114295,259.4883,260.4647,23.0258,26.4712,-9999,-59994.03,-9999,285.3961,294.082,286.5477,-0.0503,-0.2263,-0.3941,-44.72,-0.6821
29217.873920,486.964565,8.116076,259.4219,260.368,22.9812,26.4616,-9999,-59994.03,-9999,285.3221,294.0096,286.4756,-0.0507,-0.2281,-0.3957,-44.4052,-0.6807
29224.284160,487.071403,8.117857,259.3656,260.3464,23.0352,26.4632,-9999,-59994.03,-9999,285.2607,293.9355,286.4004,-0.0473,-0.2248,-0.3912,-44.1621,-0.6786
29230.694400,487.178240,8.119637,259.3026,260.244,22.9805,26.4643,-9999,-59994.03,-9999,285.1758,293.8626,286.3357,-0.0476,-0.2255,-0.3911,-44.1246,-0.6762
29237.104640,487.285077,8.121418,259.2454,260.2039,23.0096,26.4586,-9999,-59994.03,-9999,285.1288,293.7922,286.2662,-0.0518,-0.2275,-0.3872,-43.8787,-0.6749
29243.514880,487.391915,8.123199,259.1804,260.1473,23.0193,26.4583,-9999,-59994.03,-9999,285.0449,293.7211,286.1944,-0.0491,-0.2276,-0.3891,-43.8737,-0.6726
29249.925120,487.498752,8.124979,259.1156,260.0539,22.9731,26.4567,-9999,-59994.03,-9999,284.9684,293.6479,286.1207,-0.051,-0.2352,-0.3955,-44.0287,-0.674
29256.335360,487.605589,8.126760,259.051,260.024,23.0262,26.4514,-9999,-59994.03,-9999,284.9158,293.5748,286.0473,-0.0529,-0.2374,-0.4031,-44.8473,-0.6815
29262.745600,487.712427,8.128540,258.991,259.9376,22.9883,26.4547,-9999,-59994.03,-9999,284.8347,293.4989,285.9808,-0.0514,-0.2381,-0.4042,-45.2087,-0.6862
29269.155840,487.819264,8.130321,258.929,259.8801,22.9911,26.4542,-9999,-59994.03,-9999,284.7763,293.4272,285.9083,-0.0504,-0.235,-0.405,-45.4277,-0.6852
29275.566080,487.926101,8.132102,258.866,259.8404,23.0249,26.453,-9999,-59994.03,-9999,284.7094,293.3549,285.8391,-0.0502,-0.2361,-0.4012,-44.5899,-0.678
29281.976320,488.032939,8.133882,258.801,259.7403,22.9752,26.4581,-9999,-59994.03,-9999,284.6257,293.2822,285.7641,-0.0512,-0.2345,-0.3976,-44.0575,-0.6738
29288.386560,488.139776,8.135663,258.7419,259.7018,22.9957,26.4574,-9999,-59994.03,-9999,284.5715,293.2203,285.7023,-0.0513,-0.2321,-0.3955,-43.6994,-0.6673
29294.796800,488.246613,8.137444,258.675,259.6557,23.0279,26.4533,-9999,-59994.03,-9999,284.5117,293.1541,285.6337,-0.0482,-0.2249,-0.3877,-43.0669,-0.659
29301.207040,488.353451,8.139224,258.6121,259.5606,22.9819,26.4623,-9999,-59994.03,-9999,284.4252,293.0864,285.5662,-0.0473,-0.2208,-0.383,-42.6231,-0.655
29307.617280,488.460288,8.141005,258.55,259.5061,22.9911,26.4567,-9999,-59994.03,-9999,284.3717,293.0214,285.4987,-0.0482,-0.2223,-0.3801,-42.3779,-0.6535
29314.027520,488.567125,8.142785,258.4875,259.4648,23.0184,26.46,-9999,-59994.03,-9999,284.2999,292.957,285.4322,-0.0472,-0.2211,-0.3791,-42.5139,-0.6575
29320.437760,488.673963,8.144566,258.4229,259.3629,22.9632,26.451,-9999,-59994.03,-9999,284.227,292.8892,285.3618,-0.0425,-0.2142,-0.3733,-42.1686,-0.6568
29326.848000,488.780800,8.146347,258.3647,259.3428,23.0198,26.4563,-9999,-59994.03,-9999,284.1753,292.8224,285.2932,-0.0418,-0.2101,-0.3743,-42.247,-0.6573
29333.258240,488.887637,8.148127,258.2972,259.2379,22.9632,26.4473,-9999,-59994.03,-9999,284.0831,292.7483,285.2177,-0.045,-0.2147,-0.3779,-42.4596,-0.6615
29339.668480,488.994475,8.149908,258.2317,259.2025,22.9985,26.4461,-9999,-59994.03,-9999,284.0346,292.6812,285.1494,-0.0483,-0.2158,-0.3781,-42.6061,-0.6643
29346.078720,489.101312,8.151689,258.1682,259.1325,22.9886,26.4478,-9999,-59994.03,-9999,283.9513,292.6128,285.0762,-0.0502,-0.2186,-0.379,-42.505,-0.659
29352.488960,489.208149,8.153469,258.1007,259.0511,22.9659,26.442,-9999,-59994.03,-9999,283.8885,292.5399,285.0088,-0.0519,-0.2238,-0.3863,-42.86,-0.6558
29358.899200,489.314987,8.155250,258.0411,259.0168,23.0082,26.4411,-9999,-59994.03,-9999,283.8268,292.4698,284.9395,-0.0543,-0.2335,-0.3986,-43.3761,-0.6555
29365.309440,489.421824,8.157030,257.977,258.919,22.95,26.4422,-9999,-59994.03,-9999,283.7417,292.3973,284.8688,-0.055,-0.2407,-0.4074,-43.9552,-0.6566
29371.719680,489.528661,8.158811,257.9163,258.8813,22.9809,26.4429,-9999,-59994.03,-9999,283.6961,292.3285,284.8038,-0.0566,-0.2456,-0.4128,-44.7441,-0.6613
29378.129920,489.635499,8.160592,257.8558,258.8316,22.9985,26.4376,-9999,-59994.03,-9999,283.6231,292.2548,284.732,-0.0558,-0.2431,-0.413,-45.3098,-0.6693
29384.540160,489.742336,8.162372,257.7894,258.7301,22.9444,26.4349,-9999,-59994.03,-9999,283.5448,292.1846,284.6631,-0.0531,-0.2387,-0.4133,-45.6121,-0.6718
29390.950400,489.849173,8.164153,257.7273,258.6874,22.9745,26.4372,-9999,-59994.03,-9999,283.4953,292.1152,284.5923,-0.0505,-0.235,-0.4098,-45.6669,-0.6767
29397.360640,489.956011,8.165934,257.6643,258.6327,22.98,26.4369,-9999,-59994.03,-9999,283.4181,292.0393,284.5202,-0.0476,-0.2278,-0.4019,-45.1983,-0.6743
29403.770880,490.062848,8.167714,257.6025,258.5466,22.9454,26.4355,-9999,-59994.03,-9999,283.351,291.9594,284.4475,-0.0456,-0.227,-0.3981,-44.767,-0.6725
29410.181120,490.169685,8.169495,257.5424,258.5202,22.9946,26.439,-9999,-59994.03,-9999,283.2882,291.893,284.3841,-0.0484,-0.2304,-0.3965,-44.5599,-0.6731
29416.591360,490.276523,8.171275,257.4778,258.4196,22.9437,26.433,-9999,-59994.03,-9999,283.215,291.8164,284.3085,-0.0502,-0.2323,-0.3979,-44.7233,-0.6776
29423.001600,490.383360,8.173056,257.4214,258.3988,22.9957,26.4378,-9999,-59994.03,-9999,283.1529,291.7435,284.2398,-0.0467,-0.2282,-0.3976,-44.665,-0.6806
29429.411840,490.490197,8.174837,257.3532,258.2977,22.937,26.4351,-9999,-59994.03,-9999,283.0784,291.6752,284.1723,-0.0479,-0.2279,-0.3982,-44.4297,-0.6791
29435.822080,490.597035,8.176617,257.2929,258.2737,22.993,26.4358,-9999,-59994.03,-9999,283.0244,291.6048,284.1066,-0.0486,-0.2266,-0.3927,-43.5142,-0.6678
29442.232320,490.703872,8.178398,257.2325,258.1825,22.9521,26.4383,-9999,-59994.03,-9999,282.9356,291.5334,284.0312,-0.0449,-0.2218,-0.3843,-42.7102,-0.6596
29448.642560,490.810709,8.180178,257.1717,258.119,22.9451,26.4445,-9999,-59994.03,-9999,282.8796,291.46,283.9664,-0.0473,-0.2249,-0.3863,-42.83,-0.6577
29455.052800,490.917547,8.181959,257.1085,258.0866,22.9879,26.4475,-9999,-59994.03,-9999,282.8265,291.3892,283.8971,-0.0522,-0.232,-0.3933,-43.194,-0.6613
29461.463040,491.024384,8.183740,257.045,258.0031,22.9611,26.4496,-9999,-59994.03,-9999,282.7497,291.317,283.8289,-0.0501,-0.2349,-0.3986,-43.4661,-0.6636
29467.873280,491.131221,8.185520,256.9877,257.9255,22.9354,26.4549,-9999,-59994.03,-9999,282.6808,291.2431,283.7604,-0.0474,-0.2317,-0.3967,-43.1911,-0.6637
29474.283520,491.238059,8.187301,256.9194,257.8924,22.9796,26.4579,-9999,-59994.03,-9999,282.6209,291.1723,283.6882,-0.0458,-0.2322,-0.3955,-42.7927,-0.6564
29480.693760,491.344896,8.189082,256.8585,257.8205,22.9655,26.4583,-9999,-59994.03,-9999,282.5452,291.1016,283.6166,-0.0444,-0.2322,-0.3972,-42.3694,-0.6477
29487.104000,491.451733,8.190862,256.7916,257.7399,22.935,26.4616,-9999,-59994.03,-9999,282.4842,291.0259,283.5463,-0.0446,-0.2282,-0.3925,-42.3231,-0.6477
29493.514240,491.558571,8.192643,256.7285,257.708,22.9819,26.4602,-9999,-59994.03,-9999,282.4266,290.9579,283.4781,-0.0435,-0.2196,-0.3822,-42.398,-0.6479
29499.924480,491.665408,8.194423,256.6687,257.6133,22.935,26.4577,-9999,-59994.03,-9999,282.3398,290.8856,283.409,-0.0459,-0.217,-0.3787,-42.4325,-0.6486
29506.334720,491.772245,8.196204,256.6036,257.5699,22.9569,26.4588,-9999,-59994.03,-9999,282.2895,290.7609,283.2808,-0.0452,-0.2144,-0.3773,-42.2726,-0.6543
29512.744960,491.879083,8.197985,256.5397,257.5131,22.9685,26.4577,-9999,-59994.03,-9999,282.214,290.6846,283.2101,-0.0445,-0.2147,-0.3788,-42.6951,-0.661
29519.155200,491.985920,8.199765,256.4742,257.419,22.9232,26.4583,-9999,-59994.03,-9999,282.1394,290.6084,283.1433,-0.0438,-0.2179,-0.3831,-43.0666,-0.666
29525.565440,492.092757,8.201546,256.412,257.3991,22.9779,26.4634,-9999,-59994.03,-9999,282.0814,290.541,283.0773,-0.0466,-0.2235,-0.3866,-43.15,-0.6663
29531.975680,492.199595,8.203327,256.3476,257.2996,22.9269,26.4613,-9999,-59994.03,-9999,281.9934,290.4717,283.005,-0.0492,-0.2244,-0.384,-42.9261,-0.6622
29538.385920,492.306432,8.205107,256.2869,257.2514,22.9479,26.46,-9999,-59994.03,-9999,281.9451,290.3998,282.9346,-0.0508,-0.2254,-0.3826,-42.3602,-0.6542
29544.796160,492.413269,8.206888,256.2302,257.2008,22.9604,26.4586,-9999,-59994.03,-9999,281.8698,290.3243,282.8645,-0.0493,-0.2245,-0.3844,-42.2059,-0.6494
29551.206400,492.520107,8.208668,256.1697,257.1088,22.9174,26.4593,-9999,-59994.03,-9999,281.7966,290.2507,282.7965,-0.0466,-0.2207,-0.3808,-41.9532,-0.6466
29557.616640,492.626944,8.210449,256.1042,257.0779,22.9578,26.4547,-9999,-59994.03,-9999,281.7433,290.1792,282.7317,-0.0479,-0.2194,-0.3741,-41.6235,-0.6443
29564.026880,492.733781,8.212230,256.0448,257.0001,22.9343,26.4514,-9999,-59994.03,-9999,281.6594,290.104,282.6624,-0.0427,-0.2156,-0.3669,-40.9213,-0.639
29570.437120,492.840619,8.214010,255.9865,256.917,22.8996,26.4501,-9999,-59994.03,-9999,281.5855,290.0362,282.5939,-0.0349,-0.2024,-0.3539,-39.4628,-0.6231
29576.847360,492.947456,8.215791,255.9251,256.8873,22.9479,26.4484,-9999,-59994.03,-9999,281.536,289.9663,282.5286,-0.0331,-0.1932,-0.3436,-38.1148,-0.606
29583.257600,493.054293,8.217572,255.8632,256.8213,22.935,26.4413,-9999,-59994.03,-9999,281.4504,289.8933,282.4628,-0.033,-0.1877,-0.3386,-37.3502,-0.5962
29589.667840,493.161131,8.219352,255.8026,256.7288,22.8973,26.4422,-9999,-59994.03,-9999,281.3817,289.8156,282.3917,-0.0342,-0.1873,-0.3351,-36.8216,-0.5861
29596.078080,493.267968,8.221133,255.7398,256.7032,22.9486,26.445,-9999,-59994.03,-9999,281.3294,289.7453,282.321,-0.0372,-0.1856,-0.3306,-35.9101,-0.5759
29602.488320,493.374805,8.222913,255.6791,256.6032,22.889,26.4457,-9999,-59994.03,-9999,281.2485,289.6682,282.2523,-0.034,-0.1806,-0.3242,-35.013,-0.5687
29608.898560,493.481643,8.224694,255.5509,256.518,22.8827,26.383,-9999,-59994.03,-9999,281.2024,289.6024,282.1827,-0.034,-0.1787,-0.324,-34.9419,-0.5655
29615.308800,493.588480,8.226475,255.4895,256.4171,22.8231,26.3784,-9999,-59994.03,-9999,281.1151,289.5244,282.114,-0.0366,-0.1799,-0.3241,-34.8014,-0.5615
29621.719040,493.695317,8.228255,255.4883,256.4454,22.929,26.4397,-9999,-59994.03,-9999,281.0668,289.4523,282.0455,-0.0393,-0.1843,-0.3259,-35.2405,-0.5645
29628.129280,493.802155,8.230036,255.4289,256.3739,22.916,26.4415,-9999,-59994.03,-9999,280.9872,289.3804,281.9781,-0.0383,-0.191,-0.3327,-35.5322,-0.5665
29634.539520,493.908992,8.231817,255.3007,256.228,22.8173,26.3758,-9999,-59994.03,-9999,280.9174,289.3148,281.9099,-0.0374,-0.1931,-0.3319,-35.3636,-0.5642
29640.949760,494.015829,8.233597,255.2404,256.201,22.8635,26.3779,-9999,-59994.03,-9999,280.8638,289.2538,281.8433,-0.0413,-0.1981,-0.3376,-35.8104,-0.57
29647.360000,494.122667,8.235378,255.1753,256.1252,22.8519,26.3749,-9999,-59994.03,-9999,280.7842,289.1812,281.7727,-0.0411,-0.201,-0.3371,-35.9944,-0.5681
29653.770240,494.229504,8.237158,255.1145,256.038,22.817,26.3703,-9999,-59994.03,-9999,280.7139,289.1163,281.7108,-0.0437,-0.2031,-0.3391,-35.8539,-0.5655
29660.180480,494.336341,8.238939,255.1138,256.0695,22.916,26.4321,-9999,-59994.03,-9999,280.6585,289.048,281.6441,-0.0417,-0.2039,-0.3412,-36.2318,-0.5691
29666.590720,494.443179,8.240720,255.0539,256.0081,22.9176,26.4351,-9999,-59994.03,-9999,280.5827,288.9693,281.5675,-0.0395,-0.2032,-0.3427,-36.1711,-0.5667
29673.000960,494.550016,8.242500,254.9299,255.8539,22.8129,26.3758,-9999,-59994.03,-9999,280.445,288.9021,281.5018,-0.0409,-0.204,-0.3423,-36.4489,-0.5681
29679.411200,494.656853,8.244281,254.8689,255.8255,22.8559,26.3816,-9999,-59994.03,-9999,280.3989,288.8282,281.4285,-0.0417,-0.2075,-0.3479,-37.2276,-0.5744
29685.821440,494.763691,8.246062,254.811,255.7513,22.8286,26.3844,-9999,-59994.03,-9999,280.3102,288.7509,281.356,-0.0465,-0.2147,-0.3554,-37.8972,-0.5848
29692.231680,494.870528,8.247842,254.7416,255.6855,22.836,26.383,-9999,-59994.03,-9999,280.2603,288.6794,281.2877,-0.0453,-0.2134,-0.3582,-38.4695,-0.5926
29698.641920,494.977365,8.249623,254.6824,255.6343,22.8392,26.3892,-9999,-59994.03,-9999,280.2456,288.6093,281.219,-0.0448,-0.2141,-0.3612,-38.6136,-0.5937
29705.052160,495.084203,8.251403,254.6236,255.5653,22.8378,26.3901,-9999,-59994.03,-9999,280.1959,288.5444,281.1557,-0.0453,-0.2154,-0.3607,-38.5331,-0.5926
29711.462400,495.191040,8.253184,254.561,255.4986,22.8244,26.3897,-9999,-59994.03,-9999,280.0436,288.4689,281.0795,-0.0431,-0.2128,-0.3598,-38.6195,-0.5933
29717.872640,495.297877,8.254965,254.4961,255.4545,22.8566,26.3908,-9999,-59994.03,-9999,280.0038,288.4121,281.0201,-0.0442,-0.2107,-0.3608,-38.9235,-0.5953
29724.282880,495.404715,8.256745,254.4348,255.3577,22.8006,26.3869,-9999,-59994.03,-9999,279.9193,288.3383,280.9407,-0.0433,-0.2115,-0.3652,-39.3005,-0.5968
29730.693120,495.511552,8.258526,254.3731,255.3366,22.8547,26.389,-9999,-59994.03,-9999,279.8629,288.2705,280.8743,-0.0459,-0.2124,-0.3673,-39.6189,-0.5979
29737.103360,495.618389,8.260306,254.3071,255.2443,22.8131,26.391,-9999,-59994.03,-9999,279.7987,288.2029,280.8087,-0.0446,-0.2137,-0.3666,-39.784,-0.5976
29743.513600,495.725227,8.262087,254.2524,255.2055,22.8378,26.394,-9999,-59994.03,-9999,279.727,288.1323,280.7352,-0.0442,-0.2121,-0.363,-39.2759,-0.5981
29749.923840,495.832064,8.263868,254.182,255.1356,22.8353,26.3927,-9999,-59994.03,-9999,279.68,288.0667,280.6728,-0.0387,-0.2071,-0.3575,-38.6431,-0.5935
29756.334080,495.938901,8.265648,254.1272,255.0606,22.805,26.3903,-9999,-59994.03,-9999,279.5927,287.9952,280.6009,-0.0364,-0.2028,-0.3534,-38.3236,-0.5904
29762.744320,496.045739,8.267429,254.0661,255.0346,22.8573,26.3931,-9999,-59994.03,-9999,279.5395,287.9224,280.5329,-0.0445,-0.2113,-0.3595,-38.9039,-0.5949
29769.154560,496.152576,8.269210,253.998,254.9315,22.8066,26.3825,-9999,-59994.03,-9999,279.4768,287.8542,280.4695,-0.0449,-0.2137,-0.3627,-38.9826,-0.5962
29775.564800,496.259413,8.270990,253.9408,254.8821,22.812,26.3825,-9999,-59994.03,-9999,279.3929,287.7731,280.3927,-0.04,-0.2052,-0.355,-38.334,-0.5946
29781.975040,496.366251,8.272771,253.8759,254.8353,22.845,26.3761,-9999,-59994.03,-9999,279.3524,287.6962,280.3219,-0.0381,-0.1972,-0.3465,-37.6171,-0.589
29788.385280,496.473088,8.274551,253.8178,254.7409,22.7914,26.38,-9999,-59994.03,-9999,279.2703,287.6213,280.2523,-0.0383,-0.1937,-0.3443,-37.3204,-0.584
29794.795520,496.579925,8.276332,253.7586,254.7213,22.8434,26.3795,-9999,-59994.03,-9999,279.2119,287.5521,280.1803,-0.0373,-0.1937,-0.3427,-37.2439,-0.5828
29801.205760,496.686763,8.278113,253.6951,254.6298,22.8092,26.3768,-9999,-59994.03,-9999,279.1468,287.4795,280.1091,-0.0329,-0.1892,-0.337,-36.7363,-0.5775
29807.616000,496.793600,8.279893,253.6374,254.5926,22.8341,26.3807,-9999,-59994.03,-9999,279.0782,287.4082,280.0399,-0.0284,-0.1841,-0.3368,-36.5129,-0.5726
29814.026240,496.900437,8.281674,253.5743,254.5096,22.8064,26.3728,-9999,-59994.03,-9999,279.0253,287.339,279.9721,-0.0289,-0.1831,-0.3359,-36.5497,-0.5721
29820.436480,497.007275,8.283455,253.5174,254.4673,22.8281,26.3772,-9999,-59994.03,-9999,278.9556,287.27,279.9026,-0.0335,-0.1817,-0.3356,-36.6603,-0.5744
29826.846720,497.114112,8.285235,253.449,254.3839,22.7981,26.3745,-9999,-59994.03,-9999,278.8948,287.1957,279.8296,-0.0334,-0.1798,-0.3339,-36.7592,-0.5781
29833.256960,497.220949,8.287016,253.3919,254.348,22.8339,26.3779,-9999,-59994.03,-9999,278.8274,287.1261,279.7617,-0.0314,-0.177,-0.3304,-36.7425,-0.5804
29839.667200,497.327787,8.288796,253.3255,254.2543,22.7939,26.3738,-9999,-59994.03,-9999,278.7613,287.0471,279.6869,-0.0339,-0.1762,-0.3274,-36.1267,-0.5731
29846.077440,497.434624,8.290577,253.2675,254.2294,22.8383,26.3772,-9999,-59994.03,-9999,278.7011,286.9756,279.619,-0.0387,-0.1832,-0.3271,-35.2384,-0.564
29852.487680,497.541461,8.292358,253.2103,254.1347,22.7902,26.3758,-9999,-59994.03,-9999,278.619,286.903,279.55,-0.0378,-0.1837,-0.3235,-34.8687,-0.5577
29858.897920,497.648299,8.294138,253.1458,254.0972,22.8293,26.3758,-9999,-59994.03,-9999,278.5701,286.8353,279.4806,-0.0391,-0.1843,-0.3237,-34.8205,-0.5564
29865.308160,497.755136,8.295919,253.0847,254.0332,22.8226,26.3742,-9999,-59994.03,-9999,278.4945,286.7563,279.405,-0.0403,-0.1866,-0.3277,-35.1923,-0.5582
29871.718400,497.861973,8.297700,253.0246,253.9487,22.7821,26.3731,-9999,-59994.03,-9999,278.4205,286.6821,279.3356,-0.0422,-0.1924,-0.3315,-35.2887,-0.5583
29878.128640,497.968811,8.299480,252.9612,253.9064,22.8117,26.3696,-9999,-59994.03,-9999,278.3644,286.6082,279.2618,-0.0412,-0.1957,-0.3327,-35.6935,-0.5625
29884.538880,498.075648,8.301261,252.9063,253.8652,22.8395,26.3742,-9999,-59994.03,-9999,278.2997,286.538,279.1944,-0.0388,-0.1971,-0.3363,-36.232,-0.5679
29890.949120,498.182485,8.303041,252.8462,253.7692,22.7845,26.3747,-9999,-59994.03,-9999,278.2214,286.4734,279.1288,-0.035,-0.1945,-0.3372,-36.4541,-0.5712
29897.359360,498.289323,8.304822,252.7869,253.7328,22.8207,26.3775,-9999,-59994.03,-9999,278.1739,286.413,279.0616,-0.0328,-0.1901,-0.3354,-36.5686,-0.5763
29903.769600,498.396160,8.306603,252.7272,253.6798,22.8256,26.3761,-9999,-59994.03,-9999,278.0976,286.3464,278.9962,-0.0365,-0.1895,-0.3358,-36.4942,-0.5765
29910.179840,498.502997,8.308383,252.6614,253.5851,22.7831,26.3705,-9999,-59994.03,-9999,278.0265,286.279,278.927,-0.0359,-0.1871,-0.3334,-36.1555,-0.5751
29916.590080,498.609835,8.310164,252.5998,253.5627,22.8302,26.3731,-9999,-59994.03,-9999,277.9817,286.2194,278.8596,-0.0334,-0.1846,-0.3322,-36.2252,-0.5721
29923.000320,498.716672,8.311945,252.5387,253.4838,22.8099,26.3673,-9999,-59994.03,-9999,277.9054,286.1488,278.7929,-0.0331,-0.1855,-0.3318,-36.173,-0.5684
29929.410560,498.823509,8.313725,252.4747,253.4038,22.7731,26.3602,-9999,-59994.03,-9999,277.8267,286.0759,278.7209,-0.0336,-0.1822,-0.3279,-36.1199,-0.5681
29935.820800,498.930347,8.315506,252.4097,253.3663,22.8085,26.3634,-9999,-59994.03,-9999,277.7819,286.017,278.6521,-0.0351,-0.185,-0.3321,-36.2491,-0.5709
29942.231040,499.037184,8.317286,252.3516,253.3096,22.821,26.3645,-9999,-59994.03,-9999,277.7108,285.9437,278.5861,-0.0368,-0.1897,-0.3351,-36.2767,-0.5748
29948.641280,499.144021,8.319067,252.291,253.2167,22.7741,26.3652,-9999,-59994.03,-9999,277.6356,285.8825,278.5232,-0.0348,-0.1868,-0.3316,-36.1586,-0.5724
29955.051520,499.250859,8.320848,252.231,253.187,22.8152,26.3586,-9999,-59994.03,-9999,277.584,285.8142,278.4501,-0.0373,-0.1861,-0.326,-35.7098,-0.5701
29961.461760,499.357696,8.322628,252.17,253.1049,22.7838,26.3533,-9999,-59994.03,-9999,277.4948,285.7438,278.3813,-0.043,-0.1926,-0.3281,-35.5209,-0.5677
29967.872000,499.464533,8.324409,252.108,253.0585,22.805,26.3505,-9999,-59994.03,-9999,277.4559,285.686,278.3274,-0.0425,-0.1986,-0.3347,-35.733,-0.5691
29974.282240,499.571371,8.326190,252.0537,252.9793,22.7729,26.348,-9999,-59994.03,-9999,277.3681,285.6124,278.2557,-0.0443,-0.2036,-0.3468,-37.0122,-0.5785
29980.692480,499.678208,8.327970,251.9951,252.9503,22.8212,26.3454,-9999,-59994.03,-9999,277.3194,285.5474,278.1939,-0.0473,-0.2129,-0.3588,-37.9823,-0.5889
29987.102720,499.785045,8.329751,251.9318,252.8494,22.7616,26.3387,-9999,-59994.03,-9999,277.2408,285.4734,278.1273,-0.0494,-0.221,-0.3656,-38.5796,-0.5948
29993.512960,499.891883,8.331531,251.8748,252.8304,22.8182,26.342,-9999,-59994.03,-9999,277.175,285.4089,278.0567,-0.0481,-0.2256,-0.3741,-39.3995,-0.5986
29999.923200,499.998720,8.333312,251.8091,252.7385,22.7787,26.3353,-9999,-59994.03,-9999,277.1097,285.3427,277.9913,-0.0468,-0.2237,-0.3733,-39.3227,-0.5974
30006.333440,500.105557,8.335093,251.7524,252.6941,22.7937,26.3346,-9999,-59994.03,-9999,277.0362,285.2752,277.9221,-0.0396,-0.211,-0.3639,-38.5515,-0.5946
30012.743680,500.212395,8.336873,251.6867,252.6307,22.799,26.3284,-9999,-59994.03,-9999,276.9938,285.2148,277.8587,-0.036,-0.2028,-0.3566,-38.7723,-0.5971
30019.153920,500.319232,8.338654,251.6313,252.5523,22.7683,26.3268,-9999,-59994.03,-9999,276.9042,285.1414,277.789,-0.0386,-0.2044,-0.3579,-39.3168,-0.6041
30025.564160,500.426069,8.340434,251.5704,252.5241,22.8164,26.3235,-9999,-59994.03,-9999,276.8591,285.0766,277.724,-0.0405,-0.2055,-0.3567,-39.532,-0.6091
30031.974400,500.532907,8.342215,251.5125,252.4262,22.7567,26.3155,-9999,-59994.03,-9999,276.7801,285.0125,277.6545,-0.0407,-0.2057,-0.3548,-39.5589,-0.6115
30038.384640,500.639744,8.343996,251.4544,252.4022,22.8062,26.315,-9999,-59994.03,-9999,276.7087,284.9401,277.5869,-0.0389,-0.2032,-0.3541,-39.2421,-0.6117
30044.794880,500.746581,8.345776,251.391,252.3132,22.7738,26.3166,-9999,-59994.03,-9999,276.6548,284.8723,277.5212,-0.0342,-0.1982,-0.3516,-39.0324,-0.6104
30051.205120,500.853419,8.347557,251.3336,252.267,22.7812,26.3242,-9999,-59994.03,-9999,276.5758,284.803,277.4533,-0.0394,-0.2021,-0.3572,-39.8447,-0.6138
30057.615360,500.960256,8.349338,251.2683,252.2146,22.8009,26.3229,-9999,-59994.03,-9999,276.5251,284.7398,277.3908,-0.0429,-0.2043,-0.3609,-39.6238,-0.6099
30064.025600,501.067093,8.351118,251.218,252.1334,22.7657,26.3245,-9999,-59994.03,-9999,276.4406,284.6714,277.3229,-0.0408,-0.2018,-0.3524,-38.8843,-0.6038
30070.435840,501.173931,8.352899,251.1495,252.1052,22.8147,26.3247,-9999,-59994.03,-9999,276.3947,284.6044,277.2581,-0.0416,-0.2013,-0.3504,-38.5038,-0.5949
30076.846080,501.280768,8.354679,251.0887,252.0039,22.754,26.3252,-9999,-59994.03,-9999,276.3111,284.5269,277.1832,-0.0395,-0.1994,-0.3485,-38.1776,-0.5944
30083.256320,501.387605,8.356460,251.031,251.9824,22.812,26.3311,-9999,-59994.03,-9999,276.2579,284.4583,277.1178,-0.0458,-0.2085,-0.3549,-38.4544,-0.5957
30089.666560,501.494443,8.358241,250.9664,251.881,22.753,26.3215,-9999,-59994.03,-9999,276.1815,284.3865,277.0481,-0.0523,-0.2195,-0.3631,-38.851,-0.5986
30096.076800,501.601280,8.360021,250.9099,251.862,22.8085,26.3247,-9999,-59994.03,-9999,276.1279,284.2507,276.9168,-0.0489,-0.2218,-0.3676,-39.3043,-0.6009
30102.487040,501.708117,8.361802,250.8442,251.7597,22.7519,26.3224,-9999,-59994.03,-9999,276.0493,284.1848,276.8498,-0.0474,-0.2278,-0.372,-39.3808,-0.6033
30108.897280,501.814955,8.363583,250.7869,251.743,22.8071,26.3176,-9999,-59994.03,-9999,275.9911,284.1801,276.8468,-0.0489,-0.2295,-0.3741,-40.0499,-0.6088
30115.307520,501.921792,8.365363,250.7231,251.6428,22.7551,26.3157,-9999,-59994.03,-9999,275.9048,284.1039,276.7791,-0.0496,-0.2304,-0.3813,-40.7392,-0.6139
30121.717760,502.028629,8.367144,250.6638,251.5988,22.7757,26.3083,-9999,-59994.03,-9999,275.8595,284.0377,276.7102,-0.046,-0.2285,-0.3799,-40.5252,-0.6135
30128.128000,502.135467,8.368924,250.6006,251.5513,22.7944,26.3056,-9999,-59994.03,-9999,275.7888,283.9681,276.6425,-0.0504,-0.2334,-0.3878,-41.1331,-0.618
30134.538240,502.242304,8.370705,250.5369,251.4608,22.7535,26.3083,-9999,-59994.03,-9999,275.7081,283.8904,276.5739,-0.0518,-0.2368,-0.3937,-41.8786,-0.6231
30140.948480,502.349141,8.372486,250.4813,251.4064,22.753,26.3063,-9999,-59994.03,-9999,275.6501,283.8211,276.5042,-0.0483,-0.2338,-0.394,-41.9884,-0.6204
30147.358720,502.455979,8.374266,250.419,251.3693,22.7912,26.3109,-9999,-59994.03,-9999,275.5985,283.6948,276.3747,-0.0452,-0.2294,-0.3913,-41.9856,-0.6215
30153.768960,502.562816,8.376047,250.3615,251.3174,22.8002,26.309,-9999,-59994.03,-9999,275.5246,283.6159,276.3066,-0.0439,-0.2255,-0.3892,-42.3944,-0.6244
30160.179200,502.669653,8.377828,250.2954,251.2256,22.7632,26.3063,-9999,-59994.03,-9999,275.4515,283.5468,276.24,-0.0437,-0.2206,-0.3854,-42.2284,-0.6232
30166.589440,502.776491,8.379608,250.2365,251.1516,22.7438,26.3074,-9999,-59994.03,-9999,275.3892,283.4786,276.1704,-0.0431,-0.2189,-0.3822,-42.0104,-0.6223
30172.999680,502.883328,8.381389,250.1793,251.1178,22.7687,26.3074,-9999,-59994.03,-9999,275.3327,283.4627,276.1572,-0.0412,-0.2199,-0.3799,-41.6379,-0.6208
30179.409920,502.990165,8.383169,250.1181,251.0779,22.8029,26.303,-9999,-59994.03,-9999,275.2707,283.3952,276.092,-0.0397,-0.2151,-0.3738,-41.3478,-0.6219
30185.820160,503.097003,8.384950,250.0533,250.9951,22.7782,26.3086,-9999,-59994.03,-9999,275.1945,283.269,275.9639,-0.0361,-0.207,-0.3693,-40.9652,-0.6215
30192.230400,503.203840,8.386731,249.997,250.9168,22.7503,26.3125,-9999,-59994.03,-9999,275.1236,283.2008,275.8955,-0.0351,-0.2002,-0.3624,-40.1834,-0.6173
30198.640640,503.310677,8.388511,249.9361,250.8733,22.7674,26.3171,-9999,-59994.03,-9999,275.0679,283.1297,275.8286,-0.0363,-0.1944,-0.3554,-39.3957,-0.6144
30205.050880,503.417515,8.390292,249.8726,250.8325,22.7974,26.3095,-9999,-59994.03,-9999,275.0114,283.0723,275.7618,-0.0381,-0.1946,-0.3543,-39.2618,-0.6114
30211.461120,503.524352,8.392073,249.8138,250.7581,22.7789,26.3106,-9999,-59994.03,-9999,274.9285,283.0011,275.693,-0.0408,-0.1988,-0.3574,-39.4519,-0.6092
30217.871360,503.631189,8.393853,249.7538,250.6762,22.7424,26.3104,-9999,-59994.03,-9999,274.863,282.9363,275.6284,-0.0437,-0.2017,-0.3592,-39.5487,-0.6083
30224.281600,503.738027,8.395634,249.6983,250.64,22.7759,26.3139,-9999,-59994.03,-9999,274.8148,282.8737,275.5663,-0.0453,-0.2031,-0.3573,-39.4441,-0.6099
30230.691840,503.844864,8.397414,249.6376,250.5958,22.8006,26.3127,-9999,-59994.03,-9999,274.7477,282.8037,275.4993,-0.0452,-0.2032,-0.3594,-39.904,-0.6138
30237.102080,503.951701,8.399195,249.5749,250.5113,22.7704,26.3132,-9999,-59994.03,-9999,274.6659,282.735,275.4279,-0.0492,-0.2102,-0.3671,-40.1987,-0.6152
30243.512320,504.058539,8.400976,249.5167,250.4406,22.7484,26.3166,-9999,-59994.03,-9999,274.5986,282.674,275.3665,-0.0491,-0.2163,-0.3728,-40.5592,-0.62
30249.922560,504.165376,8.402756,249.459,250.3987,22.7694,26.3157,-9999,-59994.03,-9999,274.5412,282.6115,275.3001,-0.0491,-0.2217,-0.3785,-40.8877,-0.621
30256.332800,504.272213,8.404537,249.3932,250.357,22.8011,26.3199,-9999,-59994.03,-9999,274.4794,282.5439,275.2319,-0.0501,-0.224,-0.3817,-41.4104,-0.6265
30262.743040,504.379051,8.406318,249.3371,250.2823,22.7798,26.321,-9999,-59994.03,-9999,274.3969,282.4725,275.1631,-0.0491,-0.2246,-0.3863,-42.192,-0.6307
30269.153280,504.485888,8.408098,249.2728,250.1963,22.7447,26.3212,-9999,-59994.03,-9999,274.3279,282.4072,275.0964,-0.0492,-0.2275,-0.3915,-42.6989,-0.6359
30275.563520,504.592725,8.409879,249.2175,250.1644,22.7736,26.3196,-9999,-59994.03,-9999,274.2797,282.3399,275.0334,-0.0505,-0.2332,-0.3975,-43.2976,-0.6428
30281.973760,504.699563,8.411659,249.1555,250.1172,22.7981,26.3215,-9999,-59994.03,-9999,274.2228,282.2705,274.967,-0.0545,-0.242,-0.4062,-44.0639,-0.6514
30288.384000,504.806400,8.413440,249.0982,250.0334,22.7637,26.3235,-9999,-59994.03,-9999,274.1443,282.1996,274.8991,-0.0498,-0.24,-0.4066,-44.2358,-0.6585
30294.794240,504.913237,8.415221,249.0345,249.9659,22.7491,26.327,-9999,-59994.03,-9999,274.0818,282.1365,274.8329,-0.0504,-0.2426,-0.4091,-44.686,-0.6635
30301.204480,505.020075,8.417001,248.9802,249.9382,22.7953,26.3254,-9999,-59994.03,-9999,274.0321,282.0778,274.7733,-0.0542,-0.2491,-0.4151,-45.2189,-0.6657
30307.614720,505.126912,8.418782,248.9165,249.8699,22.7865,26.3231,-9999,-59994.03,-9999,273.9521,282.0048,274.7042,-0.0547,-0.2474,-0.4178,-45.7562,-0.6728
30314.024960,505.233749,8.420562,248.8556,249.7831,22.7454,26.3208,-9999,-59994.03,-9999,273.8843,281.9401,274.6375,-0.0526,-0.2423,-0.4179,-45.8498,-0.6767
30320.435200,505.340587,8.422343,248.7942,249.7531,22.7865,26.3208,-9999,-59994.03,-9999,273.8376,281.8793,274.5743,-0.0498,-0.2393,-0.4184,-45.9447,-0.6802
30326.845440,505.447424,8.424124,248.6755,249.6308,22.7278,26.2535,-9999,-59994.03,-9999,273.7558,281.8129,274.5113,-0.0461,-0.2331,-0.4153,-45.9787,-0.6834
30333.255680,505.554261,8.425904,248.6161,249.5387,22.6811,26.2507,-9999,-59994.03,-9999,273.6853,281.7465,274.4449,-0.0467,-0.2301,-0.4095,-45.64,-0.6835
30339.665920,505.661099,8.427685,248.6127,249.571,22.7817,26.3129,-9999,-59994.03,-9999,273.6388,281.6873,274.3821,-0.0474,-0.2273,-0.4048,-45.5177,-0.6823
30346.076160,505.767936,8.429466,248.5565,249.5106,22.7824,26.3093,-9999,-59994.03,-9999,273.5622,281.6172,274.3146,-0.0443,-0.2261,-0.4004,-44.9189,-0.6779
30352.486400,505.874773,8.431246,248.5025,249.4219,22.7385,26.306,-9999,-59994.03,-9999,273.4955,281.5474,274.2445,-0.0465,-0.2269,-0.3966,-44.806,-0.6785
30358.896640,505.981611,8.433027,248.4381,249.3919,22.7798,26.3026,-9999,-59994.03,-9999,273.4511,281.4825,274.1811,-0.0477,-0.2284,-0.4002,-45.246,-0.6801
30365.306880,506.088448,8.434807,248.3783,249.322,22.7701,26.306,-9999,-59994.03,-9999,273.3695,281.4145,274.1167,-0.047,-0.2276,-0.3995,-44.8551,-0.6742
30371.717120,506.195285,8.436588,248.3191,249.2453,22.7389,26.2994,-9999,-59994.03,-9999,273.3085,281.3487,274.0492,-0.0504,-0.227,-0.3944,-44.2453,-0.6688
30378.127360,506.302123,8.438369,248.1968,249.1534,22.7215,26.2385,-9999,-59994.03,-9999,273.2486,281.2824,273.9854,-0.0496,-0.2259,-0.3894,-43.8848,-0.6684
30384.537600,506.408960,8.440149,248.1381,249.059,22.6656,26.2449,-9999,-59994.03,-9999,273.1767,281.2115,273.9181,-0.0496,-0.2224,-0.3859,-43.4703,-0.6624
30390.947840,506.515797,8.441930,248.0721,249.0316,22.7188,26.2318,-9999,-59994.03,-9999,273.0642,281.1394,273.8501,-0.0484,-0.2171,-0.3806,-42.6375,-0.6537
30397.358080,506.622635,8.443711,248.0164,248.9351,22.6626,26.2341,-9999,-59994.03,-9999,272.9844,281.0715,273.7832,-0.0455,-0.2136,-0.3766,-42.2111,-0.6508
30403.768320,506.729472,8.445491,247.9522,248.909,22.713,26.23,-9999,-59994.03,-9999,272.9381,281.011,273.7184,-0.0417,-0.2092,-0.3721,-41.6993,-0.6457
30410.178560,506.836309,8.447272,247.8944,248.8162,22.6608,26.2274,-9999,-59994.03,-9999,272.8522,280.9386,273.6481,-0.0413,-0.2046,-0.3633,-40.8391,-0.6383
30416.588800,506.943147,8.449052,247.8351,248.793,22.7144,26.2279,-9999,-59994.03,-9999,272.8055,280.8719,273.5833,-0.0422,-0.2019,-0.3569,-40.216,-0.6268
30422.999040,507.049984,8.450833,247.7753,248.695,22.6591,26.2323,-9999,-59994.03,-9999,272.7252,280.8028,273.5164,-0.0367,-0.1953,-0.3491,-39.3014,-0.6173
30429.409280,507.156821,8.452614,247.7168,248.678,22.7178,26.2277,-9999,-59994.03,-9999,272.6728,280.7299,273.4525,-0.0331,-0.1918,-0.344,-38.7119,-0.6121
30435.819520,507.263659,8.454394,247.6581,248.5772,22.6571,26.2256,-9999,-59994.03,-9999,272.5986,280.6709,273.3894,-0.0345,-0.192,-0.3436,-38.6183,-0.609
30442.229760,507.370496,8.456175,247.6003,248.5575,22.7144,26.2311,-9999,-59994.03,-9999,272.5374,280.6094,273.3241,-0.0391,-0.1942,-0.3436,-38.4088,-0.6069
30448.640000,507.477333,8.457956,247.5368,248.4596,22.6608,26.2327,-9999,-59994.03,-9999,272.4691,280.543,273.2588,-0.0414,-0.1934,-0.3419,-38.1554,-0.6034
30455.050240,507.584171,8.459736,247.4853,248.4399,22.7077,26.2376,-9999,-59994.03,-9999,272.4063,280.472,273.1906,-0.0435,-0.1984,-0.3465,-38.4443,-0.6046
30461.460480,507.691008,8.461517,247.4174,248.3572,22.6885,26.2341,-9999,-59994.03,-9999,272.3545,280.408,273.1295,-0.0408,-0.1944,-0.3416,-37.7777,-0.5985
30467.870720,507.797845,8.463297,247.3624,248.2903,22.6672,26.2323,-9999,-59994.03,-9999,272.2704,280.3257,273.0552,-0.038,-0.1903,-0.3391,-37.8566,-0.5968
30474.280960,507.904683,8.465078,247.3021,248.2655,22.7155,26.2348,-9999,-59994.03,-9999,272.2248,280.2563,272.9897,-0.0423,-0.1926,-0.3434,-38.1748,-0.5979
30480.691200,508.011520,8.466859,247.2381,248.1649,22.6672,26.2309,-9999,-59994.03,-9999,272.1533,280.1844,272.9207,-0.0452,-0.1988,-0.3498,-38.4561,-0.5988
30487.101440,508.118357,8.468639,247.1877,248.1287,22.6876,26.2369,-9999,-59994.03,-9999,272.0794,280.1133,272.8556,-0.0479,-0.21,-0.3609,-39.3213,-0.606
30493.511680,508.225195,8.470420,247.1246,248.0783,22.7068,26.2327,-9999,-59994.03,-9999,272.0331,280.0446,272.7864,-0.0498,-0.2166,-0.3673,-39.8912,-0.61
30499.921920,508.332032,8.472201,247.0657,247.9813,22.6529,26.2348,-9999,-59994.03,-9999,271.9457,279.9677,272.7168,-0.0491,-0.22,-0.3746,-40.6062,-0.6142
30506.332160,508.438869,8.473981,247.01,247.9671,22.7051,26.241,-9999,-59994.03,-9999,271.8863,279.8994,272.6492,-0.0513,-0.2299,-0.3833,-41.5526,-0.628
30512.742400,508.545707,8.475762,246.943,247.8823,22.6822,26.2385,-9999,-59994.03,-9999,271.8309,279.8293,272.5873,-0.0522,-0.233,-0.391,-42.5617,-0.6382
30519.152640,508.652544,8.477542,246.8914,247.8282,22.6799,26.2433,-9999,-59994.03,-9999,271.7558,279.7608,272.5218,-0.0515,-0.2359,-0.3973,-43.1687,-0.6426
30525.562880,508.759381,8.479323,246.8327,247.7732,22.6922,26.2415,-9999,-59994.03,-9999,271.7093,279.6945,272.4548,-0.0483,-0.2331,-0.3941,-43.0017,-0.6406
30531.973120,508.866219,8.481104,246.7726,247.7102,22.6839,26.2376,-9999,-59994.03,-9999,271.6263,279.6253,272.387,-0.0447,-0.2295,-0.3951,-43.201,-0.648
30538.383360,508.973056,8.482884,246.7093,247.6448,22.6776,26.2348,-9999,-59994.03,-9999,271.5786,279.561,272.3208,-0.0464,-0.2292,-0.3971,-43.8305,-0.6544
30544.793600,509.079893,8.484665,246.6582,247.6024,22.6959,26.238,-9999,-59994.03,-9999,271.504,279.4961,272.2552,-0.0479,-0.2314,-0.3993,-44.1539,-0.6631
30551.203840,509.186731,8.486446,246.5951,247.5148,22.6561,26.236,-9999,-59994.03,-9999,271.433,279.429,272.1878,-0.0515,-0.2363,-0.4025,-44.4571,-0.6673
30557.614080,509.293568,8.488226,246.5387,247.4917,22.7056,26.2369,-9999,-59994.03,-9999,271.3785,279.3645,272.1212,-0.0501,-0.2371,-0.4029,-44.6622,-0.6661
30564.024320,509.400405,8.490007,246.4825,247.4163,22.6799,26.2376,-9999,-59994.03,-9999,271.3058,279.2996,272.0587,-0.0474,-0.2355,-0.4018,-44.5129,-0.6614
30570.434560,509.507243,8.491787,246.4203,247.3443,22.6568,26.2378,-9999,-59994.03,-9999,271.2375,279.2324,271.9921,-0.0487,-0.236,-0.3979,-43.6751,-0.654
30576.844800,509.614080,8.493568,246.3648,247.314,22.701,26.2339,-9999,-59994.03,-9999,271.1879,279.167,271.9231,-0.0474,-0.2316,-0.3926,-43.0586,-0.6499
30583.255040,509.720917,8.495349,246.3043,247.2452,22.688,26.2366,-9999,-59994.03,-9999,271.1086,279.0948,271.858,-0.0468,-0.2279,-0.3905,-42.8227,-0.6451
30589.665280,509.827755,8.497129,246.2469,247.1599,22.6515,26.2392,-9999,-59994.03,-9999,271.0419,279.0313,271.7913,-0.043,-0.2231,-0.3855,-42.2652,-0.6393
30596.075520,509.934592,8.498910,246.1868,247.1272,22.6751,26.244,-9999,-59994.03,-9999,270.9931,278.9706,271.7318,-0.0397,-0.2159,-0.3755,-41.2819,-0.633
30602.485760,510.041429,8.500690,246.124,247.0801,22.7007,26.2447,-9999,-59994.03,-9999,270.9327,278.9043,271.6653,-0.0396,-0.2087,-0.3675,-40.8452,-0.6288
30608.896000,510.148267,8.502471,246.063,246.9928,22.6695,26.2484,-9999,-59994.03,-9999,270.8576,278.839,271.6011,-0.0411,-0.2063,-0.3705,-41.0578,-0.6321
30615.306240,510.255104,8.504252,246.0056,246.9247,22.6504,26.2507,-9999,-59994.03,-9999,270.7945,278.7715,271.5408,-0.0418,-0.2068,-0.3674,-40.7212,-0.628
30621.716480,510.361941,8.506032,245.9467,246.8956,22.6887,26.2553,-9999,-59994.03,-9999,270.7423,278.703,271.4756,-0.0404,-0.2033,-0.3585,-39.7556,-0.6171
30628.126720,510.468779,8.507813,245.8866,246.8316,22.6892,26.253,-9999,-59994.03,-9999,270.6678,278.6313,271.4073,-0.0424,-0.2041,-0.3576,-39.2667,-0.6128
30634.536960,510.575616,8.509594,245.8267,246.7421,22.645,26.2555,-9999,-59994.03,-9999,270.5923,278.5545,271.3402,-0.0433,-0.2094,-0.3609,-39.1538,-0.6112
30640.947200,510.682453,8.511374,245.7648,246.6974,22.6587,26.2578,-9999,-59994.03,-9999,270.5401,278.4851,271.2755,-0.0437,-0.2087,-0.3584,-38.9039,-0.607
30647.357440,510.789291,8.513155,245.7083,246.6626,22.697,26.2625,-9999,-59994.03,-9999,270.4815,278.4138,271.209,-0.0413,-0.2075,-0.359,-39.1075,-0.608
30653.767680,510.896128,8.514935,245.6493,246.5759,22.6534,26.2588,-9999,-59994.03,-9999,270.3991,278.3366,271.138,-0.0393,-0.2052,-0.3586,-38.7901,-0.6049
30660.177920,511.002965,8.516716,245.5885,246.5149,22.6487,26.2659,-9999,-59994.03,-9999,270.3389,278.2708,271.0694,-0.0381,-0.2009,-0.3511,-37.889,-0.5976
30666.588160,511.109803,8.518497,245.5277,246.4853,22.689,26.2731,-9999,-59994.03,-9999,270.2849,278.2119,270.9982,-0.0403,-0.2009,-0.3494,-37.6275,-0.5939
30672.998400,511.216640,8.520277,245.4699,246.4043,22.6651,26.277,-9999,-59994.03,-9999,270.2057,278.1402,270.9339,-0.039,-0.1993,-0.3475,-37.4161,-0.5882
30679.408640,511.323477,8.522058,245.4066,246.3318,22.6374,26.282,-9999,-59994.03,-9999,270.1437,278.0737,270.8686,-0.0377,-0.1969,-0.3453,-37.1903,-0.5865
30685.818880,511.430315,8.523839,245.3506,246.3057,22.6857,26.2873,-9999,-59994.03,-9999,270.0946,278.0112,270.8062,-0.0379,-0.1968,-0.3448,-37.2097,-0.5857
30692.229120,511.537152,8.525619,245.2937,246.224,22.6564,26.2869,-9999,-59994.03,-9999,270.0077,277.9426,270.7365,-0.0372,-0.197,-0.3443,-37.2597,-0.5835
30698.639360,511.643989,8.527400,245.2372,246.1642,22.6536,26.2915,-9999,-59994.03,-9999,269.9575,277.8772,270.6713,-0.0349,-0.1929,-0.342,-36.9739,-0.5772
30705.049600,511.750827,8.529180,245.1783,246.1288,22.6832,26.2922,-9999,-59994.03,-9999,269.8932,277.81,270.6096,-0.0358,-0.1911,-0.3405,-36.8821,-0.5755
30711.459840,511.857664,8.530961,245.1227,246.0366,22.6335,26.294,-9999,-59994.03,-9999,269.8219,277.7409,270.5406,-0.0392,-0.1938,-0.3428,-37.2827,-0.5801
30717.870080,511.964501,8.532742,245.0633,246.0137,22.6792,26.2947,-9999,-59994.03,-9999,269.7767,277.6753,270.482,-0.0413,-0.1969,-0.343,-37.316,-0.5836
30724.280320,512.071339,8.534522,245.0016,245.9235,22.6332,26.2947,-9999,-59994.03,-9999,269.688,277.6008,270.4102,-0.0439,-0.2011,-0.3435,-37.5042,-0.5849
30730.690560,512.178176,8.536303,244.9403,245.8884,22.6672,26.2919,-9999,-59994.03,-9999,269.6494,277.5408,270.3526,-0.0422,-0.2004,-0.3425,-37.4055,-0.5831
30737.100800,512.285013,8.538084,244.885,245.8132,22.6388,26.2952,-9999,-59994.03,-9999,269.5656,277.4067,270.2242,-0.0427,-0.1981,-0.3417,-37.2071,-0.5836
30743.511040,512.391851,8.539864,244.8262,245.7721,22.6732,26.2929,-9999,-59994.03,-9999,269.5222,277.3497,270.1638,-0.0456,-0.2018,-0.3455,-37.5531,-0.5874
30749.921280,512.498688,8.541645,244.7649,245.6838,22.6247,26.2929,-9999,-59994.03,-9999,269.4372,277.2797,270.0959,-0.0436,-0.2031,-0.3504,-37.9716,-0.5943
30756.331520,512.605525,8.543425,244.7099,245.6652,22.6825,26.2972,-9999,-59994.03,-9999,269.3911,277.2111,270.0298,-0.0416,-0.2027,-0.353,-38.4173,-0.6026
30762.741760,512.712363,8.545206,244.6486,245.5665,22.6291,26.2989,-9999,-59994.03,-9999,269.3185,277.1423,269.9683,-0.0407,-0.201,-0.3514,-38.6703,-0.607
30769.152000,512.819200,8.546987,244.5985,245.5438,22.6658,26.3035,-9999,-59994.03,-9999,269.2539,277.0714,269.9018,-0.0408,-0.2007,-0.3476,-38.5359,-0.6067
30775.562240,512.926037,8.548767,244.5333,245.4736,22.6635,26.3051,-9999,-59994.03,-9999,269.2024,277.0055,269.8398,-0.043,-0.2037,-0.3511,-38.4516,-0.607
30781.972480,513.032875,8.550548,244.4805,245.4006,22.6328,26.3099,-9999,-59994.03,-9999,269.119,276.927,269.7674,-0.0422,-0.2087,-0.3588,-38.7537,-0.6082
30788.382720,513.139712,8.552329,244.4216,245.3772,22.6816,26.309,-9999,-59994.03,-9999,269.0761,276.8658,269.6988,-0.0428,-0.213,-0.3663,-39.0943,-0.6079
30794.792960,513.246549,8.554109,244.36,245.2793,22.6312,26.3196,-9999,-59994.03,-9999,269.0077,276.799,269.6382,-0.0462,-0.2154,-0.3682,-39.3985,-0.6108
30801.203200,513.353387,8.555890,244.3063,245.2607,22.6795,26.3256,-9999,-59994.03,-9999,268.9496,276.7313,269.568,-0.0428,-0.2138,-0.3666,-39.2558,-0.6103
30807.613440,513.460224,8.557670,244.2439,245.164,22.6351,26.3306,-9999,-59994.03,-9999,268.888,276.6697,269.5055,-0.0406,-0.2124,-0.3657,-39.086,-0.6083
30814.023680,513.567061,8.559451,244.1876,245.1416,22.6749,26.3327,-9999,-59994.03,-9999,268.8267,276.6016,269.4397,-0.04,-0.2112,-0.366,-39.4639,-0.6139
30820.433920,513.673899,8.561232,244.1245,245.0468,22.6302,26.3387,-9999,-59994.03,-9999,268.7626,276.5361,269.3792,-0.0351,-0.2042,-0.3605,-39.4207,-0.6138
30826.844160,513.780736,8.563012,244.0689,245.0252,22.6832,26.3382,-9999,-59994.03,-9999,268.7031,276.4716,269.3152,-0.0337,-0.199,-0.3541,-38.7322,-0.6038
30833.254400,513.887573,8.564793,244.0058,244.9233,22.6242,26.3415,-9999,-59994.03,-9999,268.6245,276.4093,269.2437,-0.0388,-0.1967,-0.3468,-38.0902,-0.5966
30839.664640,513.994411,8.566574,243.9463,244.9073,22.6781,26.3477,-9999,-59994.03,-9999,268.5679,276.3455,269.1816,-0.0404,-0.1972,-0.3445,-37.786,-0.5904
30846.074880,514.101248,8.568354,243.8912,244.8127,22.6265,26.35,-9999,-59994.03,-9999,268.492,276.2791,269.1162,-0.041,-0.1969,-0.3437,-37.7302,-0.5877
30852.485120,514.208085,8.570135,243.8373,244.7916,22.6792,26.3597,-9999,-59994.03,-9999,268.4337,276.2164,269.0465,-0.0433,-0.2001,-0.345,-37.8776,-0.5904
30858.895360,514.314923,8.571915,243.7787,244.6977,22.627,26.3611,-9999,-59994.03,-9999,268.3659,276.1484,268.9802,-0.0404,-0.1988,-0.3445,-37.5562,-0.5883
30865.305600,514.421760,8.573696,243.7238,244.6796,22.6806,26.3691,-9999,-59994.03,-9999,268.31,276.078,268.9129,-0.0398,-0.1956,-0.3437,-37.3337,-0.5849
30871.715840,514.528597,8.575477,243.6653,244.5809,22.6201,26.3703,-9999,-59994.03,-9999,268.2332,276.0023,268.845,-0.0343,-0.1891,-0.34,-37.1861,-0.5829
30878.126080,514.635435,8.577257,243.6081,244.56,22.6765,26.371,-9999,-59994.03,-9999,268.1801,275.933,268.7823,-0.0349,-0.1888,-0.3389,-37.106,-0.5852
30884.536320,514.742272,8.579038,243.5493,244.4599,22.6185,26.3765,-9999,-59994.03,-9999,268.1055,275.8601,268.7123,-0.0368,-0.193,-0.3404,-37.3712,-0.5907
