$MeshFormat
4.1 0 8
$EndMeshFormat
$PhysicalNames
7
2 1 "pipe"
2 2 "insulation"
2 3 "fbrick"
2 4 "container"
2 5 "medium"
2 6 "air"
2 7 "coil"
$EndPhysicalNames
$Entities
79 86 22 0
1 0.25 0 0 0 
2 0.25 0.90625 0 0 
3 5.25 0.90625 0 0 
4 5.25 2.75 0 0 
5 5.25 10.90625 0 0 
6 0.25 10.90625 0 0 
7 0.25 11.8125 0 0 
8 8.5 11.8125 0 0 
9 8.5 0 0 0 
10 5.5 0.90625 0 0 
11 6.5 0.90625 0 0 
12 6.5 1.45625 0 0 
13 5.5 1.45625 0 0 
14 5.5 1.633173076923077 0 0 
15 6.5 1.633173076923077 0 0 
16 6.5 2.183173076923077 0 0 
17 5.5 2.183173076923077 0 0 
18 5.5 2.360096153846154 0 0 
19 6.5 2.360096153846154 0 0 
20 6.5 2.910096153846154 0 0 
21 5.5 2.910096153846154 0 0 
22 5.5 3.087019230769231 0 0 
23 6.5 3.087019230769231 0 0 
24 6.5 3.637019230769231 0 0 
25 5.5 3.637019230769231 0 0 
26 5.5 3.813942307692308 0 0 
27 6.5 3.813942307692308 0 0 
28 6.5 4.363942307692308 0 0 
29 5.5 4.363942307692308 0 0 
30 5.5 4.540865384615385 0 0 
31 6.5 4.540865384615385 0 0 
32 6.5 5.090865384615385 0 0 
33 5.5 5.090865384615385 0 0 
34 5.5 5.267788461538462 0 0 
35 6.5 5.267788461538462 0 0 
36 6.5 5.817788461538462 0 0 
37 5.5 5.817788461538462 0 0 
38 5.5 5.994711538461539 0 0 
39 6.5 5.994711538461539 0 0 
40 6.5 6.544711538461539 0 0 
41 5.5 6.544711538461539 0 0 
42 5.5 6.721634615384616 0 0 
43 6.5 6.721634615384616 0 0 
44 6.5 7.271634615384616 0 0 
45 5.5 7.271634615384616 0 0 
46 5.5 7.448557692307693 0 0 
47 6.5 7.448557692307693 0 0 
48 6.5 7.998557692307693 0 0 
49 5.5 7.998557692307693 0 0 
50 5.5 8.17548076923077 0 0 
51 6.5 8.17548076923077 0 0 
52 6.5 8.725480769230771 0 0 
53 5.5 8.725480769230771 0 0 
54 5.5 8.902403846153847 0 0 
55 6.5 8.902403846153847 0 0 
56 6.5 9.452403846153848 0 0 
57 5.5 9.452403846153848 0 0 
58 5.5 9.629326923076924 0 0 
59 6.5 9.629326923076924 0 0 
60 6.5 10.17932692307692 0 0 
61 5.5 10.17932692307692 0 0 
62 5.5 10.35625 0 0 
63 6.5 10.35625 0 0 
64 6.5 10.90625 0 0 
65 5.5 10.90625 0 0 
66 0.25 2.75 0 0 
67 0.25 3 0 0 
68 1.9032 3 0 0 
69 1.9032 8.4375 0 0 
70 1.9032 8.875 0 0 
71 0.25 8.875 0 0 
72 0.25 9.0625 0 0 
73 2.25 9.0625 0 0 
74 2.25 2.75 0 0 
75 0.25 8.4375 0 0 
76 0 11.8125 0 0 
77 0 0 0 0 
78 0.222 11.8125 0 0 
79 0.222 0 0 0 
1 0.2499999 -1.000000000028756e-07 -1e-07 0.2500001 0.9062500999999999 1e-07 0 2 1 -2 
2 0.2499999000000002 0.9062499000000001 -1e-07 5.2500001 0.9062500999999999 1e-07 0 2 2 -3 
3 5.2499999 0.9062499000000001 -1e-07 5.2500001 2.7500001 1e-07 0 2 3 -4 
4 5.2499999 2.749999900000001 -1e-07 5.2500001 10.9062501 1e-07 0 2 4 -5 
5 0.2499999000000002 10.9062499 -1e-07 5.2500001 10.9062501 1e-07 0 2 5 -6 
6 0.2499999 10.9062499 -1e-07 0.2500001 11.8125001 1e-07 0 2 6 -7 
7 0.2499998999999997 11.8124999 -1e-07 8.500000099999999 11.8125001 1e-07 0 2 8 -7 
8 8.499999900000001 -1.000000002804313e-07 -1e-07 8.500000099999999 11.8125001 1e-07 0 2 9 -8 
9 0.2499998999999997 -1e-07 -1e-07 8.500000099999999 1e-07 1e-07 0 2 1 -9 
10 5.4999999 0.9062499000000001 -1e-07 6.5000001 0.9062500999999999 1e-07 0 2 10 -11 
11 6.4999999 0.9062499000000001 -1e-07 6.5000001 1.4562501 1e-07 0 2 11 -12 
12 5.4999999 1.4562499 -1e-07 6.5000001 1.4562501 1e-07 0 2 12 -13 
13 5.4999999 0.9062499000000001 -1e-07 5.5000001 1.4562501 1e-07 0 2 13 -10 
14 5.4999999 1.633172976923077 -1e-07 6.5000001 1.633173176923077 1e-07 0 2 14 -15 
15 6.4999999 1.633172976923077 -1e-07 6.5000001 2.183173176923077 1e-07 0 2 15 -16 
16 5.4999999 2.183172976923077 -1e-07 6.5000001 2.183173176923077 1e-07 0 2 16 -17 
17 5.4999999 1.633172976923077 -1e-07 5.5000001 2.183173176923077 1e-07 0 2 17 -14 
18 5.4999999 2.360096053846154 -1e-07 6.5000001 2.360096253846153 1e-07 0 2 18 -19 
19 6.4999999 2.360096053846154 -1e-07 6.5000001 2.910096253846154 1e-07 0 2 19 -20 
20 5.4999999 2.910096053846154 -1e-07 6.5000001 2.910096253846154 1e-07 0 2 20 -21 
21 5.4999999 2.360096053846154 -1e-07 5.5000001 2.910096253846154 1e-07 0 2 21 -18 
22 5.4999999 3.087019130769231 -1e-07 6.5000001 3.08701933076923 1e-07 0 2 22 -23 
23 6.4999999 3.087019130769231 -1e-07 6.5000001 3.637019330769231 1e-07 0 2 23 -24 
24 5.4999999 3.637019130769231 -1e-07 6.5000001 3.637019330769231 1e-07 0 2 24 -25 
25 5.4999999 3.087019130769231 -1e-07 5.5000001 3.637019330769231 1e-07 0 2 25 -22 
26 5.4999999 3.813942207692308 -1e-07 6.5000001 3.813942407692307 1e-07 0 2 26 -27 
27 6.4999999 3.813942207692308 -1e-07 6.5000001 4.363942407692308 1e-07 0 2 27 -28 
28 5.4999999 4.363942207692308 -1e-07 6.5000001 4.363942407692308 1e-07 0 2 28 -29 
29 5.4999999 3.813942207692308 -1e-07 5.5000001 4.363942407692308 1e-07 0 2 29 -26 
30 5.4999999 4.540865284615385 -1e-07 6.5000001 4.540865484615385 1e-07 0 2 30 -31 
31 6.4999999 4.540865284615385 -1e-07 6.5000001 5.090865484615385 1e-07 0 2 31 -32 
32 5.4999999 5.090865284615385 -1e-07 6.5000001 5.090865484615385 1e-07 0 2 32 -33 
33 5.4999999 4.540865284615385 -1e-07 5.5000001 5.090865484615385 1e-07 0 2 33 -30 
34 5.4999999 5.267788361538462 -1e-07 6.5000001 5.267788561538462 1e-07 0 2 34 -35 
35 6.4999999 5.267788361538462 -1e-07 6.5000001 5.817788561538462 1e-07 0 2 35 -36 
36 5.4999999 5.817788361538462 -1e-07 6.5000001 5.817788561538462 1e-07 0 2 36 -37 
37 5.4999999 5.267788361538462 -1e-07 5.5000001 5.817788561538462 1e-07 0 2 37 -34 
38 5.4999999 5.994711438461539 -1e-07 6.5000001 5.994711638461539 1e-07 0 2 38 -39 
39 6.4999999 5.994711438461539 -1e-07 6.5000001 6.544711638461539 1e-07 0 2 39 -40 
40 5.4999999 6.544711438461539 -1e-07 6.5000001 6.544711638461539 1e-07 0 2 40 -41 
41 5.4999999 5.994711438461539 -1e-07 5.5000001 6.544711638461539 1e-07 0 2 41 -38 
42 5.4999999 6.721634515384616 -1e-07 6.5000001 6.721634715384616 1e-07 0 2 42 -43 
43 6.4999999 6.721634515384616 -1e-07 6.5000001 7.271634715384616 1e-07 0 2 43 -44 
44 5.4999999 7.271634515384616 -1e-07 6.5000001 7.271634715384616 1e-07 0 2 44 -45 
45 5.4999999 6.721634515384616 -1e-07 5.5000001 7.271634715384616 1e-07 0 2 45 -42 
46 5.4999999 7.448557592307693 -1e-07 6.5000001 7.448557792307693 1e-07 0 2 46 -47 
47 6.4999999 7.448557592307693 -1e-07 6.5000001 7.998557792307693 1e-07 0 2 47 -48 
48 5.4999999 7.998557592307693 -1e-07 6.5000001 7.998557792307693 1e-07 0 2 48 -49 
49 5.4999999 7.448557592307693 -1e-07 5.5000001 7.998557792307693 1e-07 0 2 49 -46 
50 5.4999999 8.175480669230771 -1e-07 6.5000001 8.175480869230769 1e-07 0 2 50 -51 
51 6.4999999 8.175480669230771 -1e-07 6.5000001 8.72548086923077 1e-07 0 2 51 -52 
52 5.4999999 8.725480669230771 -1e-07 6.5000001 8.72548086923077 1e-07 0 2 52 -53 
53 5.4999999 8.175480669230771 -1e-07 5.5000001 8.72548086923077 1e-07 0 2 53 -50 
54 5.4999999 8.902403746153848 -1e-07 6.5000001 8.902403946153846 1e-07 0 2 54 -55 
55 6.4999999 8.902403746153848 -1e-07 6.5000001 9.452403946153847 1e-07 0 2 55 -56 
56 5.4999999 9.452403746153848 -1e-07 6.5000001 9.452403946153847 1e-07 0 2 56 -57 
57 5.4999999 8.902403746153848 -1e-07 5.5000001 9.452403946153847 1e-07 0 2 57 -54 
58 5.4999999 9.629326823076925 -1e-07 6.5000001 9.629327023076923 1e-07 0 2 58 -59 
59 6.4999999 9.629326823076925 -1e-07 6.5000001 10.17932702307692 1e-07 0 2 59 -60 
60 5.4999999 10.17932682307693 -1e-07 6.5000001 10.17932702307692 1e-07 0 2 60 -61 
61 5.4999999 9.629326823076925 -1e-07 5.5000001 10.17932702307692 1e-07 0 2 61 -58 
62 5.4999999 10.3562499 -1e-07 6.5000001 10.3562501 1e-07 0 2 62 -63 
63 6.4999999 10.3562499 -1e-07 6.5000001 10.9062501 1e-07 0 2 63 -64 
64 5.4999999 10.9062499 -1e-07 6.5000001 10.9062501 1e-07 0 2 64 -65 
65 5.4999999 10.3562499 -1e-07 5.5000001 10.9062501 1e-07 0 2 65 -62 
66 0.2499998999999991 2.749999899999999 -1.000000008881784e-07 0.2500001000000009 3.000000100000001 1.000000008881784e-07 0 2 66 -67 
67 0.2499998999999999 2.9999999 -1e-07 1.9032001 3.0000001 1e-07 0 2 67 -68 
68 1.9031999 2.9999999 -1e-07 1.9032001 8.437500099999999 1e-07 0 2 68 -69 
69 1.9031999 8.437499900000001 -1e-07 1.9032001 8.875000099999999 1e-07 0 2 69 -70 
70 0.2499998999999999 8.874999900000001 -1e-07 1.9032001 8.875000099999999 1e-07 0 2 70 -71 
71 0.2499999 8.874999900000001 -1e-07 0.2500001 9.062500099999999 1e-07 0 2 71 -72 
72 0.2499998999999999 9.062499900000001 -1e-07 2.2500001 9.062500099999999 1e-07 0 2 73 -72 
73 2.2499999 2.7499999 -1e-07 2.2500001 9.062500099999999 1e-07 0 2 74 -73 
74 0.2499998999999997 2.7499999 -1.000000003330669e-07 2.2500001 2.7500001 1.000000003330669e-07 0 2 66 -74 
75 2.2499999 2.7499999 -1e-07 5.2500001 2.7500001 1e-07 0 2 74 -4 
76 0.2499999 9.062499900000001 -1e-07 0.2500001 10.9062501 1e-07 0 2 72 -6 
77 0.2499999 8.437499900000001 -1e-07 0.2500001 8.875000099999999 1e-07 0 2 75 -71 
78 0.2499998999999999 8.437499900000001 -1e-07 1.9032001 8.437500099999999 1e-07 0 2 69 -75 
79 -1e-07 -1.000000002804313e-07 -1e-07 1e-07 11.8125001 1e-07 0 2 76 -77 
80 -1.000000000028756e-07 11.8124999 -1e-07 0.2220000999999995 11.8125001 1e-07 0 2 78 -76 
81 0.2219999 -1.000000002804313e-07 -1e-07 0.2220001 11.8125001 1e-07 0 2 79 -78 
82 -1.000000000028756e-07 -1e-07 -1e-07 0.2220001 1e-07 1e-07 0 2 77 -79 
83 0.2219998999999995 11.8124999 -1e-07 0.2500001 11.8125001 1e-07 0 2 7 -78 
84 0.2499999 2.9999999 -1e-07 0.2500001 8.437500099999999 1e-07 0 2 67 -75 
85 0.2499999 0.9062499000000001 -1e-07 0.2500001 2.7500001 1e-07 0 2 2 -66 
86 0.2219999 -1e-07 -1e-07 0.2500001 1e-07 1e-07 0 2 79 -1 
1 -1.000000000028756e-07 -1.000000002804313e-07 -1e-07 0.2220001 11.8125001 1e-07 0 4 79 82 81 80 
2 0.2219998999999986 -1.000000011686097e-07 -1.000000008881784e-07 0.2500001000000009 11.8125001 1.000000008881784e-07 1 1 11 -81 86 1 85 66 84 77 71 76 6 83 
4 0.2499998999999997 0.9062498999999997 -1.000000003330669e-07 5.2500001 2.7500001 1.000000003330669e-07 1 3 5 -85 2 3 -75 -74 
7 0.2499998999999999 2.9999999 -1e-07 1.9032001 8.437500099999999 1e-07 1 5 4 -84 67 68 78 
101 5.4999999 0.9062499000000001 -1e-07 6.5000001 1.4562501 1e-07 1 7 4 10 11 12 13 
102 5.4999999 1.633172976923077 -1e-07 6.5000001 2.183173176923077 1e-07 1 7 4 14 15 16 17 
103 5.4999999 2.360096053846154 -1e-07 6.5000001 2.910096253846154 1e-07 1 7 4 18 19 20 21 
104 5.4999999 3.087019130769231 -1e-07 6.5000001 3.637019330769231 1e-07 1 7 4 22 23 24 25 
105 5.4999999 3.813942207692308 -1e-07 6.5000001 4.363942407692308 1e-07 1 7 4 26 27 28 29 
106 5.4999999 4.540865284615385 -1e-07 6.5000001 5.090865484615385 1e-07 1 7 4 30 31 32 33 
107 5.4999999 5.267788361538462 -1e-07 6.5000001 5.817788561538462 1e-07 1 7 4 34 35 36 37 
108 5.4999999 5.994711438461539 -1e-07 6.5000001 6.544711638461539 1e-07 1 7 4 38 39 40 41 
109 5.4999999 6.721634515384616 -1e-07 6.5000001 7.271634715384616 1e-07 1 7 4 42 43 44 45 
110 5.4999999 7.448557592307693 -1e-07 6.5000001 7.998557792307693 1e-07 1 7 4 46 47 48 49 
111 5.4999999 8.175480669230771 -1e-07 6.5000001 8.72548086923077 1e-07 1 7 4 50 51 52 53 
112 5.4999999 8.902403746153848 -1e-07 6.5000001 9.452403946153847 1e-07 1 7 4 54 55 56 57 
113 5.4999999 9.629326823076925 -1e-07 6.5000001 10.17932702307692 1e-07 1 7 4 58 59 60 61 
114 5.4999999 10.3562499 -1e-07 6.5000001 10.9062501 1e-07 1 7 4 62 63 64 65 
115 0.2499998999999997 -1.000000002804313e-07 -1e-07 8.500000099999999 11.8125001 1e-07 1 6 65 -1 9 8 7 -6 -5 -4 -3 -2 -10 -13 -12 -11 -14 -17 -16 -15 -18 -21 -20 -19 -22 -25 -24 -23 -26 -29 -28 -27 -30 -33 -32 -31 -34 -37 -36 -35 -38 -41 -40 -39 -42 -45 -44 -43 -46 -49 -48 -47 -50 -53 -52 -51 -54 -57 -56 -55 -58 -61 -60 -59 -62 -65 -64 -63 
116 0.2499998999999991 2.749999899999999 -1.000000008881784e-07 2.250000100000001 9.062500100000001 1.000000008881784e-07 1 4 9 -66 74 73 72 -71 -70 -69 -68 -67 
117 0.2499999000000002 2.749999900000001 -1e-07 5.2500001 10.9062501 1e-07 1 2 6 5 -76 -72 -73 75 4 
118 0.2499998999999999 8.437499900000001 -1e-07 1.9032001 8.875000099999999 1e-07 1 6 4 -77 -78 69 70 
$EndEntities
$Nodes
178 3433 1 3433
0 1 0 1
1
0.25 0 0
0 2 0 1
2
0.25 0.90625 0
0 3 0 1
3
5.25 0.90625 0
0 4 0 1
4
5.25 2.75 0
0 5 0 1
5
5.25 10.90625 0
0 6 0 1
6
0.25 10.90625 0
0 7 0 1
7
0.25 11.8125 0
0 8 0 1
8
8.5 11.8125 0
0 9 0 1
9
8.5 0 0
0 10 0 1
10
5.5 0.90625 0
0 11 0 1
11
6.5 0.90625 0
0 12 0 1
12
6.5 1.45625 0
0 13 0 1
13
5.5 1.45625 0
0 14 0 1
14
5.5 1.633173076923077 0
0 15 0 1
15
6.5 1.633173076923077 0
0 16 0 1
16
6.5 2.183173076923077 0
0 17 0 1
17
5.5 2.183173076923077 0
0 18 0 1
18
5.5 2.360096153846154 0
0 19 0 1
19
6.5 2.360096153846154 0
0 20 0 1
20
6.5 2.910096153846154 0
0 21 0 1
21
5.5 2.910096153846154 0
0 22 0 1
22
5.5 3.087019230769231 0
0 23 0 1
23
6.5 3.087019230769231 0
0 24 0 1
24
6.5 3.637019230769231 0
0 25 0 1
25
5.5 3.637019230769231 0
0 26 0 1
26
5.5 3.813942307692308 0
0 27 0 1
27
6.5 3.813942307692308 0
0 28 0 1
28
6.5 4.363942307692308 0
0 29 0 1
29
5.5 4.363942307692308 0
0 30 0 1
30
5.5 4.540865384615385 0
0 31 0 1
31
6.5 4.540865384615385 0
0 32 0 1
32
6.5 5.090865384615385 0
0 33 0 1
33
5.5 5.090865384615385 0
0 34 0 1
34
5.5 5.267788461538462 0
0 35 0 1
35
6.5 5.267788461538462 0
0 36 0 1
36
6.5 5.817788461538462 0
0 37 0 1
37
5.5 5.817788461538462 0
0 38 0 1
38
5.5 5.994711538461539 0
0 39 0 1
39
6.5 5.994711538461539 0
0 40 0 1
40
6.5 6.544711538461539 0
0 41 0 1
41
5.5 6.544711538461539 0
0 42 0 1
42
5.5 6.721634615384616 0
0 43 0 1
43
6.5 6.721634615384616 0
0 44 0 1
44
6.5 7.271634615384616 0
0 45 0 1
45
5.5 7.271634615384616 0
0 46 0 1
46
5.5 7.448557692307693 0
0 47 0 1
47
6.5 7.448557692307693 0
0 48 0 1
48
6.5 7.998557692307693 0
0 49 0 1
49
5.5 7.998557692307693 0
0 50 0 1
50
5.5 8.17548076923077 0
0 51 0 1
51
6.5 8.17548076923077 0
0 52 0 1
52
6.5 8.725480769230771 0
0 53 0 1
53
5.5 8.725480769230771 0
0 54 0 1
54
5.5 8.902403846153847 0
0 55 0 1
55
6.5 8.902403846153847 0
0 56 0 1
56
6.5 9.452403846153848 0
0 57 0 1
57
5.5 9.452403846153848 0
0 58 0 1
58
5.5 9.629326923076924 0
0 59 0 1
59
6.5 9.629326923076924 0
0 60 0 1
60
6.5 10.17932692307692 0
0 61 0 1
61
5.5 10.17932692307692 0
0 62 0 1
62
5.5 10.35625 0
0 63 0 1
63
6.5 10.35625 0
0 64 0 1
64
6.5 10.90625 0
0 65 0 1
65
5.5 10.90625 0
0 66 0 1
66
0.25 2.75 0
0 67 0 1
67
0.25 3 0
0 68 0 1
68
1.9032 3 0
0 69 0 1
69
1.9032 8.4375 0
0 70 0 1
70
1.9032 8.875 0
0 71 0 1
71
0.25 8.875 0
0 72 0 1
72
0.25 9.0625 0
0 73 0 1
73
2.25 9.0625 0
0 74 0 1
74
2.25 2.75 0
0 75 0 1
75
0.25 8.4375 0
0 78 0 1
76
0.222 11.8125 0
0 79 0 1
77
0.222 0 0
1 1 0 4
78
79
80
81
0.25 0.18125 0
0.25 0.3625 0
0.25 0.54375 0
0.25 0.725 0
1 2 0 24
82
83
84
85
86
87
88
89
90
91
92
93
94
95
96
97
98
99
100
101
102
103
104
105
0.45 0.90625 0
0.65 0.90625 0
0.85 0.90625 0
1.05 0.90625 0
1.25 0.90625 0
1.45 0.90625 0
1.65 0.90625 0
1.85 0.90625 0
2.05 0.90625 0
2.25 0.90625 0
2.45 0.90625 0
2.65 0.90625 0
2.85 0.90625 0
3.05 0.90625 0
3.25 0.90625 0
3.45 0.90625 0
3.65 0.90625 0
3.85 0.90625 0
4.05 0.90625 0
4.25 0.90625 0
4.45 0.90625 0
4.65 0.90625 0
4.85 0.90625 0
5.05 0.90625 0
1 3 0 9
106
107
108
109
110
111
112
113
114
5.25 1.090625 0
5.25 1.275 0
5.25 1.459375 0
5.25 1.64375 0
5.25 1.828125 0
5.25 2.0125 0
5.25 2.196875 0
5.25 2.38125 0
5.25 2.565625 0
1 4 0 40
115
116
117
118
119
120
121
122
123
124
125
126
127
128
129
130
131
132
133
134
135
136
137
138
139
140
141
142
143
144
145
146
147
148
149
150
151
152
153
154
5.25 2.948932926829268 0
5.25 3.147865853658537 0
5.25 3.346798780487805 0
5.25 3.545731707317073 0
5.25 3.744664634146341 0
5.25 3.94359756097561 0
5.25 4.142530487804878 0
5.25 4.341463414634147 0
5.25 4.540396341463414 0
5.25 4.739329268292683 0
5.25 4.938262195121951 0
5.25 5.137195121951219 0
5.25 5.336128048780488 0
5.25 5.535060975609756 0
5.25 5.733993902439025 0
5.25 5.932926829268292 0
5.25 6.131859756097561 0
5.25 6.330792682926829 0
5.25 6.529725609756097 0
5.25 6.728658536585366 0
5.25 6.927591463414634 0
5.25 7.126524390243903 0
5.25 7.32545731707317 0
5.25 7.524390243902439 0
5.25 7.723323170731708 0
5.25 7.922256097560975 0
5.25 8.121189024390244 0
5.25 8.320121951219512 0
5.25 8.519054878048781 0
5.25 8.717987804878049 0
5.25 8.916920731707316 0
5.25 9.115853658536585 0
5.25 9.314786585365853 0
5.25 9.513719512195122 0
5.25 9.71265243902439 0
5.25 9.911585365853657 0
5.25 10.11051829268293 0
5.25 10.30945121951219 0
5.25 10.50838414634146 0
5.25 10.70731707317073 0
1 5 0 24
155
156
157
158
159
160
161
162
163
164
165
166
167
168
169
170
171
172
173
174
175
176
177
178
5.05 10.90625 0
4.85 10.90625 0
4.65 10.90625 0
4.45 10.90625 0
4.25 10.90625 0
4.05 10.90625 0
3.85 10.90625 0
3.65 10.90625 0
3.45 10.90625 0
3.25 10.90625 0
3.05 10.90625 0
2.85 10.90625 0
2.65 10.90625 0
2.45 10.90625 0
2.25 10.90625 0
2.05 10.90625 0
1.85 10.90625 0
1.65 10.90625 0
1.45 10.90625 0
1.25 10.90625 0
1.05 10.90625 0
0.8499999999999996 10.90625 0
0.6500000000000004 10.90625 0
0.4500000000000002 10.90625 0
1 6 0 4
179
180
181
182
0.25 11.0875 0
0.25 11.26875 0
0.25 11.45 0
0.25 11.63125 0
1 7 0 41
183
184
185
186
187
188
189
190
191
192
193
194
195
196
197
198
199
200
201
202
203
204
205
206
207
208
209
210
211
212
213
214
215
216
217
218
219
220
221
222
223
8.303571428571429 11.8125 0
8.107142857142858 11.8125 0
7.910714285714286 11.8125 0
7.714285714285714 11.8125 0
7.517857142857143 11.8125 0
7.321428571428571 11.8125 0
7.125 11.8125 0
6.928571428571429 11.8125 0
6.732142857142858 11.8125 0
6.535714285714286 11.8125 0
6.339285714285714 11.8125 0
6.142857142857143 11.8125 0
5.946428571428571 11.8125 0
5.75 11.8125 0
5.553571428571429 11.8125 0
5.357142857142858 11.8125 0
5.160714285714286 11.8125 0
4.964285714285714 11.8125 0
4.767857142857143 11.8125 0
4.571428571428571 11.8125 0
4.375 11.8125 0
4.178571428571429 11.8125 0
3.982142857142858 11.8125 0
3.785714285714286 11.8125 0
3.589285714285714 11.8125 0
3.392857142857143 11.8125 0
3.196428571428571 11.8125 0
3 11.8125 0
2.803571428571429 11.8125 0
2.607142857142858 11.8125 0
2.410714285714286 11.8125 0
2.214285714285714 11.8125 0
2.017857142857143 11.8125 0
1.821428571428572 11.8125 0
1.625 11.8125 0
1.428571428571429 11.8125 0
1.232142857142857 11.8125 0
1.035714285714286 11.8125 0
0.8392857142857153 11.8125 0
0.6428571428571432 11.8125 0
0.446428571428573 11.8125 0
1 8 0 59
224
225
226
227
228
229
230
231
232
233
234
235
236
237
238
239
240
241
242
243
244
245
246
247
248
249
250
251
252
253
254
255
256
257
258
259
260
261
262
263
264
265
266
267
268
269
270
271
272
273
274
275
276
277
278
279
280
281
282
8.5 0.196875 0
8.5 0.39375 0
8.5 0.590625 0
8.5 0.7875 0
8.5 0.984375 0
8.5 1.18125 0
8.5 1.378125 0
8.5 1.575 0
8.5 1.771875 0
8.5 1.96875 0
8.5 2.165625 0
8.5 2.3625 0
8.5 2.559375 0
8.5 2.75625 0
8.5 2.953125 0
8.5 3.15 0
8.5 3.346875 0
8.5 3.54375 0
8.5 3.740625 0
8.5 3.9375 0
8.5 4.134375 0
8.5 4.33125 0
8.5 4.528125 0
8.5 4.725 0
8.5 4.921875 0
8.5 5.11875 0
8.5 5.315625 0
8.5 5.5125 0
8.5 5.709375 0
8.5 5.90625 0
8.5 6.103125 0
8.5 6.3 0
8.5 6.496875 0
8.5 6.69375 0
8.5 6.890625 0
8.5 7.0875 0
8.5 7.284375 0
8.5 7.48125 0
8.5 7.678125 0
8.5 7.875 0
8.5 8.071875 0
8.5 8.268750000000001 0
8.5 8.465624999999999 0
8.5 8.6625 0
8.5 8.859375 0
8.5 9.05625 0
8.5 9.253125000000001 0
8.5 9.449999999999999 0
8.5 9.646875 0
8.5 9.84375 0
8.5 10.040625 0
8.5 10.2375 0
8.5 10.434375 0
8.5 10.63125 0
8.5 10.828125 0
8.5 11.025 0
8.5 11.221875 0
8.5 11.41875 0
8.5 11.615625 0
1 9 0 41
283
284
285
286
287
288
289
290
291
292
293
294
295
296
297
298
299
300
301
302
303
304
305
306
307
308
309
310
311
312
313
314
315
316
317
318
319
320
321
322
323
0.4464285714285714 0 0
0.6428571428571428 0 0
0.8392857142857142 0 0
1.035714285714286 0 0
1.232142857142857 0 0
1.428571428571428 0 0
1.625 0 0
1.821428571428571 0 0
2.017857142857143 0 0
2.214285714285714 0 0
2.410714285714286 0 0
2.607142857142857 0 0
2.803571428571428 0 0
3 0 0
3.196428571428571 0 0
3.392857142857143 0 0
3.589285714285714 0 0
3.785714285714286 0 0
3.982142857142857 0 0
4.178571428571429 0 0
4.375 0 0
4.571428571428571 0 0
4.767857142857142 0 0
4.964285714285714 0 0
5.160714285714286 0 0
5.357142857142857 0 0
5.553571428571429 0 0
5.75 0 0
5.946428571428571 0 0
6.142857142857142 0 0
6.339285714285714 0 0
6.535714285714286 0 0
6.732142857142857 0 0
6.928571428571428 0 0
7.125 0 0
7.321428571428571 0 0
7.517857142857143 0 0
7.714285714285714 0 0
7.910714285714285 0 0
8.107142857142858 0 0
8.303571428571427 0 0
1 10 0 4
324
325
326
327
5.7 0.90625 0
5.9 0.90625 0
6.1 0.90625 0
6.3 0.90625 0
1 11 0 2
328
329
6.5 1.089583333333334 0
6.5 1.272916666666667 0
1 12 0 4
330
331
332
333
6.3 1.45625 0
6.1 1.45625 0
5.9 1.45625 0
5.7 1.45625 0
1 13 0 2
334
335
5.5 1.272916666666666 0
5.5 1.089583333333333 0
1 14 0 4
336
337
338
339
5.7 1.633173076923077 0
5.9 1.633173076923077 0
6.1 1.633173076923077 0
6.3 1.633173076923077 0
1 15 0 2
340
341
6.5 1.816506410256411 0
6.5 1.999839743589744 0
1 16 0 4
342
343
344
345
6.3 2.183173076923077 0
6.1 2.183173076923077 0
5.9 2.183173076923077 0
5.7 2.183173076923077 0
1 17 0 2
346
347
5.5 1.999839743589743 0
5.5 1.81650641025641 0
1 18 0 4
348
349
350
351
5.7 2.360096153846154 0
5.9 2.360096153846154 0
6.1 2.360096153846154 0
6.3 2.360096153846154 0
1 19 0 2
352
353
6.5 2.543429487179487 0
6.5 2.72676282051282 0
1 20 0 4
354
355
356
357
6.3 2.910096153846154 0
6.1 2.910096153846154 0
5.9 2.910096153846154 0
5.7 2.910096153846154 0
1 21 0 2
358
359
5.5 2.72676282051282 0
5.5 2.543429487179487 0
1 22 0 4
360
361
362
363
5.7 3.087019230769231 0
5.9 3.087019230769231 0
6.1 3.087019230769231 0
6.3 3.087019230769231 0
1 23 0 2
364
365
6.5 3.270352564102564 0
6.5 3.453685897435897 0
1 24 0 4
366
367
368
369
6.3 3.637019230769231 0
6.1 3.637019230769231 0
5.9 3.637019230769231 0
5.7 3.637019230769231 0
1 25 0 2
370
371
5.5 3.453685897435897 0
5.5 3.270352564102564 0
1 26 0 4
372
373
374
375
5.7 3.813942307692308 0
5.9 3.813942307692308 0
6.1 3.813942307692308 0
6.3 3.813942307692308 0
1 27 0 2
376
377
6.5 3.997275641025641 0
6.5 4.180608974358974 0
1 28 0 4
378
379
380
381
6.3 4.363942307692308 0
6.1 4.363942307692308 0
5.9 4.363942307692308 0
5.7 4.363942307692308 0
1 29 0 2
382
383
5.5 4.180608974358974 0
5.5 3.997275641025641 0
1 30 0 4
384
385
386
387
5.7 4.540865384615385 0
5.9 4.540865384615385 0
6.1 4.540865384615385 0
6.3 4.540865384615385 0
1 31 0 2
388
389
6.5 4.724198717948719 0
6.5 4.907532051282051 0
1 32 0 4
390
391
392
393
6.3 5.090865384615385 0
6.1 5.090865384615385 0
5.9 5.090865384615385 0
5.7 5.090865384615385 0
1 33 0 2
394
395
5.5 4.907532051282051 0
5.5 4.724198717948719 0
1 34 0 4
396
397
398
399
5.7 5.267788461538462 0
5.9 5.267788461538462 0
6.1 5.267788461538462 0
6.3 5.267788461538462 0
1 35 0 2
400
401
6.5 5.451121794871796 0
6.5 5.634455128205128 0
1 36 0 4
402
403
404
405
6.3 5.817788461538462 0
6.1 5.817788461538462 0
5.9 5.817788461538462 0
5.7 5.817788461538462 0
1 37 0 2
406
407
5.5 5.634455128205128 0
5.5 5.451121794871796 0
1 38 0 4
408
409
410
411
5.7 5.994711538461539 0
5.9 5.994711538461539 0
6.1 5.994711538461539 0
6.3 5.994711538461539 0
1 39 0 2
412
413
6.5 6.178044871794873 0
6.5 6.361378205128205 0
1 40 0 4
414
415
416
417
6.3 6.544711538461539 0
6.1 6.544711538461539 0
5.9 6.544711538461539 0
5.7 6.544711538461539 0
1 41 0 2
418
419
5.5 6.361378205128205 0
5.5 6.178044871794873 0
1 42 0 4
420
421
422
423
5.7 6.721634615384616 0
5.9 6.721634615384616 0
6.1 6.721634615384616 0
6.3 6.721634615384616 0
1 43 0 2
424
425
6.5 6.90496794871795 0
6.5 7.088301282051282 0
1 44 0 4
426
427
428
429
6.3 7.271634615384616 0
6.1 7.271634615384616 0
5.9 7.271634615384616 0
5.7 7.271634615384616 0
1 45 0 2
430
431
5.5 7.088301282051282 0
5.5 6.90496794871795 0
1 46 0 4
432
433
434
435
5.7 7.448557692307693 0
5.9 7.448557692307693 0
6.1 7.448557692307693 0
6.3 7.448557692307693 0
1 47 0 2
436
437
6.5 7.631891025641027 0
6.5 7.815224358974359 0
1 48 0 4
438
439
440
441
6.3 7.998557692307693 0
6.1 7.998557692307693 0
5.9 7.998557692307693 0
5.7 7.998557692307693 0
1 49 0 2
442
443
5.5 7.815224358974359 0
5.5 7.631891025641027 0
1 50 0 4
444
445
446
447
5.7 8.17548076923077 0
5.9 8.17548076923077 0
6.1 8.17548076923077 0
6.3 8.17548076923077 0
1 51 0 2
448
449
6.5 8.358814102564104 0
6.5 8.542147435897437 0
1 52 0 4
450
451
452
453
6.3 8.725480769230771 0
6.1 8.725480769230771 0
5.9 8.725480769230771 0
5.7 8.725480769230771 0
1 53 0 2
454
455
5.5 8.542147435897437 0
5.5 8.358814102564104 0
1 54 0 4
456
457
458
459
5.7 8.902403846153847 0
5.9 8.902403846153847 0
6.1 8.902403846153847 0
6.3 8.902403846153847 0
1 55 0 2
460
461
6.5 9.085737179487181 0
6.5 9.269070512820514 0
1 56 0 4
462
463
464
465
6.3 9.452403846153848 0
6.1 9.452403846153848 0
5.9 9.452403846153848 0
5.7 9.452403846153848 0
1 57 0 2
466
467
5.5 9.269070512820514 0
5.5 9.085737179487181 0
1 58 0 4
468
469
470
471
5.7 9.629326923076924 0
5.9 9.629326923076924 0
6.1 9.629326923076924 0
6.3 9.629326923076924 0
1 59 0 2
472
473
6.5 9.812660256410258 0
6.5 9.995993589743591 0
1 60 0 4
474
475
476
477
6.3 10.17932692307692 0
6.1 10.17932692307692 0
5.9 10.17932692307692 0
5.7 10.17932692307692 0
1 61 0 2
478
479
5.5 9.995993589743591 0
5.5 9.812660256410258 0
1 62 0 4
480
481
482
483
5.7 10.35625 0
5.9 10.35625 0
6.1 10.35625 0
6.3 10.35625 0
1 63 0 2
484
485
6.5 10.53958333333333 0
6.5 10.72291666666667 0
1 64 0 4
486
487
488
489
6.3 10.90625 0
6.1 10.90625 0
5.9 10.90625 0
5.7 10.90625 0
1 65 0 2
490
491
5.5 10.72291666666667 0
5.5 10.53958333333333 0
1 66 0 1
492
0.25 2.875 0
1 67 0 8
493
494
495
496
497
498
499
500
0.4336888888888885 3 0
0.617377777777777 3 0
0.801066666666666 3 0
0.9847555555555551 3 0
1.168444444444444 3 0
1.352133333333333 3 0
1.535822222222222 3 0
1.719511111111111 3 0
1 68 0 27
501
502
503
504
505
506
507
508
509
510
511
512
513
514
515
516
517
518
519
520
521
522
523
524
525
526
527
1.9032 3.194196428571428 0
1.9032 3.388392857142857 0
1.9032 3.582589285714286 0
1.9032 3.776785714285714 0
1.9032 3.970982142857143 0
1.9032 4.165178571428571 0
1.9032 4.359375 0
1.9032 4.553571428571429 0
1.9032 4.747767857142858 0
1.9032 4.941964285714286 0
1.9032 5.136160714285714 0
1.9032 5.330357142857143 0
1.9032 5.524553571428571 0
1.9032 5.71875 0
1.9032 5.912946428571429 0
1.9032 6.107142857142858 0
1.9032 6.301339285714286 0
1.9032 6.495535714285714 0
1.9032 6.689732142857143 0
1.9032 6.883928571428571 0
1.9032 7.078125 0
1.9032 7.272321428571429 0
1.9032 7.466517857142858 0
1.9032 7.660714285714286 0
1.9032 7.854910714285714 0
1.9032 8.049107142857142 0
1.9032 8.243303571428571 0
1 69 0 2
528
529
1.9032 8.583333333333332 0
1.9032 8.729166666666668 0
1 70 0 8
530
531
532
533
534
535
536
537
1.719511111111111 8.875 0
1.535822222222223 8.875 0
1.352133333333334 8.875 0
1.168444444444445 8.875 0
0.9847555555555557 8.875 0
0.801066666666667 8.875 0
0.6173777777777778 8.875 0
0.4336888888888886 8.875 0
1 72 0 9
538
539
540
541
542
543
544
545
546
2.05 9.0625 0
1.85 9.0625 0
1.65 9.0625 0
1.45 9.0625 0
1.25 9.0625 0
1.05 9.0625 0
0.8500000000000001 9.0625 0
0.6499999999999999 9.0625 0
0.45 9.0625 0
1 73 0 31
547
548
549
550
551
552
553
554
555
556
557
558
559
560
561
562
563
564
565
566
567
568
569
570
571
572
573
574
575
576
577
2.25 2.947265625 0
2.25 3.14453125 0
2.25 3.341796875 0
2.25 3.5390625 0
2.25 3.736328125 0
2.25 3.93359375 0
2.25 4.130859375 0
2.25 4.328125 0
2.25 4.525390625 0
2.25 4.72265625 0
2.25 4.919921875 0
2.25 5.1171875 0
2.25 5.314453125 0
2.25 5.51171875 0
2.25 5.708984375 0
2.25 5.90625 0
2.25 6.103515625 0
2.25 6.30078125 0
2.25 6.498046875 0
2.25 6.6953125 0
2.25 6.892578125 0
2.25 7.08984375 0
2.25 7.287109375 0
2.25 7.484375 0
2.25 7.681640625 0
2.25 7.87890625 0
2.25 8.076171875 0
2.25 8.2734375 0
2.25 8.470703125 0
2.25 8.66796875 0
2.25 8.865234375 0
1 74 0 9
578
579
580
581
582
583
584
585
586
0.45 2.75 0
0.65 2.75 0
0.85 2.75 0
1.05 2.75 0
1.25 2.75 0
1.45 2.75 0
1.65 2.75 0
1.85 2.75 0
2.05 2.75 0
1 75 0 14
587
588
589
590
591
592
593
594
595
596
597
598
599
600
2.45 2.75 0
2.65 2.75 0
2.85 2.75 0
3.05 2.75 0
3.25 2.75 0
3.45 2.75 0
3.65 2.75 0
3.85 2.75 0
4.05 2.75 0
4.25 2.75 0
4.45 2.75 0
4.65 2.75 0
4.85 2.75 0
5.05 2.75 0
1 76 0 9
601
602
603
604
605
606
607
608
609
0.25 9.246874999999999 0
0.25 9.43125 0
0.25 9.615625 0
0.25 9.800000000000001 0
0.25 9.984375 0
0.25 10.16875 0
0.25 10.353125 0
0.25 10.5375 0
0.25 10.721875 0
1 77 0 2
610
611
0.25 8.583333333333334 0
0.25 8.729166666666666 0
1 78 0 8
612
613
614
615
616
617
618
619
1.719511111111111 8.4375 0
1.535822222222223 8.4375 0
1.352133333333334 8.4375 0
1.168444444444445 8.4375 0
0.9847555555555557 8.4375 0
0.801066666666667 8.4375 0
0.6173777777777778 8.4375 0
0.4336888888888886 8.4375 0
1 81 0 59
620
621
622
623
624
625
626
627
628
629
630
631
632
633
634
635
636
637
638
639
640
641
642
643
644
645
646
647
648
649
650
651
652
653
654
655
656
657
658
659
660
661
662
663
664
665
666
667
668
669
670
671
672
673
674
675
676
677
678
0.222 0.196875 0
0.222 0.39375 0
0.222 0.590625 0
0.222 0.7875 0
0.222 0.984375 0
0.222 1.18125 0
0.222 1.378125 0
0.222 1.575 0
0.222 1.771875 0
0.222 1.96875 0
0.222 2.165625 0
0.222 2.3625 0
0.222 2.559375 0
0.222 2.75625 0
0.222 2.953125 0
0.222 3.15 0
0.222 3.346875 0
0.222 3.54375 0
0.222 3.740625 0
0.222 3.9375 0
0.222 4.134375 0
0.222 4.33125 0
0.222 4.528125 0
0.222 4.725 0
0.222 4.921875 0
0.222 5.11875 0
0.222 5.315625 0
0.222 5.5125 0
0.222 5.709375 0
0.222 5.90625 0
0.222 6.103125 0
0.222 6.3 0
0.222 6.496875 0
0.222 6.69375 0
0.222 6.890625 0
0.222 7.0875 0
0.222 7.284375 0
0.222 7.48125 0
0.222 7.678125 0
0.222 7.875 0
0.222 8.071875 0
0.222 8.268750000000001 0
0.222 8.465624999999999 0
0.222 8.6625 0
0.222 8.859375 0
0.222 9.05625 0
0.222 9.253125000000001 0
0.222 9.449999999999999 0
0.222 9.646875 0
0.222 9.84375 0
0.222 10.040625 0
0.222 10.2375 0
0.222 10.434375 0
0.222 10.63125 0
0.222 10.828125 0
0.222 11.025 0
0.222 11.221875 0
0.222 11.41875 0
0.222 11.615625 0
1 84 0 27
679
680
681
682
683
684
685
686
687
688
689
690
691
692
693
694
695
696
697
698
699
700
701
702
703
704
705
0.25 3.194196428571428 0
0.25 3.388392857142857 0
0.25 3.582589285714286 0
0.25 3.776785714285714 0
0.25 3.970982142857143 0
0.25 4.165178571428571 0
0.25 4.359375 0
0.25 4.553571428571429 0
0.25 4.747767857142858 0
0.25 4.941964285714286 0
0.25 5.136160714285714 0
0.25 5.330357142857143 0
0.25 5.524553571428571 0
0.25 5.71875 0
0.25 5.912946428571429 0
0.25 6.107142857142858 0
0.25 6.301339285714286 0
0.25 6.495535714285714 0
0.25 6.689732142857143 0
0.25 6.883928571428571 0
0.25 7.078125 0
0.25 7.272321428571429 0
0.25 7.466517857142858 0
0.25 7.660714285714286 0
0.25 7.854910714285714 0
0.25 8.049107142857142 0
0.25 8.243303571428571 0
1 85 0 9
706
707
708
709
710
711
712
713
714
0.25 1.090625 0
0.25 1.275 0
0.25 1.459375 0
0.25 1.64375 0
0.25 1.828125 0
0.25 2.0125 0
0.25 2.196875 0
0.25 2.38125 0
0.25 2.565625 0
2 2 0 0
2 4 0 252
715
716
717
718
719
720
721
722
723
724
725
726
727
728
729
730
731
732
733
734
735
736
737
738
739
740
741
742
743
744
745
746
747
748
749
750
751
752
753
754
755
756
757
758
759
760
761
762
763
764
765
766
767
768
769
770
771
772
773
774
775
776
777
778
779
780
781
782
783
784
785
786
787
788
789
790
791
792
793
794
795
796
797
798
799
800
801
802
803
804
805
806
807
808
809
810
811
812
813
814
815
816
817
818
819
820
821
822
823
824
825
826
827
828
829
830
831
832
833
834
835
836
837
838
839
840
841
842
843
844
845
846
847
848
849
850
851
852
853
854
855
856
857
858
859
860
861
862
863
864
865
866
867
868
869
870
871
872
873
874
875
876
877
878
879
880
881
882
883
884
885
886
887
888
889
890
891
892
893
894
895
896
897
898
899
900
901
902
903
904
905
906
907
908
909
910
911
912
913
914
915
916
917
918
919
920
921
922
923
924
925
926
927
928
929
930
931
932
933
934
935
936
937
938
939
940
941
942
943
944
945
946
947
948
949
950
951
952
953
954
955
956
957
958
959
960
961
962
963
964
965
966
2.550004477416067 2.576793707169466 0
3.550413394033178 2.574374537397536 0
1.949995734949815 1.079454384333461 0
4.151625567423748 2.5753726582575 0
1.348946713432733 1.079229737750135 0
2.949138761753531 1.078801168700767 0
0.4352976000076128 1.923527439860327 0
5.090326566177244 1.735937499999999 0
3.748743473207156 1.080224702591375 0
1.756852474492331 2.588291001658824 0
1.149502678491046 2.584297708254295 0
4.348426412944402 1.086331616117767 0
2.949945232231978 2.576764673402138 0
2.549945551997481 1.079520365240693 0
4.550632797884995 2.577255265801335 0
0.9494358039074644 1.078664795181865 0
2.150024010063559 2.576782797902582 0
3.35 1.079455080756888 0
5.09383957605941 2.114085898408269 0
0.3943939087169261 1.547079241161892 0
4.744413718353458 1.093220430444386 0
0.7499999999999991 2.576794919243112 0
5.098369533291095 1.36494364980623 0
0.4326815436129561 2.281089075682122 0
4.940516932988689 2.572950739484355 0
0.5608126325235308 1.085132596838198 0
0.7524846372925729 1.080231251669158 0
0.8500024127567314 1.250538320642444 0
1.047693621524867 1.250593023274703 0
0.9482284887081782 1.421890242867032 0
1.14536735535151 1.42223387036957 0
1.045892051615906 1.593119332209304 0
1.242967069140042 1.593345719367666 0
1.143587978457393 1.763672640723014 0
1.341252064347214 1.764944774488541 0
1.442633070262168 1.595259769664266 0
1.539426043337817 1.766047154741242 0
1.439358919227594 1.937327472636442 0
1.637890960654566 1.938592533804543 0
1.738365495710716 1.767635573638318 0
1.8370026284055 1.939961007888925 0
1.937620064343892 1.768769224132465 0
2.036433798744524 1.933736628514289 0
2.137125875139963 1.768573748060731 0
2.236033011143844 1.933472039044739 0
2.336795612461526 1.769080308971468 0
2.435767929559418 1.934043977723437 0
2.536579967588952 1.770570829295311 0
2.635597558668702 1.935155396739878 0
2.736447464453889 1.771032624850477 0
2.835489940052095 1.935949298842109 0
2.93636611925205 1.771353707032171 0
3.03542083430518 1.936884967834526 0
3.136310109074512 1.77229161638907 0
3.235329436820157 1.945989624045047 0
3.336294990959476 1.774715474208983 0
3.435333945124776 1.939555891376192 0
3.536251181658434 1.774837077017482 0
3.635228309135992 1.944737877275539 0
3.736049412504338 1.776570013832698 0
3.834939182028383 1.9401886550455 0
3.935624451743611 1.777027334082646 0
4.03431362877344 1.941497362927266 0
4.134761164995783 1.778723160673136 0
4.233050096461745 1.942254260918044 0
4.332901154711184 1.780688311201621 0
4.430274378098467 1.943797020105674 0
4.036555041900905 1.606354628187789 0
2.2415721447185 1.597765210477215 0
4.529120661341155 1.782393072786983 0
0.9470409316265744 1.763205595652062 0
1.044490394002693 1.933370059830691 0
4.433548166586273 1.613956193768803 0
4.627859888499703 1.615823811231553 0
3.637234787685297 1.603918396503806 0
3.237393720347231 1.601279623637257 0
1.537528593886631 2.11007474837956 0
2.837329835808129 1.599473785193679 0
1.841541128438552 1.597360265585328 0
3.334334969104365 2.121716694677275 0
3.939822530965345 2.111437739701838 0
1.928218058644389 2.092523400498043 0
4.625417039305739 1.944098452956474 0
2.341734056799387 2.10635938656393 0
2.741523652917498 2.1073348074695 0
4.340944471395209 2.111884589296245 0
0.8482323215929579 1.930982382446305 0
0.9453262753250469 2.096235123812419 0
4.532837934923643 1.446976195943402 0
4.338066495667297 1.441508289849812 0
0.7513928066424889 1.761000781180754 0
1.339297027930682 2.10827476465144 0
1.446655102038016 2.276086898101226 0
0.750080611981994 2.098344767330542 0
4.726216748177021 1.44886190741889 0
0.752400203601046 1.422124779190861 0
1.237238691794561 2.285697329908265 0
1.630197411415737 2.270648007787253 0
0.8393683220701393 2.257030058419683 0
4.81290500094008 1.622826236507919 0
1.535146136855904 2.4545673915143 0
0.6455285323019537 2.264499391379603 0
0.5569704890877838 2.100178210560891 0
0.5853156419316643 2.435987183071134 0
4.631412979930543 1.280115363437553 0
4.825428249529345 1.281676210769911 0
4.952242907374377 1.096670091652681 0
4.548434738178483 1.095390637272478 0
0.8497899127558632 1.591785828393707 0
0.6656365499469299 1.596764874886543 0
0.569574122259787 1.761540722165605 0
0.5488718616570516 1.442207966462152 0
0.6519246585954379 1.929262383924071 0
4.723640823982008 1.786206301925692 0
4.810584738965767 1.939899324453103 0
4.734475636176944 2.113192651211897 0
4.748430753059282 2.577153953041933 0
4.84680504838684 2.413441181805325 0
5.031529808217596 2.402723701553393 0
4.927442594784307 2.237165905702206 0
4.650114370177301 2.414449173054348 0
4.452147192427672 2.414287478929143 0
4.54442182060547 2.24168982113309 0
0.654656974567712 1.254551797352438 0
0.4681084248364193 1.260692120135309 0
0.9579357690473791 2.583411555331071 0
1.089023210163509 2.428428533784391 0
1.247152407185061 1.251103393518002 0
4.351394758655851 2.578327700366509 0
4.253137827489597 2.413237890030408 0
4.053441430386486 2.411055030847734 0
4.147361893373078 2.240194946623122 0
3.951534737258581 2.57519913805737 0
3.852073185265024 2.40679981270489 0
4.923492361560812 1.453191942242949 0
1.368291272080375 2.574754140127247 0
4.150888280438623 1.078942231806531 0
4.250001967337472 1.250870652071353 0
4.046522436996675 1.254236423488584 0
3.837013761315695 1.605007445582531 0
3.738483606639937 1.431922176705489 0
3.538636602381283 1.430516860081134 0
3.640657247573598 1.257784814565744 0
3.843701636825473 1.256247558583284 0
3.938910787646775 1.432903057968419 0
4.138239559227595 1.430992981315449 0
1.241640547960612 1.93547891298069 0
3.751349550428735 2.574821692486104 0
3.649758529974772 2.398938103497337 0
3.449899875384477 2.407406962523427 0
3.54674187705626 2.222963832070336 0
3.779891817986004 2.247247621678193 0
3.350179927272883 2.576064696598355 0
3.250760007052554 2.40372057415863 0
3.437430547927397 1.602368929064443 0
3.33869009119657 1.42899905684192 0
3.13872024499524 1.427506146970559 0
3.241895606164094 1.25426397313987 0
3.948309304577988 1.080358486078296 0
3.549104864987159 1.08001299101816 0
2.749991618274674 2.576789676257343 0
2.849988286085451 2.411532176989377 0
3.049584708030662 2.412917981825661 0
2.945642399373781 2.237266589270691 0
2.649998586012436 2.412863203183374 0
2.450011371407494 2.412863605744025 0
2.545452806217702 2.237770729303585 0
2.35001164559404 2.578339840187899 0
2.250026918415258 2.413125252798685 0
2.056642226311736 2.4100588915625 0
2.176610384857196 2.248603380505326 0
1.950048137549256 2.576732483170454 0
1.879787980983757 2.417778529274961 0
1.750041990441406 1.079467476851444 0
1.849249258523402 1.252171599396705 0
1.649175553037446 1.252055500492897 0
2.049830611637186 1.251797505401521 0
1.945689675742677 1.424323715313816 0
1.549694062916259 1.0793280764423 0
1.447917131018373 1.251714708332113 0
1.546130022512097 1.424379025552001 0
2.149941889765127 1.079326062607628 0
2.249889450572705 1.251758625196615 0
2.349940306902983 1.079306018645153 0
2.449902753640634 1.25252777660747 0
2.648944778446333 1.252182686908876 0
2.546125420610319 1.426081337081037 0
2.345819805960041 1.425152173605753 0
2.749651014646968 1.079313821244156 0
2.845832559299286 1.252070796490989 0
3.105425891595696 2.098585432462858 0
3.037278037113087 1.600544952766242 0
1.141409341020539 2.09962019256607 0
3.150078312431346 2.578244654330797 0
1.734243202507997 2.098845933740493 0
1.148624904813296 1.078616827947936 0
3.441131969647772 1.256506300540892 0
4.23554512749112 1.610576027106797 0
5.090326566177247 1.920312499999999 0
5.097091264952105 1.55015801534153 0
3.149149166951809 1.078372257050415 0
1.345361175911543 1.423006081133937 0
2.939036974284261 1.428495629989513 0
4.921550833557355 1.79582726949921 0
2.637999889332673 1.60117016594311 0
2.440815473445336 1.598303337562316 0
2.14516431304157 1.42517406149297 0
1.642258932237074 1.595631715903357 0
1.745674095081875 1.424320303707351 0
2.041452200237525 1.596994370843754 0
4.440998128656976 1.270345864368218 0
3.043962218908037 1.253251662057019 0
2.742985345061538 1.425452112247176 0
5.106760905596407 1.188953373635563 0
0.397575101115506 1.728703940774563 0
0.3863287393513772 2.103363532300477 0
0.4089289608532858 2.482653291246554 0
0.7453180762883953 2.397486566335165 0
0.5416453788523858 2.605386955717567 0
1.032698696783055 2.252985245381781 0
5.109399516078009 2.264889386145897 0
4.931721195549214 2.058416031640644 0
0.3822748390420796 1.396870865551871 0
1.247510050906028 2.458728477217741 0
4.740651894026172 2.283987746581372 0
1.559186970258241 2.608826282463058 0
1.808835023176657 2.261684794412352 0
4.535106669116366 2.070932506940676 0
2.129085997150794 2.078873277939272 0
2.352767107539407 2.28374447098311 0
2.540015200832541 2.064132859560066 0
2.746521146121373 2.281353501243306 0
4.970359128683477 1.643749999999998 0
0.4009940915981769 1.111739202025202 0
2.93270054364885 2.063204219175937 0
5.099127798741868 2.547784510274608 0
4.347602641058205 2.284258945202402 0
3.172972074948398 2.258659039817194 0
4.139098524193764 2.069453779893303 0
1.690964394903058 2.43061796520348 0
3.350941760709211 2.282893420649373 0
4.981258791470407 1.277087053621466 0
3.954518171595188 2.283347030311155 0
1.996529945187422 2.251587045698743 0
3.537225832871258 2.058664928070929 0
0.9003013405330806 2.42705770630265 0
0.3855765795750954 2.619220956054138 0
5.121800762594157 1.037749693057648 0
3.718645917081785 2.080914462111317 0
1.379960651354899 2.415108640014125 0
4.942593598251899 1.926683850600957 0
0.5190475173011451 1.620782577448141 0
2 7 0 254
967
968
969
970
971
972
973
974
975
976
977
978
979
980
981
982
983
984
985
986
987
988
989
990
991
992
993
994
995
996
997
998
999
1000
1001
1002
1003
1004
1005
1006
1007
1008
1009
1010
1011
1012
1013
1014
1015
1016
1017
1018
1019
1020
1021
1022
1023
1024
1025
1026
1027
1028
1029
1030
1031
1032
1033
1034
1035
1036
1037
1038
1039
1040
1041
1042
1043
1044
1045
1046
1047
1048
1049
1050
1051
1052
1053
1054
1055
1056
1057
1058
1059
1060
1061
1062
1063
1064
1065
1066
1067
1068
1069
1070
1071
1072
1073
1074
1075
1076
1077
1078
1079
1080
1081
1082
1083
1084
1085
1086
1087
1088
1089
1090
1091
1092
1093
1094
1095
1096
1097
1098
1099
1100
1101
1102
1103
1104
1105
1106
1107
1108
1109
1110
1111
1112
1113
1114
1115
1116
1117
1118
1119
1120
1121
1122
1123
1124
1125
1126
1127
1128
1129
1130
1131
1132
1133
1134
1135
1136
1137
1138
1139
1140
1141
1142
1143
1144
1145
1146
1147
1148
1149
1150
1151
1152
1153
1154
1155
1156
1157
1158
1159
1160
1161
1162
1163
1164
1165
1166
1167
1168
1169
1170
1171
1172
1173
1174
1175
1176
1177
1178
1179
1180
1181
1182
1183
1184
1185
1186
1187
1188
1189
1190
1191
1192
1193
1194
1195
1196
1197
1198
1199
1200
1201
1202
1203
1204
1205
1206
1207
1208
1209
1210
1211
1212
1213
1214
1215
1216
1217
1218
1219
1220
1.089878417733394 8.286652703782927 0
1.0766 3.159079244170715 0
1.73295068058799 4.851395011052773 0
1.735019383451145 5.427457840500652 0
1.735021353769171 6.398440932816879 0
0.4181798589631907 6.981069781714957 0
1.734020761097423 4.066994218803807 0
0.4181807308023213 5.815844714471756 0
1.733547092330233 7.370946139456553 0
0.4182408657865997 4.456298963406519 0
0.4182248704137512 5.039191511162237 0
0.4184109875730448 6.398512148142889 0
0.410285582376881 3.877693413820523 0
0.4165599492154644 7.564893466761178 0
1.735033038625787 6.786871229997939 0
1.735362601685359 3.679252692528466 0
1.735527377286769 7.758752325886734 0
0.4181196804244118 5.427489522024207 0
1.735019353272514 6.010048614142624 0
1.735020959532933 4.456473214285714 0
0.4154377976990808 7.953430875497316 0
0.4109135218928262 3.500178496283674 0
1.445607417525659 3.147443132534286 0
1.445665653626573 8.28153553389846 0
0.703492411877253 8.28688916735662 0
0.7013036146869158 3.154720688497728 0
1.721535495452436 8.15227182426157 0
1.72144901731076 3.28554674740372 0
1.733573818956397 7.953366405223638 0
1.568580498827042 7.856045049915342 0
1.567755388737948 7.6633211465312 0
1.401198318338466 7.760991815356293 0
1.399998283471633 7.5686804005616 0
1.233823780820081 7.666339311297756 0
1.232683995083826 7.474035357102892 0
1.066859205078658 7.571654486368163 0
1.065163883432141 7.378941101030183 0
1.231047781539308 7.281108000382789 0
1.066017559371061 7.18582587802795 0
1.230055567937667 7.0878001657653 0
1.066307755007793 6.989737765420124 0
1.229165150371978 6.893775011493897 0
1.062284604737327 6.795548082117941 0
1.227365186887333 6.699820526876752 0
1.062168562929749 6.604172351227079 0
1.226172786541313 6.506265154257814 0
1.062623214046628 6.407546955475651 0
1.225025398543004 6.311855609395955 0
1.05798704895923 6.21300805981849 0
1.224528901937651 6.11597360807894 0
1.058109359967327 6.021600187888232 0
1.223258907639641 5.922642209973877 0
1.05879240018335 5.82462293748785 0
1.222990719991939 5.728283421638519 0
1.053997230031141 5.629987996827186 0
1.221166055457314 5.533209782807424 0
1.049900261959146 5.439007062114155 0
1.222101300013726 5.338500418373516 0
1.048317311838436 5.245271809820703 0
1.21866584995122 5.145971068224988 0
1.046426986999197 5.051435402999247 0
1.212905153534729 4.953362806294806 0
1.044101133420488 4.857570663396365 0
1.210315603925708 4.759177054633057 0
1.046991450980966 4.663412839501373 0
1.212422708124181 4.565010085888574 0
1.04916243173098 4.465163460195091 0
1.210919121214888 4.370445080181322 0
1.043574652069591 4.270417948851716 0
1.207640208660529 4.176176143144835 0
1.039010499695754 4.080576966320244 0
1.205118802701479 3.983152814128869 0
1.03689811517643 3.887937193092797 0
1.206915124665132 3.790302314249748 0
1.036091882550501 3.695594568307958 0
0.9064352358760259 7.28056079778101 0
0.9049715869339336 6.695814229058879 0
0.9019049514158235 6.112783661181085 0
0.8919672379606709 4.756781276233637 0
0.8810967295525489 4.169115685790487 0
1.068172540166374 7.763597177322758 0
1.205387564894899 3.598455831071893 0
0.9018016699457543 7.669093852150819 0
0.8842370797810504 5.537490852960473 0
0.8781507790245473 5.150285756028462 0
0.9035705781814403 7.860390644500562 0
0.8697644994009277 3.792978592362218 0
0.8684616913215226 3.601236167825753 0
1.390610004103252 5.049990003282944 0
1.385366742511724 3.881360914113516 0
1.39631588589194 5.625469131844843 0
1.383527195515742 4.269627051841473 0
1.379947066279219 4.664281870175579 0
1.396947570294652 6.989823999005814 0
1.395771652925919 6.20908447105566 0
1.394227833045025 6.602162392516029 0
0.7373205698904268 7.766653282697732 0
0.7413901251462138 7.571622967905278 0
1.39895754092927 7.948885184060872 0
0.7107251267620098 3.695060796497297 0
1.066671749948032 7.949751344664692 0
0.7167723134591539 3.88549779282399 0
0.7434681935482947 7.951887953639517 0
0.7065026665314145 3.483494918748425 0
0.8808932093402877 3.396086522732742 0
1.233515853519956 7.858647628006517 0
1.219768802422563 8.027596273892307 0
1.566494983577133 7.469978880840164 0
1.034473538326118 3.503914973019139 0
1.191975726407277 3.419639263339034 0
1.38080189233973 3.500179613896293 0
1.733463417306155 3.484532475293088 0
1.550303775271775 3.404579760442728 0
1.560034317625136 3.589352022672067 0
1.566411319041164 3.776474081477926 0
0.9030619819182046 8.046421799068696 0
1.558251295480845 8.035486179150039 0
0.406965895397327 3.68614029648001 0
0.4153361347101532 7.76169064556169 0
1.734274221916869 3.872589519077314 0
1.566389781753304 3.968263468418378 0
1.557276183865329 4.168179134302429 0
1.386514531332945 3.690261745234964 0
0.4304088462093967 8.152081775491972 0
0.4247845749029473 3.301794664261807 0
0.4173777315971723 7.368826460192564 0
0.4143233743724748 4.072565815355978 0
0.4174756666252284 4.262833853574562 0
0.5810350937650806 4.359093178408019 0
0.5841976156874855 4.550944847515819 0
0.7372273041124426 4.453989279603968 0
0.5718904314036495 4.169816995096011 0
0.4179821070999834 7.175157798545172 0
0.5855101050885034 7.077083105286679 0
0.5844168080583954 6.886327011317018 0
0.7461140986935106 6.984155115742329 0
0.5861344440798781 7.27229745667933 0
0.4180067234309006 6.78730858728691 0
0.5851274657604977 6.690639491190396 0
0.4179713103357612 4.650148678175155 0
0.5848460203400876 4.747458575241557 0
1.384219819168018 4.074459920991583 0
1.554317490594621 4.363049820960758 0
1.382187400083756 4.467581196326044 0
1.551990818773889 4.573073268908559 0
1.552786356998923 4.761549777057822 0
1.734954140322014 7.565038439261965 0
1.565383062348027 7.275097118732841 0
1.73467506197192 7.175368011446201 0
1.735126734108342 6.980459537386582 0
1.566818090765982 6.883850731934793 0
1.73189934742825 4.262260951777876 0
1.729858135982289 4.657305092836526 0
1.567231257650813 4.956096619057503 0
0.418095448627855 6.592939926780646 0
0.5855689382670759 6.494245819714143 0
0.584284482434807 6.303672292567972 0
0.7449338650696493 6.401044907801777 0
0.4179656803996217 6.204671968072168 0
0.5839322332285581 6.108061409561296 0
0.4179414014301308 4.84481790168961 0
0.5798755747258943 4.947082540816954 0
0.5793009763096797 5.142159663836585 0
0.885303977939639 4.95537220290769 0
1.735061581508288 6.592682172839115 0
1.566403440335663 6.496383516890726 0
1.565293038866042 6.303906803797594 0
1.734762055188708 6.204670225126687 0
1.566061328139448 6.108450792324951 0
1.567167790175438 5.913951981921151 0
1.396363023737574 6.01510925507904 0
1.735073678967223 5.816021141872711 0
1.566966375676218 5.720368877389733 0
1.735049753823066 5.621950728478193 0
1.566477042260639 5.525509565317932 0
1.566295439117128 5.332897405619374 0
1.395605931291952 5.432227775835919 0
1.735234028682518 5.234006488397759 0
0.4181765384840643 5.62165311610906 0
0.5837337969767731 5.721276919697671 0
0.5844998781314175 5.911755061533093 0
0.7428930746193134 5.818065267490831 0
0.5805261860296413 5.530086248017789 0
0.8797396170133704 5.344466816903473 0
0.4176470164769923 6.01005753613402 0
1.394123934657689 6.406507121549807 0
0.5785300949347354 5.337374835134042 0
0.415695937013763 5.235455564883321 0
1.566634185759402 6.690765511901468 0
0.8778387541864152 3.980585035852459 0
1.270168690936735 8.289086787664955 0
0.899143613210204 8.247577680855196 0
1.261448337515618 3.148960976005061 0
0.9045920792521214 7.475792398501665 0
1.394776495179387 6.796081677274974 0
1.398646041283572 7.375368769267165 0
0.8896613278572842 3.191240041147658 0
1.398319039448265 7.180635288777649 0
1.567006345873014 7.077806928679671 0
0.5812060613031527 7.472209501054417 0
1.394959286259379 5.240022060358207 0
1.395510450518792 5.820970812974528 0
1.385632573748774 4.857409688416952 0
0.589962695767265 8.037165217863638 0
1.362693514600216 3.306371180230981 0
0.7492270578495175 7.171681945415726 0
0.580232858893579 7.857260574045585 0
1.733853961832755 5.044258151942401 0
0.7469379225835118 6.594341973394414 0
0.5792608033007989 7.669157035675537 0
1.561307804075204 5.145925793146372 0
0.5300001956364144 8.299584084898028 0
1.62233353958381 3.137255087375477 0
1.622356033005102 8.298914520233533 0
0.528204776092899 3.151400259268942 0
0.6130348169015005 3.310687361597949 0
0.7450046831966244 6.01136828759501 0
1.035183756127333 3.324286932802996 0
0.7448308339178182 7.374027511222904 0
0.7393373618570331 4.656133663923218 0
0.9059892386984565 7.082198339800452 0
0.9048350155113125 6.891479906272102 0
0.7454004829235279 6.790459621162523 0
0.9033273259065786 6.499908195315601 0
0.9019995919485133 6.308933976680924 0
0.7436766345489967 6.207644089231344 0
0.9002076588197259 5.916788315327294 0
0.8959317789992061 5.723008033369748 0
1.376922492815182 8.129841436620408 0
0.7379201430865114 5.631072283915056 0
0.7367699933320506 5.441534875541699 0
0.7351144712118636 5.247256432043738 0
0.7342473112147552 5.05231367958663 0
0.7359295806730137 4.852523656451615 0
0.5652223472495601 3.974864490976386 0
0.8894474949048199 4.364624219118301 0
0.8923555469244859 4.560017456429264 0
0.7494545805082304 8.123180302990704 0
0.5626659198846098 3.78710711922288 0
0.7231093445217698 4.070551668333133 0
0.730634399710052 4.264531837724986 0
0.5618688339800957 3.601960253310776 0
1.054577373655458 8.116960998313415 0
0.7607205382956503 3.301358312867263 0
0.5582487315269873 3.452001986336714 0
1.772286081979038 3.130740735900326 0
1.772294024512785 8.306685516233372 0
0.3807723770365619 8.306702096003523 0
0.3818615393639062 3.134950072614888 0
1.168444444444438 3.2682049436995 0
0.6006637459997117 8.179780109720193 0
1.540273008697013 3.255590571699964 0
1.540263254982167 8.182129835856058 0
1.178293132744904 8.171113712725584 0
2 101 0 14
1221
1222
1223
1224
1225
1226
1227
1228
1229
1230
1231
1232
1233
1234
6.341228675972853 1.18125 0
5.658771324027147 1.18125 0
6 1.28984806935554 0
6 1.07265193064446 0
6.198702285330221 1.082135155593374 0
5.801297714669779 1.280364844406626 0
5.799752342569168 1.080753033059315 0
6.200247657430832 1.281746966940685 0
5.636059640555998 1.037254456364119 0
6.363940359444002 1.325245543635881 0
6.363940359444002 1.037254456364119 0
5.636059640555998 1.325245543635881 0
5.902137718731257 1.18125 0
6.097862281268743 1.18125 0
2 102 0 14
1235
1236
1237
1238
1239
1240
1241
1242
1243
1244
1245
1246
1247
1248
5.658771324027147 1.908173076923077 0
6.341228675972853 1.908173076923077 0
6 1.799575007567537 0
6 2.016771146278617 0
6.198702285330221 1.809058232516451 0
5.801297714669779 2.007287921329703 0
5.799752342569168 1.807676109982392 0
6.200247657430832 2.008670043863762 0
6.363940359444002 2.052168620558958 0
6.363940359444002 1.764177533287196 0
5.636059640555998 1.764177533287196 0
5.636059640555998 2.052168620558958 0
6.097862281268743 1.908173076923077 0
5.902137718731257 1.908173076923077 0
2 103 0 14
1249
1250
1251
1252
1253
1254
1255
1256
1257
1258
1259
1260
1261
1262
6.341228675972853 2.635096153846154 0
5.658771324027147 2.635096153846153 0
6 2.526498084490613 0
6 2.743694223201694 0
6.198702285330221 2.535981309439528 0
5.801297714669779 2.73421099825278 0
5.799752342569169 2.534599186905468 0
6.200247657430832 2.735593120786839 0
5.636059640555998 2.491100610210273 0
6.363940359444002 2.491100610210273 0
6.363940359444002 2.779091697482035 0
5.636059640555998 2.779091697482035 0
5.902137718731257 2.635096153846153 0
6.097862281268743 2.635096153846154 0
2 104 0 14
1263
1264
1265
1266
1267
1268
1269
1270
1271
1272
1273
1274
1275
1276
6.341228675972853 3.362019230769231 0
5.658771324027147 3.36201923076923 0
6 3.25342116141369 0
6 3.470617300124771 0
6.198702285330221 3.262904386362605 0
5.801297714669779 3.461134075175857 0
6.200247657430832 3.462516197709916 0
5.799752342569169 3.261522263828545 0
5.636059640555998 3.21802368713335 0
6.363940359444002 3.21802368713335 0
6.363940359444002 3.506014774405112 0
5.636059640555998 3.506014774405112 0
6.097862281268743 3.36201923076923 0
5.902137718731257 3.36201923076923 0
2 105 0 14
1277
1278
1279
1280
1281
1282
1283
1284
1285
1286
1287
1288
1289
1290
6.341228675972853 4.088942307692307 0
5.658771324027147 4.088942307692307 0
6 4.197540377047848 0
6 3.980344238336767 0
5.801297714669779 4.188057152098933 0
6.198702285330221 4.188057152098933 0
6.200247657430832 3.988445340751622 0
5.799752342569169 3.988445340751622 0
5.636059640555998 3.944946764056427 0
5.636059640555998 4.232937851328189 0
6.363940359444002 4.232937851328189 0
6.363940359444002 3.944946764056427 0
5.902137718731257 4.088942307692307 0
6.097862281268743 4.088942307692307 0
2 106 0 14
1291
1292
1293
1294
1295
1296
1297
1298
1299
1300
1301
1302
1303
1304
5.658771324027146 4.815865384615384 0
6.341228675972854 4.815865384615385 0
6 4.707267315259845 0
6 4.924463453970925 0
5.801297714669779 4.716750540208759 0
6.198702285330221 4.914980229022011 0
6.200247657430832 4.7153684176747 0
5.799752342569168 4.91636235155607 0
5.636059640555998 4.671869840979504 0
6.363940359444002 4.959860928251266 0
6.363940359444002 4.671869840979504 0
5.636059640555998 4.959860928251266 0
5.902137718731257 4.815865384615384 0
6.097862281268743 4.815865384615385 0
2 107 0 14
1305
1306
1307
1308
1309
1310
1311
1312
1313
1314
1315
1316
1317
1318
5.658771324027146 5.542788461538461 0
6.341228675972854 5.542788461538462 0
6 5.434190392182922 0
6 5.651386530894002 0
5.801297714669779 5.443673617131836 0
6.198702285330221 5.641903305945088 0
6.200247657430832 5.442291494597777 0
5.799752342569168 5.643285428479147 0
5.636059640555998 5.398792917902581 0
6.363940359444002 5.686784005174343 0
6.363940359444002 5.398792917902581 0
5.636059640555998 5.686784005174343 0
6.097862281268743 5.542788461538462 0
5.902137718731257 5.542788461538462 0
2 108 0 14
1319
1320
1321
1322
1323
1324
1325
1326
1327
1328
1329
1330
1331
1332
5.658771324027146 6.269711538461539 0
6.341228675972854 6.269711538461539 0
6 6.161113469105999 0
6 6.378309607817079 0
5.801297714669779 6.170596694054913 0
6.198702285330221 6.368826382868165 0
6.200247657430832 6.169214571520854 0
5.799752342569168 6.370208505402224 0
5.636059640555998 6.125715994825658 0
6.363940359444002 6.41370708209742 0
6.363940359444002 6.125715994825658 0
5.636059640555998 6.41370708209742 0
5.902137718731257 6.269711538461539 0
6.097862281268743 6.269711538461539 0
2 109 0 14
1333
1334
1335
1336
1337
1338
1339
1340
1341
1342
1343
1344
1345
1346
5.658771324027146 6.996634615384616 0
6.341228675972854 6.996634615384616 0
6 6.888036546029076 0
6 7.105232684740156 0
5.801297714669779 6.89751977097799 0
6.198702285330221 7.095749459791242 0
6.200247657430832 6.896137648443931 0
5.799752342569168 7.097131582325301 0
5.636059640555998 6.852639071748735 0
6.363940359444002 7.140630159020497 0
6.363940359444002 6.852639071748735 0
5.636059640555998 7.140630159020497 0
6.097862281268743 6.996634615384616 0
5.902137718731257 6.996634615384616 0
2 110 0 14
1347
1348
1349
1350
1351
1352
1353
1354
1355
1356
1357
1358
1359
1360
5.658771324027146 7.723557692307693 0
6.341228675972854 7.723557692307693 0
6 7.614959622952153 0
6 7.832155761663233 0
5.801297714669779 7.624442847901067 0
6.198702285330221 7.822672536714319 0
6.200247657430832 7.623060725367008 0
5.799752342569168 7.824054659248378 0
5.636059640555998 7.579562148671812 0
6.363940359444002 7.867553235943574 0
6.363940359444002 7.579562148671812 0
5.636059640555998 7.867553235943574 0
5.902137718731257 7.723557692307693 0
6.097862281268743 7.723557692307693 0
2 111 0 14
1361
1362
1363
1364
1365
1366
1367
1368
1369
1370
1371
1372
1373
1374
5.658771324027147 8.45048076923077 0
6.341228675972853 8.45048076923077 0
6 8.34188269987523 0
6 8.559078838586311 0
6.198702285330221 8.351365924824144 0
5.801297714669779 8.549595613637397 0
5.799752342569169 8.349983802290085 0
6.200247657430831 8.550977736171456 0
6.363940359444002 8.306485225594889 0
5.636059640555998 8.594476312866652 0
5.636059640555998 8.306485225594889 0
6.363940359444002 8.594476312866652 0
6.097862281268743 8.45048076923077 0
5.902137718731257 8.45048076923077 0
2 112 0 14
1375
1376
1377
1378
1379
1380
1381
1382
1383
1384
1385
1386
1387
1388
5.658771324027147 9.177403846153847 0
6.341228675972853 9.177403846153847 0
6 9.068805776798307 0
6 9.286001915509388 0
5.801297714669779 9.078289001747221 0
6.198702285330221 9.276518690560474 0
6.200247657430831 9.076906879213162 0
5.799752342569169 9.277900813094533 0
6.363940359444002 9.033408302517966 0
5.636059640555998 9.321399389789729 0
5.636059640555998 9.033408302517966 0
6.363940359444002 9.321399389789729 0
6.097862281268743 9.177403846153847 0
5.902137718731257 9.177403846153847 0
2 113 0 14
1389
1390
1391
1392
1393
1394
1395
1396
1397
1398
1399
1400
1401
1402
5.658771324027147 9.904326923076924 0
6.341228675972853 9.904326923076924 0
6 9.795728853721384 0
6 10.01292499243247 0
6.198702285330221 9.805212078670298 0
5.801297714669779 10.00344176748355 0
5.799752342569169 9.803829956136239 0
6.200247657430831 10.00482389001761 0
6.363940359444002 9.760331379441043 0
5.636059640555998 10.04832246671281 0
5.636059640555998 9.760331379441043 0
6.363940359444002 10.04832246671281 0
6.097862281268743 9.904326923076924 0
5.902137718731257 9.904326923076924 0
2 114 0 14
1403
1404
1405
1406
1407
1408
1409
1410
1411
1412
1413
1414
1415
1416
5.658771324027147 10.63125 0
6.341228675972853 10.63125 0
6 10.52265193064446 0
6 10.73984806935554 0
5.801297714669779 10.53213515559337 0
6.198702285330221 10.73036484440663 0
6.200247657430831 10.53075303305932 0
5.799752342569169 10.73174696694069 0
6.363940359444002 10.48725445636412 0
5.636059640555998 10.77524554363588 0
5.636059640555998 10.48725445636412 0
6.363940359444002 10.77524554363588 0
6.097862281268743 10.63125 0
5.902137718731257 10.63125 0
2 115 0 1154
1417
1418
1419
1420
1421
1422
1423
1424
1425
1426
1427
1428
1429
1430
1431
1432
1433
1434
1435
1436
1437
1438
1439
1440
1441
1442
1443
1444
1445
1446
1447
1448
1449
1450
1451
1452
1453
1454
1455
1456
1457
1458
1459
1460
1461
1462
1463
1464
1465
1466
1467
1468
1469
1470
1471
1472
1473
1474
1475
1476
1477
1478
1479
1480
1481
1482
1483
1484
1485
1486
1487
1488
1489
1490
1491
1492
1493
1494
1495
1496
1497
1498
1499
1500
1501
1502
1503
1504
1505
1506
1507
1508
1509
1510
1511
1512
1513
1514
1515
1516
1517
1518
1519
1520
1521
1522
1523
1524
1525
1526
1527
1528
1529
1530
1531
1532
1533
1534
1535
1536
1537
1538
1539
1540
1541
1542
1543
1544
1545
1546
1547
1548
1549
1550
1551
1552
1553
1554
1555
1556
1557
1558
1559
1560
1561
1562
1563
1564
1565
1566
1567
1568
1569
1570
1571
1572
1573
1574
1575
1576
1577
1578
1579
1580
1581
1582
1583
1584
1585
1586
1587
1588
1589
1590
1591
1592
1593
1594
1595
1596
1597
1598
1599
1600
1601
1602
1603
1604
1605
1606
1607
1608
1609
1610
1611
1612
1613
1614
1615
1616
1617
1618
1619
1620
1621
1622
1623
1624
1625
1626
1627
1628
1629
1630
1631
1632
1633
1634
1635
1636
1637
1638
1639
1640
1641
1642
1643
1644
1645
1646
1647
1648
1649
1650
1651
1652
1653
1654
1655
1656
1657
1658
1659
1660
1661
1662
1663
1664
1665
1666
1667
1668
1669
1670
1671
1672
1673
1674
1675
1676
1677
1678
1679
1680
1681
1682
1683
1684
1685
1686
1687
1688
1689
1690
1691
1692
1693
1694
1695
1696
1697
1698
1699
1700
1701
1702
1703
1704
1705
1706
1707
1708
1709
1710
1711
1712
1713
1714
1715
1716
1717
1718
1719
1720
1721
1722
1723
1724
1725
1726
1727
1728
1729
1730
1731
1732
1733
1734
1735
1736
1737
1738
1739
1740
1741
1742
1743
1744
1745
1746
1747
1748
1749
1750
1751
1752
1753
1754
1755
1756
1757
1758
1759
1760
1761
1762
1763
1764
1765
1766
1767
1768
1769
1770
1771
1772
1773
1774
1775
1776
1777
1778
1779
1780
1781
1782
1783
1784
1785
1786
1787
1788
1789
1790
1791
1792
1793
1794
1795
1796
1797
1798
1799
1800
1801
1802
1803
1804
1805
1806
1807
1808
1809
1810
1811
1812
1813
1814
1815
1816
1817
1818
1819
1820
1821
1822
1823
1824
1825
1826
1827
1828
1829
1830
1831
1832
1833
1834
1835
1836
1837
1838
1839
1840
1841
1842
1843
1844
1845
1846
1847
1848
1849
1850
1851
1852
1853
1854
1855
1856
1857
1858
1859
1860
1861
1862
1863
1864
1865
1866
1867
1868
1869
1870
1871
1872
1873
1874
1875
1876
1877
1878
1879
1880
1881
1882
1883
1884
1885
1886
1887
1888
1889
1890
1891
1892
1893
1894
1895
1896
1897
1898
1899
1900
1901
1902
1903
1904
1905
1906
1907
1908
1909
1910
1911
1912
1913
1914
1915
1916
1917
1918
1919
1920
1921
1922
1923
1924
1925
1926
1927
1928
1929
1930
1931
1932
1933
1934
1935
1936
1937
1938
1939
1940
1941
1942
1943
1944
1945
1946
1947
1948
1949
1950
1951
1952
1953
1954
1955
1956
1957
1958
1959
1960
1961
1962
1963
1964
1965
1966
1967
1968
1969
1970
1971
1972
1973
1974
1975
1976
1977
1978
1979
1980
1981
1982
1983
1984
1985
1986
1987
1988
1989
1990
1991
1992
1993
1994
1995
1996
1997
1998
1999
2000
2001
2002
2003
2004
2005
2006
2007
2008
2009
2010
2011
2012
2013
2014
2015
2016
2017
2018
2019
2020
2021
2022
2023
2024
2025
2026
2027
2028
2029
2030
2031
2032
2033
2034
2035
2036
2037
2038
2039
2040
2041
2042
2043
2044
2045
2046
2047
2048
2049
2050
2051
2052
2053
2054
2055
2056
2057
2058
2059
2060
2061
2062
2063
2064
2065
2066
2067
2068
2069
2070
2071
2072
2073
2074
2075
2076
2077
2078
2079
2080
2081
2082
2083
2084
2085
2086
2087
2088
2089
2090
2091
2092
2093
2094
2095
2096
2097
2098
2099
2100
2101
2102
2103
2104
2105
2106
2107
2108
2109
2110
2111
2112
2113
2114
2115
2116
2117
2118
2119
2120
2121
2122
2123
2124
2125
2126
2127
2128
2129
2130
2131
2132
2133
2134
2135
2136
2137
2138
2139
2140
2141
2142
2143
2144
2145
2146
2147
2148
2149
2150
2151
2152
2153
2154
2155
2156
2157
2158
2159
2160
2161
2162
2163
2164
2165
2166
2167
2168
2169
2170
2171
2172
2173
2174
2175
2176
2177
2178
2179
2180
2181
2182
2183
2184
2185
2186
2187
2188
2189
2190
2191
2192
2193
2194
2195
2196
2197
2198
2199
2200
2201
2202
2203
2204
2205
2206
2207
2208
2209
2210
2211
2212
2213
2214
2215
2216
2217
2218
2219
2220
2221
2222
2223
2224
2225
2226
2227
2228
2229
2230
2231
2232
2233
2234
2235
2236
2237
2238
2239
2240
2241
2242
2243
2244
2245
2246
2247
2248
2249
2250
2251
2252
2253
2254
2255
2256
2257
2258
2259
2260
2261
2262
2263
2264
2265
2266
2267
2268
2269
2270
2271
2272
2273
2274
2275
2276
2277
2278
2279
2280
2281
2282
2283
2284
2285
2286
2287
2288
2289
2290
2291
2292
2293
2294
2295
2296
2297
2298
2299
2300
2301
2302
2303
2304
2305
2306
2307
2308
2309
2310
2311
2312
2313
2314
2315
2316
2317
2318
2319
2320
2321
2322
2323
2324
2325
2326
2327
2328
2329
2330
2331
2332
2333
2334
2335
2336
2337
2338
2339
2340
2341
2342
2343
2344
2345
2346
2347
2348
2349
2350
2351
2352
2353
2354
2355
2356
2357
2358
2359
2360
2361
2362
2363
2364
2365
2366
2367
2368
2369
2370
2371
2372
2373
2374
2375
2376
2377
2378
2379
2380
2381
2382
2383
2384
2385
2386
2387
2388
2389
2390
2391
2392
2393
2394
2395
2396
2397
2398
2399
2400
2401
2402
2403
2404
2405
2406
2407
2408
2409
2410
2411
2412
2413
2414
2415
2416
2417
2418
2419
2420
2421
2422
2423
2424
2425
2426
2427
2428
2429
2430
2431
2432
2433
2434
2435
2436
2437
2438
2439
2440
2441
2442
2443
2444
2445
2446
2447
2448
2449
2450
2451
2452
2453
2454
2455
2456
2457
2458
2459
2460
2461
2462
2463
2464
2465
2466
2467
2468
2469
2470
2471
2472
2473
2474
2475
2476
2477
2478
2479
2480
2481
2482
2483
2484
2485
2486
2487
2488
2489
2490
2491
2492
2493
2494
2495
2496
2497
2498
2499
2500
2501
2502
2503
2504
2505
2506
2507
2508
2509
2510
2511
2512
2513
2514
2515
2516
2517
2518
2519
2520
2521
2522
2523
2524
2525
2526
2527
2528
2529
2530
2531
2532
2533
2534
2535
2536
2537
2538
2539
2540
2541
2542
2543
2544
2545
2546
2547
2548
2549
2550
2551
2552
2553
2554
2555
2556
2557
2558
2559
2560
2561
2562
2563
2564
2565
2566
2567
2568
2569
2570
6.656684622778481 4.633367191983698 0
6.658640096935006 4.088426256297835 0
6.641696455248048 3.533595745162933 0
6.65599560157912 7.179967948717949 0
6.658766852600833 7.723059018894258 0
6.65599560157912 8.267147435897437 0
6.658677963658601 9.358535516817692 0
6.657245705990047 9.904795822892535 0
6.657368417117856 10.44773368893324 0
6.65599560157912 2.45176282051282 0
6.658269276466742 1.908056800608877 0
6.656477143466425 1.364277057782425 0
6.656782018350022 5.359101772019408 0
6.65599560157912 6.453044871794872 0
8.343142408791687 3.045445023303937 0
8.338972376745767 8.780049341938161 0
8.340348608666009 5.830085184615566 0
8.322539414514734 5.002946841350973 0
8.329501248629938 6.7921875 0
8.344520022611809 1.089624312362045 0
8.329501248629938 10.7296875 0
8.352994951411532 4.41129777767064 0
8.337238719823199 7.367980246003416 0
8.351754766307369 3.829070177492891 0
8.339613421195057 7.950553700466953 0
8.36437465863459 10.15107197251778 0
8.333190215163203 1.674426061750222 0
8.355485577090928 9.564537350658146 0
8.333546111369312 2.263829569803162 0
7.424134327198688 0.1672316497292936 0
7.418536382459231 11.64429555755744 0
6.656490678505387 5.724929123056469 0
6.655038391983554 8.994466641885511 0
6.656149515927999 2.817014924466233 0
6.83440733570075 0.162954044494426 0
6.835922008647721 11.64637398373527 0
6.659424963119578 0.9982022068617917 0
6.659270172414685 10.81415525342482 0
7.813098984567457 0.1604494032258827 0
7.812259780668015 11.64253740535546 0
8.340517545066104 6.20439141888421 0
8.329501248629938 5.4140625 0
8.339428158507481 9.171108164071899 0
8.305889344454741 8.38544778215342 0
8.342317027187747 3.436586595860685 0
8.333326516311566 2.65691733950046 0
8.329933646501388 11.12340722994992 0
8.344130406039476 0.6967910829640811 0
6.656433021380501 6.086880137490068 0
6.656191654265999 8.633655399473202 0
6.645009202255304 3.173618150544284 0
6.657252351162832 4.998018245954023 0
6.656645231901575 6.814862305623379 0
0.3968554228576648 11.35991243702167 0
0.3968644012154949 0.4526601052350676 0
6.4505393690477 0.1728032679764286 0
6.434084324415005 11.64461698201883 0
5.455357142857143 0.1701121328862287 0
5.445304438339228 11.63121441089265 0
0.9374082534275003 11.64790710024483 0
0.9374999999999991 0.1701121328862287 0
1.330357142857142 11.64238786711377 0
1.330357142857142 0.1701121328862287 0
1.723214285714286 11.64238786711377 0
1.723214285714286 0.1701121328862287 0
2.117088200306619 0.1740904443790701 0
2.117088200306621 11.63840955562092 0
2.48479298815777 11.6494098143713 0
2.484792988157767 0.163090185628695 0
6.043666711176723 11.63855618140563 0
6.042096386411029 0.1753822545903381 0
2.890709846507071 11.63886529100891 0
2.89070984650707 0.1736347089910932 0
3.299889084023346 11.63610833475794 0
3.29988908464382 0.1763916649928792 0
3.663921987070683 11.67626051169346 0
3.673170335608968 0.1645085844804228 0
4.078649423395332 0.1486426874733411 0
4.08409220223835 11.63239957313099 0
4.471010812393842 11.63686933522797 0
4.479310684313679 0.1787431793053571 0
4.864103177603745 11.62674521256374 0
4.890123679923775 0.1821482412141835 0
6.667006713819706 10.99932615933854 0
6.821576206524765 10.90595272553807 0
6.667078770362998 0.8131497186217729 0
6.819769902599699 0.9062529361923231 0
5.147104215011542 0.7404117482822912 0
5.15 11.07899302452011 0
5.8 11.07945508075689 0
5.814405793117456 0.7408572342748538 0
6.819108682899465 11.0882992385943 0
6.979745073108225 10.99390464652761 0
6.981674855906097 10.81066937514057 0
7.142820000064193 10.90107253664293 0
7.14381010933432 10.7154875279 0
7.306064070878596 10.80659138635405 0
7.306926066729803 10.61993432877137 0
7.471728068264187 10.7143543951322 0
7.471017316503433 10.52490900783082 0
7.306195165105033 10.43075727480393 0
7.467047226725214 10.34040041044254 0
7.304735282627989 10.24217704410013 0
7.459550732070565 10.15185810442958 0
7.302579929852801 10.05319783831951 0
7.460056203499473 9.957530053171158 0
7.302944565317529 9.862528238352457 0
7.462640801043029 9.771531456417108 0
7.301745252747351 9.674496785255549 0
7.457399699524268 9.583586806561186 0
7.301849659842519 9.48632779781326 0
7.458028369433347 9.391451987787645 0
7.301435138432547 9.297754064139362 0
7.461680855722866 9.20291556776635 0
7.299649793967549 9.109771183513399 0
7.461180360502686 9.015176516216552 0
7.298482651841916 8.922188300712364 0
7.460284258363391 8.827589442973721 0
7.299504050645076 8.734658506286307 0
7.459696636329113 8.639762959245219 0
7.298661361768625 8.546678322222059 0
7.458872742624509 8.45156889230886 0
7.295231841286502 8.358189062154025 0
7.457489681426805 8.263058589303663 0
7.293617798439829 8.169575692160338 0
7.455752051468137 8.075364161861073 0
7.47257623308197 10.9052334954356 0
7.295888182766981 7.981183173090173 0
7.450254882547612 7.886934699007488 0
7.292823893015219 7.792456817033791 0
7.448619731817292 7.697457431095099 0
7.293012416471783 7.60402550981987 0
7.452279076247457 7.508979360424636 0
7.289714422212905 7.416010391705568 0
7.446804247951376 7.320973588360253 0
7.287610066333002 7.228123630679053 0
7.444810688763466 7.133159795237462 0
7.28628731215194 7.040221847806851 0
7.443543115099363 6.945453008683644 0
7.287438445041817 6.852545541068982 0
7.445371111702314 6.757817866171637 0
7.287264859268875 6.664984252298246 0
7.442296089958981 6.570354795082096 0
7.283818293763241 6.477708595325712 0
7.440579628001725 6.383063615049374 0
7.282324821736039 6.290587487767715 0
7.441967501380619 6.195897108969871 0
7.282570042792021 6.101817378125422 0
7.438846592466394 6.008837530172434 0
7.281415476463996 5.914726856688373 0
7.437604348144535 5.822026991056803 0
7.279415044021897 5.729377201086773 0
7.436389492074043 5.635463121907465 0
7.278089238034847 5.542811143240085 0
7.435468740932617 5.448629474151157 0
7.276955257836755 5.355873616137331 0
7.434435153241206 5.261621281244227 0
7.275846157648457 5.168815188953588 0
7.433650783875732 5.074532755126803 0
7.274777069262907 4.981895125977341 0
7.432650303320814 4.887431284234943 0
7.273695794852175 4.794928743180192 0
7.431938283695238 4.700213652706438 0
7.273165898204601 4.60750890783028 0
7.433087701817929 4.512730627851005 0
7.594158635807583 6.453042275186274 0
7.589385864492531 4.817655784305719 0
7.271875623039488 4.419846693497847 0
7.430582195848041 4.324855654343057 0
7.274538138840137 4.231749886047028 0
7.430279784819477 4.136680971275488 0
7.274164281208353 4.043129149975716 0
7.430554809856952 3.948289000341068 0
7.607979080276021 9.872085325035922 0
7.627022772854177 10.43237373822106 0
7.595855587602792 7.020750084816927 0
7.268937743697125 3.854614571866286 0
7.428102704545147 3.759676913398418 0
7.266912685898539 3.666385777771324 0
7.427133940996124 3.571210470301312 0
7.26587222616776 3.477897100144682 0
7.42592158681274 3.382944569469152 0
7.264947217023582 3.28976532357044 0
7.425431625557461 3.195081411413868 0
7.264025660326176 3.102425509186565 0
7.424345537261846 3.00771484267039 0
7.268033346152658 2.9150126328515 0
7.424779584633805 2.820535472329226 0
7.268022195469171 2.727884198121245 0
7.42416699524241 2.633386364170832 0
7.262183401982405 2.540589126988945 0
7.423038897576943 2.44604769817034 0
7.259981322731601 2.353245400804016 0
7.421800591570404 2.258445628268423 0
7.588493246567081 4.249658702651749 0
7.587320188535239 3.679616252495455 0
7.586625912521878 3.299736079928953 0
7.602695877705996 7.60085739379187 0
7.585520489347807 2.919726847429801 0
7.258736458231695 2.165674337619806 0
7.420902773121118 2.070540173930296 0
7.271367398620348 1.966318246756199 0
7.419684237717603 1.88234894047237 0
7.584082896241971 1.975589758121367 0
7.58294867556749 1.786253323941734 0
7.424503531336159 1.692738440259292 0
7.582439065789495 1.596536971083902 0
7.417565031615862 1.502900944602816 0
7.580246318535149 1.406633503591559 0
7.414843831448273 1.312893047234786 0
7.578458349133501 1.216525629364473 0
7.585717339424211 2.542391866055745 0
7.604139617236186 5.165918748391107 0
7.613305151917217 8.164547422475948 0
7.603157854173746 5.541280800782522 0
7.620089480834951 8.544925014490822 0
7.412741757086048 1.122845404567314 0
7.577013616557343 1.026044693228805 0
7.410855402068034 0.9323483706854638 0
7.607390203141547 5.915981614975781 0
7.621684877364575 8.920525202813437 0
7.610183577678162 9.300261801809212 0
7.57566210459276 0.834951572686208 0
7.63777716507742 10.80949845023055 0
7.249578781360272 1.61742963851039 0
7.642920291711524 11.00134900392365 0
7.743827858218793 1.310714188720698 0
7.74832895123865 1.87998764718481 0
7.40905372009188 0.7409359935149071 0
7.138422324602923 11.11415411871123 0
7.742454026512756 0.9293347785163508 0
7.749154765589911 2.070400109431682 0
7.249473573248335 1.21984401415231 0
6.821436183384259 0.7195913104029872 0
7.741172821024941 0.737057789785835 0
7.141732133897696 10.14760718625962 0
1.149204093703101 0.7334120773044948 0
1.149204093703103 11.0790879226955 0
1.548340048851155 11.08071038774731 0
1.548340048851154 0.7317896122526681 0
1.947118859213114 11.08419242520413 0
1.947118859213114 0.7283075747958314 0
7.139076053240311 9.592436161028072 0
2.339348650975271 0.7400590883769933 0
2.339348650975278 11.07244091162298 0
6.200602814698927 0.7336812013273288 0
6.208890893287441 11.09834645644514 0
2.758734503519324 11.09799447846557 0
2.758734503519322 0.7145055215344307 0
3.149787653646886 11.07917221522402 0
3.149787653639812 0.7333277847800606 0
3.545450128120069 0.7350230723891436 0
3.549663421787425 11.06799609611143 0
3.936778576248231 11.082727761834 0
3.959365132192932 0.7465690872751907 0
4.340881003451781 0.7263586086238192 0
4.346146001508301 11.0968034885922 0
7.805238317256209 10.90474906224911 0
7.807259053780549 11.09983289927353 0
4.747230176876235 11.07861293132052 0
4.736793741241587 0.7122095001788296 0
7.116899877857995 4.339198005342794 0
7.129984231097678 7.507648058499694 0
7.914352392744906 1.9744934263176 0
7.110361381983427 8.059757273463227 0
7.108479279561095 8.471745903678018 0
7.134686718233286 8.836374317232513 0
7.105992119396442 3.768231959753131 0
7.141543586900292 9.213326446308368 0
0.7492822055468906 11.07824137382016 0
0.749096830321621 0.7340836301827238 0
7.08702638101018 2.654215493405132 0
7.103619861874343 2.260980313422203 0
7.128704474022951 6.940812796451196 0
7.108831701988242 3.017572400373258 0
6.666658725867895 11.18555957548663 0
6.657650003428824 0.6268449841280157 0
7.125885940433171 6.569345487032669 0
7.123818300946684 6.193361375781079 0
7.103537408643296 3.384908723552638 0
7.122130291135838 5.818907647311671 0
7.11634347523983 4.894261929988014 0
7.116851318775043 5.450634015728387 0
7.63171020585597 11.19667486400283 0
7.913476947208329 1.782836295574738 0
7.91506308257553 2.166171633617249 0
7.908914315519869 0.8321811883094323 0
7.907657612934322 0.6385800477424723 0
6.97368648747227 0.820047810355871 0
6.959867303868287 0.6306126164249584 0
8.349576301778104 0.297615113133503 0
8.31138820625935 11.50048612916198 0
7.73865020731767 0.5433418394448131 0
6.980994631267745 10.62290692085887 0
6.811853669340529 1.08930749714479 0
7.789493291037589 10.71336322923884 0
7.910040683836117 1.025275489927429 0
7.972432309299291 11.00038858786973 0
7.976905126375838 11.18709445112296 0
6.83277921420812 11.2975643275804 0
6.655040194824279 11.34770363642934 0
6.491307277995562 11.27893453943629 0
8.080438932156722 1.877908451220024 0
7.749976650469406 2.259991842277883 0
7.915943315216004 2.357256818374189 0
0.5299105064968574 11.65787651367078 0
0.5300924666164324 0.1546174533595632 0
7.904017999774674 0.4491889915869924 0
8.063509290858391 0.9208486271184242 0
8.061136557979792 0.5329867916092565 0
8.061231159341782 1.112649578828773 0
5.319657956319573 0.7404034634417851 0
5.236414207169162 0.57908029785614 0
5.433428819513884 0.5927420868159228 0
5.040965141532096 0.5698889585603322 0
5.142107875643822 0.4124258669239254 0
8.050019192704941 0.3323037270561136 0
8.079549154546413 1.684908288001434 0
7.911311827697554 1.592205850768743 0
8.063508386317638 1.492256679399553 0
7.24803482865144 0.8382502549220963 0
7.250813926768544 0.6366742826351119 0
7.418514302170467 0.5176726780140122 0
7.241347029231954 0.4604862420631299 0
4.948430510967642 0.3833861235815501 0
5.365651455980132 11.07781989049911 0
5.250093639112765 11.25756874537478 0
5.448595073561268 11.25742846400351 0
5.052631552640932 11.25203845375814 0
5.152914541782327 11.42493721047971 0
8.081776219708598 2.261774569359401 0
8.082144284674806 2.454521247442636 0
7.91583708678641 2.550030867502931 0
8.081920519552686 2.647411214448617 0
7.915884870771439 2.742049970978596 0
8.081675544630619 2.840236815833551 0
7.915697051386496 2.934746312001424 0
8.081480747350881 3.033075723247328 0
7.91693324659707 3.12905642491915 0
8.081293839397834 3.225984151427329 0
7.916902375039017 3.322244425997049 0
8.081108148129754 3.418985721603929 0
7.917298243233438 3.515337652237958 0
8.080919141981022 3.612108033940179 0
7.917158606099754 3.708669782289268 0
8.068258190828651 3.812637256882033 0
7.91200133036399 3.903097002696228 0
8.073987937965139 4.007243896896137 0
7.913031153957933 4.09481404491676 0
8.077839101731971 4.190721664936198 0
7.916185621348228 4.287934487432683 0
7.749311216713507 3.981655000252471 0
8.069466805839298 4.382109206557901 0
7.912630229677234 4.480835363922936 0
8.068671687283022 4.577001634130566 0
7.914796317483582 4.673550080302657 0
8.077150322104782 4.768700266471507 0
7.916454653191092 4.866082024995475 0
7.74993352556685 4.555582341428989 0
8.109850925530537 4.975611458590794 0
7.92236434366589 5.061084748427232 0
8.077451212490001 5.178377216322813 0
7.917828920547038 5.255778354339154 0
8.071412710501113 5.374519727030968 0
7.911676879022518 5.444194170616983 0
8.069405304346189 5.568499533717975 0
7.911481028107147 5.636729290111461 0
8.064434841388422 5.752809392196101 0
7.911303312654199 5.829207035874626 0
8.067380348146809 5.931844528357643 0
7.91419754319854 6.022705113710257 0
8.066761935554091 6.119285846466524 0
7.90976212465644 6.214532263497237 0
8.065798172212236 6.310871987810703 0
7.913627952321835 6.406830106988345 0
8.109146871558872 6.529947314345073 0
7.921326552169463 6.6038145711107 0
8.077061398816443 6.733123947078132 0
7.912156217050557 6.79895156645223 0
8.039638792100376 6.897723525115591 0
7.909281999920205 6.987383268185307 0
8.104436670459611 7.056282473921054 0
7.909677690917943 7.177393920960146 0
7.752882539873083 6.71795796281439 0
8.073312996285047 7.265531151114078 0
7.910714930983047 7.375490979161142 0
8.064463409337606 7.448286354877624 0
7.911848582041477 7.572315693523643 0
8.108013579928498 7.635176532423149 0
7.911953860384051 7.756862213859037 0
7.757936400513925 7.296704856886892 0
8.073569450163038 7.845976820709018 0
7.913859677255868 7.94814701820137 0
8.064161995839825 8.029925507572463 0
7.915241166203289 8.143336835148599 0
7.754953145881112 7.864211946074406 0
8.067142909643565 8.213504062299261 0
7.913942522604234 8.338189835742206 0
8.096603686380144 8.41258342397739 0
7.907806835902395 8.528504496830013 0
8.060013143278409 8.62190340791782 0
7.912457459058696 8.724598254976005 0
8.067374540628023 8.818115990604497 0
7.909436692335165 8.914990721493282 0
8.069472899544817 9.010995525759562 0
7.911326114323588 9.107239591245389 0
8.06951947709531 9.203765748101681 0
7.913106088742795 9.30269303903918 0
8.069481048412273 9.396683157232243 0
7.909002988254946 9.496534049375823 0
8.063475906790353 9.592387691389977 0
7.909278540686963 9.683997661838442 0
8.071063373252812 9.784962599987395 0
7.911904324085249 9.878930410828559 0
8.070095816381826 9.96936612451009 0
7.907932499418752 10.07386127280142 0
8.067349280352612 10.16455882812911 0
7.908971855370878 10.2602329006991 0
8.070890245786128 10.36390109837607 0
7.758051781160842 9.590169853093498 0
7.756909072162646 10.1633505211382 0
7.911261323373775 10.45032257987232 0
8.06287576546022 10.54185581636112 0
7.744888202356531 6.117687284849589 0
8.222126959170438 9.867961118991474 0
8.21276790851196 10.46155395281677 0
8.220697509339409 4.680743683445332 0
8.243701042530958 7.756472130116889 0
8.226910370745051 4.108354079515015 0
7.745651836221165 5.347745520019671 0
7.745375156560148 5.732814878837043 0
4.956662108150502 11.42910597348672 0
8.242789511390082 6.398894544643133 0
7.74333865202092 4.965426308344882 0
8.244097157653631 7.177793587637718 0
7.754226661571911 3.40843221157122 0
6.388619750739863 0.731461492500963 0
6.297574642138596 0.5620122255365549 0
6.106262071028594 0.5637563586291048 0
6.202935133808698 0.3913647348666514 0
6.417033026528552 0.3786924644612704 0
5.991949164009043 0.3997513909250152 0
5.836215638666976 0.2625622003282606 0
5.807773633047549 0.4416176350391741 0
5.641163827607612 0.3166685775359017 0
5.6179031242568 0.5099986074643255 0
5.606596340635348 0.728216847691451 0
5.469403975525231 0.3827504793973633 0
5.591709364256495 11.08113779646949 0
5.657201426456723 11.26865671303725 0
5.859533743714799 11.28398628742448 0
5.74523525259394 11.44893905105118 0
5.546419138875379 11.44889431168077 0
5.995127290111032 11.13358854366439 0
6.141633575743027 11.27330822563475 0
6.393703743364516 11.09657123256316 0
7.752110951511306 3.023412078327156 0
5.058458293439571 0.2646078712441273 0
4.758891239992865 0.3459625373112614 0
5.251388432633171 0.2661275018709537 0
5.939132610060483 11.46624653269745 0
5.845250387429781 11.63265898929407 0
6.65610285916559 5.904871988944122 0
6.811748849549369 5.995808545664588 0
6.809962593583736 6.183064803041664 0
8.240289002922863 6.02192504289393 0
6.654701980863909 8.814203805873593 0
6.80825947383428 8.718048468636246 0
6.806312340104776 8.548570369496128 0
6.96890802723674 8.627500768059518 0
6.649601935813592 2.997251007920693 0
6.802967599989302 2.901429123587287 0
6.801811146565885 2.731860875936232 0
6.964391725249991 2.81080391011484 0
7.750738773891754 2.640325025181774 0
6.968760809735357 6.088114986210738 0
4.841158762864449 0.5403062907901788 0
4.622186961394529 0.4953890471769107 0
4.536899316371882 0.7135159321490825 0
4.417910289718586 0.5402959409458079 0
4.223700754267774 0.5726895366779905 0
4.29009460457513 0.3954230585417413 0
4.093273224183655 0.4257854887189456 0
6.25872835732265 0.1893613487001193 0
6.58300104586358 0.2961588308024377 0
6.656610160155368 5.542311884757878 0
6.811800696915442 5.63399854574248 0
6.812841149136122 5.449314649254094 0
6.81247721950154 5.266937341450434 0
6.65686036408803 9.175867778737175 0
6.813339247793721 9.077884968987354 0
6.818074704476924 9.253978286559761 0
6.817683236928816 9.445354467913543 0
6.98062174054283 9.324909227516951 0
6.659356338734773 9.539738808623142 0
6.814295779639207 9.625744315083539 0
6.657222170953675 3.905565042136723 0
6.812624311267856 3.995001316316925 0
6.814468054395681 4.17858486588416 0
6.800164303673728 3.804916013560155 0
6.9621340609428 4.071909981057553 0
6.658367149751204 4.271018629782512 0
6.812252069320484 4.362119176407095 0
6.657514136591831 7.539679786131234 0
6.813820474670012 7.634811632248193 0
6.819032471688676 7.814617453039698 0
6.811155794400047 7.46482756167859 0
6.977911881624161 7.735404207006437 0
6.981027933915085 7.904031231175024 0
6.811435568600514 7.988068043239202 0
6.657501877366685 7.904424299537407 0
6.658190952930495 2.090955328672216 0
6.812314529532286 1.99066576921241 0
6.816822802110361 1.81429900068416 0
6.823241604150104 2.18280162693022 0
6.97764092709116 1.908736658166263 0
6.972178749838663 1.723076617462787 0
6.815121483018008 1.632993704817411 0
6.959799688636287 1.548182396771693 0
7.137475263509437 1.815537993044142 0
6.658434000903565 10.08740242903402 0
6.818156944470239 9.983937257227909 0
6.819018114402297 10.17289174876219 0
6.657788666005588 1.725068554865431 0
6.656535024961751 1.545045920382778 0
4.854904162573063 11.25300621510259 0
4.755512751648727 11.43426111022754 0
4.666393192855933 11.62070935391851 0
4.551948958927436 11.45082298033506 0
4.364618069975989 11.47560489806463 0
4.435475944142193 11.28494679435244 0
4.234481009217585 11.31812837314632 0
4.143590656555449 11.113509200368 0
4.011059117182126 11.26961680708805 0
3.815865839522746 11.23338982224088 0
3.884503072038515 11.39100231447886 0
3.722396711810866 11.34873610469143 0
4.649178665694609 11.2625233634535 0
6.654717596434217 6.633528980843267 0
6.810076886006343 6.726787884094486 0
6.810131619543283 6.914819104193392 0
6.970604593216192 6.821694633164217 0
7.123120704715983 6.384349030167141 0
6.963076892193539 6.467226663255184 0
6.964056279528046 6.284315400625461 0
6.65326662917528 2.271861157870532 0
7.118848958976316 5.636168754603103 0
7.102774261431204 3.198118535120307 0
6.945687879454618 3.298362644437354 0
6.943358843990151 3.490568042445257 0
6.785233582715692 3.400505248538762 0
6.946353515476332 3.125768768117695 0
6.63689739206329 11.648756251219 0
7.139629670310113 9.019462094295113 0
6.972721670936367 8.946044168805656 0
7.098085066067783 2.451624381592652 0
6.938464672283148 2.518016173037547 0
6.952944092564636 2.323950216281387 0
6.657538775551867 4.81523205887564 0
6.813947801496063 4.723164029302582 0
6.81412625320456 4.905185921729219 0
7.124288496661608 8.265549948096652 0
6.989127011529535 8.353300737138046 0
6.965998123812422 8.186494618567984 0
7.138967413824922 9.775286960226595 0
7.141990988309848 9.959470751785457 0
6.97808978957537 9.880748220758878 0
0.9488294543213676 0.7337207341057699 0
1.047893230820404 0.5613375380879493 0
1.247523937946867 0.5602465085073121 0
1.145500427640532 0.3957139775521181 0
0.9470138888248956 0.3972513855199278 0
1.342861850734126 0.3975179815647572 0
1.446040332255403 0.5606397959749021 0
1.539631398569029 0.4005708046100764 0
1.644715820963546 0.5602720866622688 0
1.746087892410285 0.3653355262372706 0
1.844787682289676 0.5531249246795689 0
1.940015278443671 0.3813733853466807 0
2.037193684659431 0.5546504839668991 0
2.152918380331871 0.3977114560446946 0
2.307216372457801 0.2725735278214483 0
2.333517299032204 0.4452276331860521 0
2.137871991790202 0.733545521467299 0
0.9488294543213653 11.07877926589423 0
1.047882345522027 11.25115495562572 0
1.247522123730478 11.25225224044496 0
1.145499656290038 11.41678549053984 0
0.9449056144172197 11.40734088617224 0
1.342861630873008 11.41498186682334 0
1.446039993242489 11.25185997024848 0
1.539631332036415 11.41192914951032 0
1.644715753372629 11.25222786672833 0
1.746087878724219 11.44716446432505 0
1.844787668743516 11.25937506597922 0
1.940015278443691 11.43112661465326 0
2.037193682401748 11.25784951447618 0
2.152918379955608 11.41478854369579 0
2.307216372395101 11.53992647213529 0
2.333517298994904 11.36727236678818 0
2.137871991413928 11.0789544782732 0
6.008395830630613 0.7375269522412564 0
7.126379979045806 7.13364294326071 0
6.966983351402247 7.021452151954862 0
6.967354708049202 7.209428823870053 0
7.13065893489056 7.31879589021312 0
7.752888282359703 6.330582364571501 0
7.752095929325204 4.363876991019941 0
7.117903153084223 5.080571408348968 0
7.119300926610761 5.265169438636573 0
7.754590230056922 6.909450312692305 0
7.256160010325407 1.408319285623133 0
7.095197547079826 1.303393269014524 0
7.105094027789347 1.110886605087071 0
7.751393914953269 3.789647208268295 0
7.143710676716828 10.33697603687994 0
6.65639024391597 4.452314484591854 0
0.5426485974474309 11.08852604962467 0
0.660253851331329 11.25962743297621 0
0.8477357982202127 11.24956295180777 0
0.7470669128188709 11.41887678621348 0
0.5424645272261488 0.7239784592033809 0
0.6609351057468453 0.552052835806478 0
0.8507292725130582 0.5611552035886955 0
0.7506071250432185 0.3884850978293173 0
8.328642808764222 7.59667389795936 0
8.343529804748668 5.214905364394551 0
8.345851439473471 5.613803935759233 0
6.653979307349243 8.085097910349321 0
7.1434824272071 10.52641819285594 0
6.980770865468497 10.4367888613586 0
7.095064226200145 2.046116643759638 0
1.747493735219582 0.7309990330650571 0
1.747493721696736 11.08150095760983 0
8.345557747156068 9.372031669457153 0
8.335669738258716 2.459753338084338 0
7.115318371745595 4.70937894822749 0
7.115023935436644 4.527747609129015 0
7.103584208920088 3.574161215047256 0
6.947984916792286 3.695951995069874 0
7.02734122784681 11.64392298850302 0
6.935233740494462 11.47725524263037 0
7.122227019209639 11.47493773893687 0
7.035454730859219 11.30516937659699 0
7.22529350846979 11.30804699072835 0
7.321376456340703 11.1606120992029 0
7.446746592373538 11.29540139844233 0
7.220075411739863 11.64442144639613 0
6.240685967180137 11.64244912792834 0
6.339285714285692 11.47372717687357 0
5.256965996927899 11.63757377047032 0
7.024663563464882 0.1669749558405691 0
6.914617968412852 0.3324065169599022 0
7.225475554742159 0.1649377672722512 0
8.342316393572188 8.981500492218604 0
8.341680327626371 2.850569502456086 0
0.7318403681544527 11.62648751661523 0
0.7323423654844397 0.185629997893173 0
7.25808581543025 1.026721220125255 0
6.657409848567939 10.26682819709229 0
8.347645103375491 3.629088300605582 0
8.329759504638151 8.169865187472407 0
8.347063050563275 3.238524624030933 0
8.336385183580086 8.590717318125151 0
7.616951782407559 0.1677197610958796 0
7.518048539822455 0.3391153367079216 0
7.72772560086691 0.3474156879118109 0
7.617202683099567 11.64366846381867 0
7.71574963235003 11.48165501047399 0
7.910159212934831 11.48182368646931 0
1.348518068792754 0.7330979990065636 0
1.348517709921205 11.07940175352271 0
8.330544876835235 10.92648600921492 0
8.141887720170818 10.83594311151803 0
8.349435112034323 0.894980434934296 0
8.32794559389367 7.005135312403956 0
8.32842969408193 6.578806372768851 0
8.33554731960097 2.067821330243163 0
8.3378837757559 1.872130206525206 0
8.008183420155911 11.64195813502893 0
8.104284177207621 11.49682545696541 0
4.950794315348372 11.07919177078356 0
6.819968662012529 10.71952306597286 0
2.961702560327337 11.07639889366274 0
3.06211873337265 11.24541272497086 0
3.250993954697694 11.25078482128625 0
3.149425575323472 11.42408918823803 0
3.358248691252784 11.42438705466729 0
2.952420468570732 11.41936534295424 0
3.487435759293784 11.57383038712837 0
3.44563412296388 11.23975903722545 0
3.089675836017643 11.6198402139741 0
2.767618648287158 11.48661637318143 0
2.774902632044586 11.30332597941341 0
2.614435665297064 11.23424722889391 0
2.961702560326157 0.7361011063379426 0
3.062118733371273 0.5670872750299303 0
3.250993956462551 0.5617151797361899 0
3.149425575323473 0.38841081176197 0
3.347836762731752 0.3882735945719586 0
2.952420468570534 0.3931346570458745 0
3.492175736806155 0.2683195873673814 0
3.651711271912653 0.3708395883269437 0
3.822653021179637 0.312732877796436 0
3.781262708639709 0.5017242984819843 0
3.439446855839748 0.5653303052632799 0
3.089675836070387 0.1926597860047199 0
2.767618648287123 0.3258836268185838 0
2.774902632044543 0.5091740205866113 0
2.61443566529705 0.5782527711060865 0
3.759390477402738 0.7085028480974671 0
8.341051043467949 1.478481089612904 0
8.345594686999455 1.281129854556229 0
5.058658584455266 11.61486621573647 0
8.349850577250903 0.5016223610263921 0
8.333107571501479 11.30787023251638 0
3.349346525515981 11.07503536164119 0
3.348117980904595 0.7342932128954915 0
7.80948659858654 11.30645787241304 0
6.811429018716327 5.815303752966584 0
6.146186641876484 11.44531169598709 0
1.526785714285714 0.1701121328862216 0
1.133928571428573 0.170112132886219 0
4.276445698193793 0.1646571357260065 0
1.526785714285715 11.64238786711378 0
3.871442533450002 11.65999260481099 0
1.91304119006913 11.63934058208629 0
1.913041190662894 0.173159417504257 0
4.681087732468261 0.1683805806788481 0
1.13392857142857 11.64238786711379 0
7.115789132485384 3.963027647712122 0
6.657332806743899 1.18160143014671 0
6.656508659117325 6.271255358919657 0
7.746820825053446 1.689994664375741 0
8.057793206224515 0.7248488587606783 0
6.656446128279203 5.178533077168847 0
7.584168991133906 2.163703843939659 0
7.599705701454309 7.410027185649647 0
7.626418448320004 10.61974720786569 0
7.614062758515811 8.356112435631418 0
7.573933523971483 0.6437779677470692 0
7.743958476782791 1.120859645772681 0
6.658720400745485 10.63084122736669 0
6.649547553545069 2.635348497355749 0
7.614333447911647 9.108824137468291 0
8.080522931638228 2.069536906762266 0
7.90642134991404 1.213270745752689 0
7.61927535484789 8.732936749051092 0
6.811954991278416 5.087041018006518 0
6.654186878724284 7.362323472719263 0
6.808693096547197 4.543586330360151 0
6.817910255932671 10.53585969287294 0
6.654953255606074 6.998951781428027 0
6.809490592286839 1.274462148833367 0
7.586070880265029 2.353479386764707 0
7.744872420441535 1.500037943635798 0
6.653057545086476 8.451422557032002 0
6.647351517451055 3.721863892423143 0
6.81583322011763 0.5100335561545384 0
6.656701684215506 9.720828490460617 0
7.963666866113055 10.80399524431165 0
8.158097810944472 11.03714376617125 0
5.647630107634959 11.63111779381978 0
4.94447763290167 0.7343863594039384 0
7.750714007675469 2.450579301026206 0
8.16383797797975 11.2219568231095 0
4.07365732239502 11.44320424716338 0
4.276785714285714 11.64691473239991 0
8.003605711849307 0.1610521968288232 0
4.547384617645397 11.08473368288542 0
7.587283608085042 2.731245827961998 0
6.964697723701523 5.542989978031449 0
6.965077295472797 5.725927451988047 0
7.52024658544723 11.48216752592524 0
7.905589285338917 1.403433315670436 0
6.96544830187732 5.356783736240425 0
7.75220539436994 2.831403956881402 0
6.965417245198604 5.906643923662753 0
6.987659102841467 10.24290167882918 0
6.980475069868142 9.131180972262362 0
7.605891040448903 7.971195725193427 0
5.350048804766478 11.44293615215029 0
6.981107845582819 10.06459280727054 0
7.125485643497976 6.001158454178038 0
7.139087480221765 9.408101505804916 0
6.806333556383543 1.455569281880115 0
6.489758731239517 0.569283272114256 0
6.816123548076699 9.802517356219507 0
0.3892365496252537 11.18437675252256 0
6.817055850701443 10.35246171552882 0
7.58917606754571 3.111876546224523 0
6.808922841421586 8.888332481518344 0
8.060562562820266 1.297041356981512 0
4.472722649708346 0.3626442987570595 0
0.3891576141342767 0.6282253695241637 0
8.198415203595166 11.65542860673738 0
8.196953798037971 0.1774692374987517 0
6.96484136794945 5.175696791459728 0
6.977169279190459 9.515932618040097 0
0.4009576791138518 11.54062500000001 0
0.568327670436573 11.44714668142549 0
0.4009576791138456 0.2718749999999934 0
0.5689953975301147 0.3645244082858392 0
7.325520916616548 11.47487844299772 0
8.223444162086786 4.850287949971721 0
7.752662535797815 3.215792961161343 0
7.126619286760418 8.666050775400018 0
7.133614084294224 6.755932866167559 0
6.804517611107952 6.36453331439094 0
6.806784111274645 6.547138617315118 0
4.145979354835959 0.7419429510521729 0
6.962405579991874 1.008008481134075 0
6.964322735499825 4.992363881277349 0
7.590887686158204 3.49226803374806 0
7.111191846156823 0.34524900183425 0
6.963620656595464 4.809297728368389 0
6.812117039572878 7.287513299647256 0
6.811255929292134 7.10202218496859 0
6.961970400201039 4.628716014262937 0
7.753047550091969 3.59899519010171 0
6.967841663076788 7.392695925475175 0
6.830641945103174 8.35443318873957 0
8.213721806979912 9.674714152144478 0
8.217235622202395 4.301082526350239 0
7.75773610264585 9.967177504270158 0
7.584923207261556 3.862882939846385 0
6.805513657451112 8.164805866020117 0
6.535456786154566 11.48235876070763 0
6.965816910728245 6.647966578491957 0
7.591815068377944 4.061725672383041 0
7.143996015446 7.69465961507666 0
7.751822039381649 4.173277483109441 0
7.75941884702945 9.39554088817631 0
7.141760860195173 7.874139721717851 0
7.585643349513427 4.430452079486671 0
3.746045354181254 11.0618781649012 0
7.593287952373054 4.631080496593738 0
6.30884036309735 11.2930439650335 0
2.702261072755931 11.66178173407923 0
2.702261072755928 0.1507182659207658 0
8.221836836185522 10.26083258263711 0
7.756496492749248 4.756787312030014 0
7.298086042643781 10.9813375161498 0
6.961768502995617 4.445088403008441 0
3.618983962274587 0.5601578611122893 0
7.560633044189236 4.98219297608069 0
2.545377844256903 11.06437917693412 0
2.545377844256899 0.7481208230658769 0
6.977286977257828 9.698777605226114 0
7.78666467393824 5.159190735904409 0
7.765395744626131 9.013953432476814 0
6.739808064938659 0.3174673017808907 0
2.451500192533362 0.3320568663004329 0
2.451500192523167 11.48044313369252 0
7.763317199058676 9.203426478471536 0
7.764925273565276 8.824354766230439 0
6.637054071647073 0.147129047043391 0
7.564570640360984 5.353039164917737 0
7.783468550816945 5.540552932073536 0
6.966874217539622 4.255915155154026 0
7.118399951479049 4.150821637548207 0
6.95744814075975 3.88317315224496 0
7.784630883582193 5.923679185649459 0
7.565983410818804 5.729513481511923 0
7.764100285883426 8.634162144437807 0
7.56281391072539 6.105392162273276 0
7.763045158930629 8.443977495897141 0
7.348701936969851 0.3245699758860727 0
7.483943301784588 11.09362289013524 0
5.918367299230081 0.5771358625735719 0
3.884849401052192 0.1443804480022717 0
7.587100129870001 6.271214555316282 0
7.7529153731467 6.529242378959249 0
7.113907271293217 2.840480237088594 0
7.609686847418958 9.492908488474228 0
7.765220183812922 8.24861169528428 0
7.761411727586552 8.056675107063004 0
5.6665653093285 0.1413464062899745 0
7.752171508582197 7.102964809848395 0
7.756847792722064 7.490521251227253 0
7.587196166166064 6.657143458456703 0
7.596573125083422 6.834762115605934 0
4.051929239103272 0.5935404737360335 0
7.599547355811344 7.214096720133263 0
6.61718068201946 0.4497467349069018 0
7.599411421529727 7.786411015874725 0
7.609873345734919 9.679191546447361 0
7.757215799217189 7.683036766058574 0
6.798870005296504 3.06606830409311 0
6.794298269978493 3.607900156200021 0
7.10466834320316 0.5485808754023314 0
7.759137195764973 9.778592050252323 0
6.633878083715627 3.355744440130065 0
6.786377354669334 2.547035918772526 0
5.374450546087416 1.366059027777776 0
5.306548662097054 0.4466252465728608 0
6.801714992403603 2.382571318900839 0
6.964217092377789 11.15923162501822 0
3.568499496010794 11.38286708948657 0
7.609701109144916 10.0637822596366 0
5.375 0.9979166666666694 0
6.759875739791952 11.4903952733823 0
5.374908424347902 1.182016782407408 0
6.980508741926249 2.169616945724185 0
5.372851927589346 1.549987660853414 0
5.375307015651122 1.729952537492663 0
7.613691454081545 10.24748973988576 0
5.374514109327061 2.098270566239316 0
6.94057740593195 1.368454462693015 0
7.300521842508764 1.794874651808478 0
5.375875921744065 4.635509823848238 0
5.376351263544302 4.449075485546523 0
7.595374434829798 0.4782647019651263 0
7.118333771345359 0.9319470196027222 0
6.95410313707006 1.192418743984475 0
7.762848964488388 10.34254405707486 0
5.374970187496364 1.91419904292969 0
7.087558469899342 1.637050227187918 0
5.375041260461183 2.4624265491453 0
5.372974064873354 2.282838255494506 0
6.974118343385781 7.571674499997457 0
5.375747593759148 10.7861643437863 0
2.228874338875619 11.23955156051824 0
2.429397909652205 11.2206913086517 0
2.228874339238406 0.5729484392315358 0
2.42939790971888 0.591808691302294 0
5.377979787666419 2.828240957890348 0
3.641350824379494 11.22243771910949 0
5.375781263907964 6.81877670940171 0
5.375971158052494 6.632758646897367 0
7.766030007454908 10.52575251452212 0
5.375772848851414 8.628182327496352 0
5.375945704492556 8.814174332047807 0
6.79527080532568 3.236784125911409 0
7.115013223798124 0.7389599781713212 0
8.182088908756782 10.6710070424707 0
5.375503508021266 2.64608080245466 0
7.923092443081747 10.62117566919193 0
5.376695734809445 9.002082265681096 0
8.206770657476138 2.165757352512999 0
8.350406965381325 10.54396849921458 0
5.376719150198278 6.44484637027193 0
8.020913560180825 11.34420630663843 0
3.939265006513986 0.452072520582055 0
7.624787922922662 11.35247133425149 0
8.206473308943107 1.972714511529014 0
2.655746903242766 0.4339278503250252 0
2.655746903242785 11.37857214967498 0
7.104035188333096 1.480629530495483 0
8.205415920596009 2.358315284472547 0
8.205215354981352 1.778984061690058 0
6.970019669737113 8.780391829942049 0
5.377068905500717 4.261093829621523 0
5.376709159611864 4.824005129073727 0
5.376706752853043 10.61871370499419 0
8.205874396488758 2.552803906854885 0
8.358231061452233 10.34821700119771 0
8.205487020577429 1.581333788653491 0
7.910361583592144 0.2889658007405123 0
6.955886969882265 2.960353790562464 0
8.217715892964234 10.06498065585895 0
8.201872498110937 2.743976563520261 0
5.377301644975606 5.01286446752021 0
8.209105261490965 1.380606221533665 0
5.37697906526313 7.007688290424571 0
5.377314344937175 10.43336181095327 0
5.376994300976625 8.439244688520603 0
8.358641025050282 9.762321821693709 0
8.203199839460993 2.938130123018913 0
8.360476422636591 9.955118428176986 0
5.377538375801854 7.196617008170616 0
5.37798093217085 3.016806836738239 0
5.377551673159731 8.250311627782411 0
2.601424353082741 11.51124044865786 0
2.601424353083604 0.3012595513415377 0
5.377379729360799 9.191377896896402 0
5.37739792713278 6.255550015224601 0
8.204103171316136 3.131845715269988 0
8.355921132233835 0.1441980807320276 0
8.355921132233835 11.66830191926797 0
8.205641325898194 3.326407150856468 0
5.378003149210365 5.200716102101815 0
5.753763309997185 0.5956754748317987 0
5.377759470025975 9.380370623007853 0
5.378012486808041 10.24609475043926 0
5.37777091804452 6.066557168474477 0
8.213206249639038 3.910815555461463 0
6.545439795033509 11.09120263251789 0
5.377664699271668 4.0717859113576 0
8.206117909728388 9.48344164517583 0
8.205293394845079 3.520190194431651 0
5.378140415492865 7.384480205968815 0
5.378147509640845 8.062447706152186 0
6.545717343588381 0.7212951749573913 0
8.194100648310615 9.296212172638697 0
5.377929924249906 3.882791137404712 0
8.360020313427791 4.214184855406341 0
3.504259292072691 0.4232511676152493 0
8.206655423434434 3.716085849310372 0
8.209031268098409 1.189772090015629 0
5.378237645998482 9.568244488866954 0
5.378242088907496 5.878683282508931 0
5.378220527252144 3.205143749420935 0
3.993406048726234 0.2933747336195571 0
8.207317384094743 0.9992234204762225 0
8.191242984576869 9.104614045335637 0
8.359886422264035 4.015630841100103 0
4.17957344120051 0.2865263029979319 0
5.378289198717717 3.694916930238705 0
8.201924901280403 0.8122872404066701 0
8.204211789237997 0.4076715396439301 0
5.378281546114727 5.388933974073463 0
5.378285445396751 10.05797430747888 0
8.193543850553253 8.908659709037929 0
3.746096163130311 11.50299936624355 0
8.36360508627099 4.801529052603711 0
8.20317457300218 0.6127013124018346 0
5.378324310174613 7.572700005143229 0
5.37832549253261 7.874227786339102 0
0.3754593514078564 11.69095030273416 0
0.3754957434317694 0.1215484906719118 0
5.378322971928492 9.756466066051518 0
5.378321369397582 5.690461701973294 0
8.355931116928058 4.596389619546299 0
8.189535981628637 8.718247480250085 0
5.403926286011947 3.538674599306028 0
0.3786996853427942 11.03468638459472 0
0.3786454821582019 0.7778471997694352 0
8.214166282167286 4.491437407950163 0
8.192251814281034 8.537485309965234 0
6.928658272742214 2.666560624062281 0
8.208522107616606 8.25570873981345 0
6.941941285379547 8.478560818490747 0
6.399999999999999 4.452403846153846 0
5.600000000000001 4.452403846153847 0
6.399999999999999 5.179326923076924 0
5.6 5.179326923076923 0
6.399999999999999 5.90625 0
5.600000000000001 5.906250000000001 0
6.399999999999999 6.633173076923078 0
5.6 6.633173076923077 0
6.399999999999999 7.360096153846154 0
5.6 7.360096153846154 0
5.6 8.087019230769231 0
6.399999999999999 8.087019230769231 0
5.600000000000001 8.81394230769231 0
5.600000000000001 9.540865384615385 0
5.600000000000001 10.26778846153846 0
6.2 4.452403846153846 0
5.8 4.452403846153847 0
6.2 5.179326923076923 0
5.8 5.179326923076923 0
6.2 5.90625 0
5.8 5.90625 0
6.2 6.633173076923077 0
5.8 6.633173076923078 0
6.2 7.360096153846154 0
5.8 7.360096153846154 0
5.8 8.087019230769231 0
6 8.81394230769231 0
6 9.540865384615385 0
6 10.26778846153846 0
6.4 1.544711538461539 0
5.6 1.544711538461539 0
6.199999999999999 1.544711538461539 0
5.8 1.544711538461539 0
6.2 8.087019230769231 0
6 2.271634615384615 0
6 2.998557692307692 0
6 3.725480769230769 0
6 4.452403846153847 0
6 5.179326923076924 0
6 5.90625 0
6 6.633173076923078 0
6 7.360096153846154 0
6 8.087019230769231 0
6.4 2.271634615384615 0
5.6 2.271634615384615 0
6.399999999999999 2.998557692307692 0
5.600000000000001 2.998557692307692 0
6.399999999999999 3.725480769230769 0
5.6 3.725480769230769 0
6.2 2.271634615384615 0
5.8 2.271634615384615 0
6.2 2.998557692307692 0
5.8 2.998557692307692 0
6.2 3.725480769230769 0
5.8 3.725480769230769 0
6 1.544711538461539 0
6.399999999999999 8.81394230769231 0
6.399999999999999 9.540865384615385 0
6.399999999999999 10.26778846153846 0
6.2 8.81394230769231 0
5.8 8.81394230769231 0
6.2 9.540865384615387 0
5.8 9.540865384615385 0
6.2 10.26778846153846 0
5.8 10.26778846153846 0
5.380357802210682 3.393397883011717 0
8.220311311301064 8.07179507248339 0
8.219218540832422 5.123535807548852 0
5.398567881495472 5.540801499687194 0
5.398572684067169 9.906190490241681 0
8.218522169618442 5.312032146122287 0
8.389966705849126 7.776562500000001 0
5.398608670545265 7.723497390206401 0
8.221844741250228 5.51293311326458 0
0.8490207532956284 11.53231673712037 0
2.309601791924439 11.69638003368748 0
2.309601791930836 0.1161199663080925 0
8.211072813483764 7.479299977937991 0
8.39085184417832 7.1859375 0
8.390976396647361 6.0046875 0
6.002317420818739 11.32445086039026 0
8.221918408526076 5.709472321040998 0
8.391254049235858 6.3984375 0
8.194612396096051 6.870928681067397 0
8.222457055932438 6.6938481624474 0
8.185483782207402 6.214431472511973 0
3.898242512770528 0.6004818456345467 0
6.946315335517825 8.046170483307691 0
0.5116834091705753 0.5442882356109848 0
0.8493560114863752 0.2767482013284797 0
4.213392818540089 11.50812435414485 0
0.5114644183396497 11.26791787071412 0
5.848226492985405 0.1082988761916752 0
3.948968599917255 11.52463466931202 0
1.037065981285476 0.2767647341162753 0
1.040484284333634 11.53088956879595 0
8.188271444205988 7.930944646269743 0
5.258928571428571 0.1022420535104507 0
1.234305124120757 0.2772319737576092 0
1.236950452392306 11.53126224301253 0
8.191720890947856 11.36426630263152 0
4.61305675897648 0.3059056204126911 0
8.186874241930036 5.849227293820848 0
2.51483365951346 11.34625660715277 0
2.514833659513448 0.4662433928472174 0
5.453273464290488 0.7690746007811304 0
5.0625 0.1014034834778696 0
6.942059304732864 2.045656226799252 0
1.433597712074096 11.53079792385151 0
1.431846745135501 0.2785557811568138 0
2.909163477197965 0.5927053256015586 0
2.909163477198113 11.21979467439852 0
4.373343805601045 0.2737039900600235 0
6.970527474370142 0.4737555961722624 0
8.188881285253974 7.346893348212475 0
5.379586284122012 0.8639789461779168 0
8.04868765857338 10.69286913008939 0
1.624999999999991 11.5418385495353 0
1.624999999999987 0.2706614504646865 0
3.491071428571429 11.71334544967507 0
3.489931553049237 0.1153612762471532 0
2 116 0 46
2571
2572
2573
2574
2575
2576
2577
2578
2579
2580
2581
2582
2583
2584
2585
2586
2587
2588
2589
2590
2591
2592
2593
2594
2595
2596
2597
2598
2599
2600
2601
2602
2603
2604
2605
2606
2607
2608
2609
2610
2611
2612
2613
2614
2615
2616
2.056904838200292 8.821775445895371 0
2.02949537138523 8.510416666666668 0
2.07596779112365 6.399402788998978 0
2.067124103458281 8.348687372826994 0
2.075686099727469 6.007846899175865 0
2.076930209846187 6.595244546974166 0
2.07708483108029 6.79116122690814 0
2.076370353489402 5.812701470336906 0
2.077714789470746 6.987886167257622 0
2.076695172928468 5.616590011940174 0
2.070517650597546 8.156945019060927 0
2.07540192523549 7.181674004449059 0
2.072223105018699 5.231638447276136 0
2.072892208307598 7.567367954519646 0
2.071379040467067 5.0390625 0
2.076342315141853 6.203338117671998 0
2.072316819235 7.759924196432523 0
2.07206104528775 4.842820308471421 0
2.072834556744471 7.957443590663923 0
2.071582290932314 4.648268812748532 0
2.066250850143596 3.097098214285714 0
2.071562297015581 4.452717648586003 0
2.07114749590074 4.258066098024278 0
2.070727628221832 4.063469188716247 0
2.075886379657861 5.421551841417005 0
2.070326366271987 3.868875598240436 0
2.0699451478727 3.674282209345785 0
2.070729042061288 3.47697025716076 0
2.070033985623978 3.283289378822768 0
2.075782355590515 7.376560936613831 0
2.028819729269038 8.65953201876034 0
2.042171196768606 2.903000125083411 0
0.5411845933562431 2.876044355789741 0
0.3744004276051771 2.873330376702086 0
0.7254233581519656 2.877372072137797 0
2.02131233127436 8.933743225434259 0
2.140338216623975 8.600636270537192 0
0.9146409300623644 2.877971292681402 0
1.811355555555556 2.888884017777777 0
1.104688303158542 2.878271729027147 0
1.614458049886621 2.88538369031998 0
1.29487397645235 2.87834499977613 0
1.449457516378906 2.902745738019222 0
2.139474237216592 8.72693004325993 0
2.144264837865198 8.958504003012363 0
0.3459222222222218 8.96875 0
2 117 0 797
2617
2618
2619
2620
2621
2622
2623
2624
2625
2626
2627
2628
2629
2630
2631
2632
2633
2634
2635
2636
2637
2638
2639
2640
2641
2642
2643
2644
2645
2646
2647
2648
2649
2650
2651
2652
2653
2654
2655
2656
2657
2658
2659
2660
2661
2662
2663
2664
2665
2666
2667
2668
2669
2670
2671
2672
2673
2674
2675
2676
2677
2678
2679
2680
2681
2682
2683
2684
2685
2686
2687
2688
2689
2690
2691
2692
2693
2694
2695
2696
2697
2698
2699
2700
2701
2702
2703
2704
2705
2706
2707
2708
2709
2710
2711
2712
2713
2714
2715
2716
2717
2718
2719
2720
2721
2722
2723
2724
2725
2726
2727
2728
2729
2730
2731
2732
2733
2734
2735
2736
2737
2738
2739
2740
2741
2742
2743
2744
2745
2746
2747
2748
2749
2750
2751
2752
2753
2754
2755
2756
2757
2758
2759
2760
2761
2762
2763
2764
2765
2766
2767
2768
2769
2770
2771
2772
2773
2774
2775
2776
2777
2778
2779
2780
2781
2782
2783
2784
2785
2786
2787
2788
2789
2790
2791
2792
2793
2794
2795
2796
2797
2798
2799
2800
2801
2802
2803
2804
2805
2806
2807
2808
2809
2810
2811
2812
2813
2814
2815
2816
2817
2818
2819
2820
2821
2822
2823
2824
2825
2826
2827
2828
2829
2830
2831
2832
2833
2834
2835
2836
2837
2838
2839
2840
2841
2842
2843
2844
2845
2846
2847
2848
2849
2850
2851
2852
2853
2854
2855
2856
2857
2858
2859
2860
2861
2862
2863
2864
2865
2866
2867
2868
2869
2870
2871
2872
2873
2874
2875
2876
2877
2878
2879
2880
2881
2882
2883
2884
2885
2886
2887
2888
2889
2890
2891
2892
2893
2894
2895
2896
2897
2898
2899
2900
2901
2902
2903
2904
2905
2906
2907
2908
2909
2910
2911
2912
2913
2914
2915
2916
2917
2918
2919
2920
2921
2922
2923
2924
2925
2926
2927
2928
2929
2930
2931
2932
2933
2934
2935
2936
2937
2938
2939
2940
2941
2942
2943
2944
2945
2946
2947
2948
2949
2950
2951
2952
2953
2954
2955
2956
2957
2958
2959
2960
2961
2962
2963
2964
2965
2966
2967
2968
2969
2970
2971
2972
2973
2974
2975
2976
2977
2978
2979
2980
2981
2982
2983
2984
2985
2986
2987
2988
2989
2990
2991
2992
2993
2994
2995
2996
2997
2998
2999
3000
3001
3002
3003
3004
3005
3006
3007
3008
3009
3010
3011
3012
3013
3014
3015
3016
3017
3018
3019
3020
3021
3022
3023
3024
3025
3026
3027
3028
3029
3030
3031
3032
3033
3034
3035
3036
3037
3038
3039
3040
3041
3042
3043
3044
3045
3046
3047
3048
3049
3050
3051
3052
3053
3054
3055
3056
3057
3058
3059
3060
3061
3062
3063
3064
3065
3066
3067
3068
3069
3070
3071
3072
3073
3074
3075
3076
3077
3078
3079
3080
3081
3082
3083
3084
3085
3086
3087
3088
3089
3090
3091
3092
3093
3094
3095
3096
3097
3098
3099
3100
3101
3102
3103
3104
3105
3106
3107
3108
3109
3110
3111
3112
3113
3114
3115
3116
3117
3118
3119
3120
3121
3122
3123
3124
3125
3126
3127
3128
3129
3130
3131
3132
3133
3134
3135
3136
3137
3138
3139
3140
3141
3142
3143
3144
3145
3146
3147
3148
3149
3150
3151
3152
3153
3154
3155
3156
3157
3158
3159
3160
3161
3162
3163
3164
3165
3166
3167
3168
3169
3170
3171
3172
3173
3174
3175
3176
3177
3178
3179
3180
3181
3182
3183
3184
3185
3186
3187
3188
3189
3190
3191
3192
3193
3194
3195
3196
3197
3198
3199
3200
3201
3202
3203
3204
3205
3206
3207
3208
3209
3210
3211
3212
3213
3214
3215
3216
3217
3218
3219
3220
3221
3222
3223
3224
3225
3226
3227
3228
3229
3230
3231
3232
3233
3234
3235
3236
3237
3238
3239
3240
3241
3242
3243
3244
3245
3246
3247
3248
3249
3250
3251
3252
3253
3254
3255
3256
3257
3258
3259
3260
3261
3262
3263
3264
3265
3266
3267
3268
3269
3270
3271
3272
3273
3274
3275
3276
3277
3278
3279
3280
3281
3282
3283
3284
3285
3286
3287
3288
3289
3290
3291
3292
3293
3294
3295
3296
3297
3298
3299
3300
3301
3302
3303
3304
3305
3306
3307
3308
3309
3310
3311
3312
3313
3314
3315
3316
3317
3318
3319
3320
3321
3322
3323
3324
3325
3326
3327
3328
3329
3330
3331
3332
3333
3334
3335
3336
3337
3338
3339
3340
3341
3342
3343
3344
3345
3346
3347
3348
3349
3350
3351
3352
3353
3354
3355
3356
3357
3358
3359
3360
3361
3362
3363
3364
3365
3366
3367
3368
3369
3370
3371
3372
3373
3374
3375
3376
3377
3378
3379
3380
3381
3382
3383
3384
3385
3386
3387
3388
3389
3390
3391
3392
3393
3394
3395
3396
3397
3398
3399
3400
3401
3402
3403
3404
3405
3406
3407
3408
3409
3410
3411
3412
3413
2.417527876754397 4.419852578584396 0
2.417998719232293 5.209618806012531 0
2.418299768529047 5.999259972177125 0
2.418574028814042 6.788923670545289 0
2.419336118005338 7.5785691796072 0
2.420692893444373 8.37122701957335 0
5.09957589213102 9.232752542132443 0
5.077719031716663 4.838795731707317 0
5.088722898746504 5.622800849857768 0
5.092450695690234 6.424099518601773 0
5.092452864663725 7.219581633621305 0
5.086811060714071 8.021711538350244 0
3.55 10.73304491924311 0
3.742928528241393 2.916742729492456 0
5.094758710332528 4.040782115718869 0
4.150077730519874 10.732993525481 0
5.092769584496033 8.609690251543958 0
2.420887409011691 8.963843595654748 0
2.95 10.73304491924311 0
2.417053477206568 3.827300731521968 0
5.089269511010746 9.795598547918267 0
2.420868214814683 9.161178909301318 0
2.591884123506079 9.062510348246603 0
1.953652478088463 10.74227328527176 0
1.373431794548039 10.7289444462577 0
2.591894325146768 9.260046948164479 0
2.763068396195782 9.161272465733211 0
0.395679295141619 9.913362758568118 0
4.353489759696855 2.921715309019571 0
1.75 9.235705080756887 0
2.762931293252263 9.358783872684191 0
2.934295547052055 9.259955737876092 0
2.934325603938682 9.0622789948728 0
3.105637460979217 9.160944759465819 0
3.105655011705854 8.963158390085962 0
3.277079291593535 9.061970785197248 0
3.277049338290655 8.86401188032201 0
3.448612789342202 8.963070531947917 0
3.448537770525186 8.764955517242552 0
3.448196767292538 9.161178647837659 0
3.620150625293876 8.863970272602232 0
3.620061113296735 8.665854683346137 0
2.590594447919722 9.457900691215869 0
3.448443941401919 8.566861616028095 0
3.619944942509843 8.467734484184595 0
2.933071397955016 9.458130762327574 0
3.149851342032334 2.923088518921185 0
3.448332501850766 8.368792941117452 0
3.619832177149177 8.269629508945144 0
1.176679199266236 9.253856782495367 0
3.791487094852276 8.368585376270222 0
3.790835297575503 8.170429703474063 0
3.619606562175107 8.071494151388997 0
3.790899968334333 7.972273475690653 0
3.619467772631172 7.873340422055853 0
3.790489403028875 7.774138288700518 0
3.619278095487817 7.675222558048313 0
3.79035776540498 7.576016622091966 0
3.619149683263508 7.477053601846931 0
3.790207342990533 7.377895209655527 0
3.619003825195357 7.278921158364584 0
3.79012177615286 7.179784934137833 0
3.618847322053153 7.080845107196733 0
3.789975676717733 6.981690066561016 0
3.618695756090645 6.882754559249836 0
3.789890573434523 6.783598513927737 0
3.61854843281859 6.684701301799555 0
3.789747092305976 6.585516251187522 0
3.618398033341576 6.486621569080805 0
3.789666481640613 6.387433015252367 0
3.618257541474559 6.288539127468246 0
3.789525389196669 6.189350805642775 0
3.618108163166801 6.0904577695938 0
3.789441554503293 5.991270147770526 0
3.617984114516673 5.892360763163945 0
3.789303047431529 5.793188163551362 0
3.617829780212011 5.694282355961071 0
3.789217736046748 5.595109777542764 0
3.617676179356527 5.496192539395175 0
3.789075974708476 5.397029824017169 0
3.617522437589505 5.298111021972838 0
3.788982474791991 5.19894820723193 0
3.617373319124255 5.100026796523078 0
3.788833771744026 5.000865732684785 0
3.617213248469935 4.9019312809996 0
3.78869894537717 4.802754483330796 0
3.617056480734981 4.703838099748346 0
3.788545503833763 4.604633358973299 0
3.616636309340618 4.505684271765953 0
3.788390301414828 4.406441204939905 0
3.616366118672614 4.307414230115096 0
3.788355115180153 4.208168072132501 0
3.616443527221604 4.109045281360608 0
3.788384957985015 4.009658922742263 0
3.96182489510961 7.678085516865499 0
3.961607138391049 6.885047020037906 0
3.961270446445499 6.09103284540468 0
3.960810187953943 5.298283175993978 0
3.960201193498042 4.505431591245451 0
3.961953085400916 8.270148250120664 0
3.447463857618472 7.180060191817843 0
3.44658861125966 6.387287779371754 0
3.445884773245341 5.594978309954211 0
3.445055303422692 4.802834410043313 0
3.616181347361063 3.910393548901038 0
3.443877474835294 4.208057084907614 0
3.447892437180693 7.77439885759238 0
5.096944021700843 3.433094123458132 0
3.788200980464532 3.810905211081553 0
3.96051682562475 3.910249725014959 0
3.615933030518349 3.711663155931919 0
3.960351736727278 3.711325355858281 0
4.132722477518054 3.810716010154755 0
3.446887180490198 6.783382040160213 0
3.446290700758905 5.991190997867458 0
3.445579120935072 5.198900785080378 0
2.550139301322181 10.73306506514853 0
4.550144822248654 10.73305817132647 0
5.088538564258831 6.815635638476811 0
5.088660440579536 6.020405925036771 0
5.088422094189225 7.6108719284566 0
5.092454048157681 5.230873621688192 0
0.9484237505267963 10.73316905877487 0
3.443804688018415 3.811137975395089 0
5.077719031716663 4.44092987804878 0
2.417814507244452 4.814778886207024 0
2.418152917958396 5.604442212381878 0
2.418435497910981 6.394104526023478 0
2.418711468466586 7.18374485492294 0
2.420246074132453 7.976175285643041 0
5.0757280233507 10.21401594943731 0
3.791725151288921 8.764853024957915 0
2.435539838074077 3.43284067121752 0
3.961719088956411 7.281550586382218 0
3.96135000465412 6.488291853402807 0
3.961074726653856 5.694742669010607 0
3.791808285073421 8.96306741332878 0
3.963496237248103 8.863894670022505 0
3.963558533811124 9.062231170768108 0
4.135358779317463 8.962967853428029 0
4.135417280810041 9.16142177974271 0
3.963544468358807 9.260696457412497 0
4.135489599109378 9.359948859761111 0
3.963394293313062 9.459286925026866 0
4.135548666318696 9.558590226847805 0
3.963320844500307 9.658005259855596 0
4.135625242439935 9.757398345808729 0
3.962573453042583 9.855433679729698 0
3.790890021620416 9.757198175212306 0
3.27690565562153 8.467880650900454 0
3.960375709521064 4.901687755569331 0
0.4123000317123116 10.25758562538728 0
4.139330540668142 9.946782847168588 0
4.307873012079345 9.459047738561921 0
3.790121869124653 9.954625427405531 0
3.618597344998555 9.856528380863967 0
0.7455626851851362 9.197908835263206 0
4.307236868512172 9.062080248396221 0
4.307187716752549 8.863621833938543 0
4.308659428495534 9.855202415148723 0
3.443637056253041 3.612414310750748 0
3.271517438313535 3.711942036514254 0
2.934239894346824 8.864117308949709 0
4.132606426007233 3.611676460283399 0
4.30501030746941 3.7111448837922 0
4.305068266290387 3.910166985725885 0
4.313404238607734 10.04611601020541 0
3.618595269303823 10.05544749915357 0
3.446397499528571 9.956162139612275 0
4.479129200817149 8.962760575514018 0
4.479057993634216 8.764267049143662 0
3.777484433899395 10.15199637867768 0
3.44640313243742 10.15519690786327 0
3.274067422991194 10.05569981972793 0
4.748136401205605 2.91772372405644 0
2.751896410271324 2.922067680798505 0
4.47740647489316 3.810630420604264 0
4.477398395724991 4.009627274122229 0
4.477370795999737 3.61156457960125 0
3.276800391891986 8.269931179538618 0
3.105458072888474 8.368956284382406 0
3.104976752985254 8.169985647798178 0
3.446496064922857 9.757325589197537 0
3.960132702456359 3.512245481224599 0
4.481581951672466 9.954347717635708 0
3.271374217086785 3.513201845649907 0
3.0994099763758 3.612773979627724 0
3.099567852998391 3.811310033355445 0
4.481699398096919 10.15347784388373 0
2.234038662990858 9.270055103276004 0
3.439546488063247 3.420139117787658 0
3.274022489472542 10.25479568182654 0
3.101674648902055 10.15518472989527 0
3.099144652331526 3.414077844022564 0
4.649802353146224 3.711075725901055 0
4.132490413248932 3.412513152636457 0
2.934034938693083 8.269934043649858 0
2.933964703303499 8.072359841124324 0
3.101805660629485 9.956184659553962 0
2.92941422180344 10.05557670121519 0
2.927719020347008 3.712288207645041 0
2.927951628152861 3.910608277187827 0
4.305095485519667 4.109096156121319 0
4.477377822394136 4.208540403830118 0
4.307102490931747 8.665146107266455 0
4.47895549386904 8.5657430944421 0
4.651088735406157 8.863478457958069 0
0.4070322131906652 9.525276895810071 0
4.649821756784682 3.511942825589169 0
2.929246641210243 10.25459277062268 0
2.755834322659326 10.1605023375679 0
2.75708511053229 9.956865950929629 0
2.584534459644315 10.05632206003166 0
4.651422920750036 9.061853057945608 0
4.281482490856513 10.23993392518402 0
2.584473437158748 10.25434860177903 0
2.412087035889023 10.15480024042673 0
2.412400019993076 9.955656756493102 0
2.239725657879703 10.05488008713233 0
2.240035087940079 9.855601118422726 0
2.067274299512712 9.95495946612745 0
2.067587157099847 9.755614860039907 0
1.894690086513472 9.855280628907227 0
1.894558412773208 10.05438887697217 0
1.722161297482443 9.954953895858134 0
1.72207983221543 10.1537206932174 0
1.550368777368329 10.05391447601099 0
1.550020039700613 9.856738592097706 0
1.379128158706823 9.955404823854721 0
1.379169881064355 10.15211072537674 0
1.209109666016779 10.05294339553026 0
1.20918723006283 9.857467528963731 0
1.039623973095266 9.954839252881436 0
1.039992378821669 10.14964740014744 0
1.039940953583983 9.760092218633131 0
2.235106573855219 10.24655813572679 0
0.871549910293143 10.052770434187 0
0.8748643826095375 10.2405795054609 0
1.20924148334749 9.661876978071499 0
4.653455419501772 10.05508787763223 0
4.637917014315499 10.25487943739223 0
4.653248965766537 9.856156146347635 0
1.041414470397295 10.33570713883621 0
1.89510245574801 9.656617392134443 0
0.5589470235020508 10.72951802493324 0
3.960306104764559 3.313693058462717 0
4.942194271629768 10.73763014072163 0
4.649694271993272 4.109081255331137 0
4.649648998000316 4.308004135809971 0
4.477412322946773 4.407422215771285 0
4.649608163803378 4.506806159655669 0
4.477456916427717 4.606171186282635 0
4.649563372368057 4.705543575397054 0
4.477504662281993 4.80487442307815 0
4.649543419462976 4.90421571781645 0
4.477528497319422 5.003522587479386 0
4.649532381270456 5.102842144921508 0
4.477547708532503 5.202132033506875 0
4.649526107816333 5.301439005237651 0
4.477558165687944 5.400718725784755 0
4.649523829077683 5.500017838215454 0
4.477566105500323 5.59929155325724 0
4.649523075385385 5.698586289011462 0
4.47757104698956 5.797856504669284 0
4.649523735617257 5.897148509477867 0
4.477575185224272 5.996416727874819 0
4.649524988228009 6.095707354650525 0
4.477577935926199 6.194974545032028 0
4.649526818922954 6.294264596031452 0
4.477560635946718 6.393548007481569 0
4.64952549545881 6.492824151794283 0
4.477578037381025 6.592117696277864 0
4.649529562515927 6.691383775233222 0
4.477582104905679 6.790677162900141 0
4.649532573804161 6.889942505089051 0
4.477583558059872 6.989236167345918 0
4.649535106262269 7.088502215576062 0
4.477584150039624 7.187796311519181 0
4.649537433639102 7.287063718460661 0
4.477584297140896 7.386358747929684 0
4.6495397997956 7.485627597536503 0
4.477584970776624 7.584899253052693 0
4.649542730116945 7.684190713108769 0
4.477583237715331 7.78346369977101 0
4.647924619479489 7.87995362395211 0
4.476735249836494 7.980572052587759 0
4.679042845626867 8.088001832959238 0
4.305520647532653 7.882506403706891 0
3.099652562829259 4.009602143888648 0
2.928153092712588 4.108777940689342 0
3.099739596393975 4.207715644131211 0
2.928334989337289 4.306819937116803 0
3.099824933372808 4.40570627006612 0
2.928504277148983 4.504755536067798 0
2.756799562584551 4.208014264369835 0
3.099927082881009 4.603624774577113 0
2.928669733166471 4.70261002983241 0
3.100398806966264 4.801837469697753 0
2.928879020047081 4.900462236419727 0
3.100124960785505 4.999394861892351 0
2.928966157421673 5.098187371656564 0
3.100249151290948 5.196953649073371 0
2.929091467329824 5.295878265080517 0
3.100368943354904 5.394635015084479 0
2.929220562426066 5.493577554010137 0
3.100491271193964 5.592332841978263 0
2.929348050419562 5.691276498117684 0
3.100614976302401 5.790030580352453 0
2.929474782776771 5.888973813636351 0
3.100739864411928 5.98772703564524 0
2.929600561542809 6.086669933599995 0
3.100865160205784 6.185422857513775 0
2.929705870663375 6.28438263516739 0
3.100987248472887 6.383121632097759 0
2.929846964518886 6.482092511896849 0
3.10111541344601 6.580821186157528 0
2.929974861693867 6.679792937286238 0
3.101242472994983 6.778520403020406 0
2.930100399333786 6.877492801895404 0
3.101369351657432 6.976220720850387 0
2.93022516098862 7.075194065162457 0
3.101496033078207 7.173923014275845 0
2.930349617489513 7.272897872643409 0
3.101623897708176 7.371628403499186 0
2.930473371287555 7.470605218014823 0
3.101716203402731 7.569338616160182 0
2.930590426930316 7.668318591755205 0
3.101944756328769 7.767343597816131 0
2.934155007821937 8.467874341562503 0
2.591882319286662 8.864461310829181 0
1.894309432683313 10.2536105301648 0
1.721615927108195 10.35285700120681 0
4.306370941023132 8.467706096689827 0
3.963179933954693 8.467635239207103 0
4.477311758000591 3.412402419359916 0
3.791525596598809 9.359927170787559 0
4.305434861006087 4.705534256423658 0
4.305613714646975 5.102749862652633 0
4.305703135660961 5.49985230583794 0
2.762918988179627 8.171506541261238 0
2.761949631627577 7.971528853190566 0
4.305759506197076 5.896917724234407 0
2.240732090040845 9.656526074021521 0
4.30579990236278 6.293999537368819 0
4.30602336849009 6.691427413005341 0
4.306091098762391 7.088543362780949 0
4.306150031121488 7.485626956523535 0
4.649867101706381 3.312688046253507 0
4.304115420793282 8.078114631367326 0
2.76021176601133 7.371886383586411 0
2.760025406369365 6.976479908903464 0
2.759834349957444 6.581080807778473 0
2.759646502055118 6.185639661441864 0
2.759453044062464 5.790204856741625 0
2.759246895148876 5.394805267835292 0
2.759027620739211 4.999378703102289 0
2.758723591216476 4.603797797009846 0
4.822210678483694 8.960666045604366 0
1.041303634005035 9.567114912968384 0
0.8709881700154525 9.663173559840367 0
3.446490263288836 10.35441768348404 0
3.273913277178669 10.45406190955352 0
4.127838890224906 3.22302637054732 0
2.430814643498178 3.065236702146047 0
5.069515957824886 3.050139486267084 0
3.273235754616982 7.470962139460249 0
3.272351725790925 4.505310397061125 0
3.275651568414895 8.069253104596367 0
4.132791745316475 7.978614619327972 0
3.78764875323892 3.412920815188934 0
2.757855989393421 3.811718721773778 0
2.743312826933888 3.594985861571313 0
0.7109750204044918 10.14834287738052 0
0.728545811115425 10.36988422142042 0
0.7109193365153526 9.955240129520163 0
4.477362238750675 8.369470247767326 0
4.63518507533437 8.476572930357918 0
2.034521420536294 9.279166447619556 0
4.810623468450073 4.617406711698349 0
4.810576955893167 5.014926436005195 0
4.810752723688278 4.219681345495232 0
4.821526584745023 5.400738749093113 0
4.812992045049826 3.61150156105269 0
4.81172885508389 3.81059601365936 0
4.821511610172219 5.797872002729997 0
4.473230209770664 3.219934146737758 0
4.806899730701459 6.201065931584345 0
4.821513569191666 6.592101353460312 0
4.806906494008385 6.995547685341228 0
4.821527982669604 7.386339966094517 0
4.804684145255587 7.786772610866603 0
4.803081297644788 8.763965003623866 0
4.825525075876669 9.956017098639403 0
4.825388324883543 9.756908910099924 0
4.652997790272963 9.657439695783019 0
4.815247255316827 9.557914064056728 0
4.651152822101252 9.458649710895797 0
4.812566269533177 9.359200627193598 0
3.787171945427149 3.213486185378808 0
1.887498881948764 10.44646328726556 0
1.720936814441609 10.55232052080354 0
1.555765732056749 10.45170786505276 0
0.8899384840356008 9.468288532157892 0
0.705671430133457 9.564545158172759 0
4.970587521097986 8.879058526901611 0
4.981336745961238 9.447804050408866 0
4.992549627353862 3.721814165050033 0
1.207529180716059 9.466094576820556 0
1.379437874553096 9.563748052738646 0
1.369347557934049 9.369310424421501 0
1.545772256709865 9.469292474070539 0
0.5363105192652826 10.06507666954869 0
1.56111827413871 10.63752629494418 0
4.649578155678681 3.102993561886184 0
4.815396430210003 3.230076162945811 0
0.7113044763488405 9.76080737944697 0
2.578697495421753 3.723690333354218 0
3.458099566516878 10.57382813795447 0
3.632678193577766 10.4509951115528 0
3.266913457278849 10.66552514626956 0
3.07355087108809 10.56237694109602 0
3.272679193531148 7.074958225911717 0
3.272703456830666 6.680007664579478 0
3.272445107287387 6.284550136938956 0
3.27219050666445 5.88909495380578 0
4.133719470132325 7.781178675562054 0
3.27193822593433 5.493623801468551 0
0.7509481073028308 10.7335092626972 0
0.8483266778061314 10.56228704032533 0
1.0451632879342 10.53362033517518 0
0.6499911919820041 10.56358145214977 0
0.4677372723674877 10.5625039980637 0
3.272344838616695 5.098837045287869 0
0.8740544699753396 9.857820495751511 0
0.93326325791387 9.253304692133659 0
1.151635147096925 10.72842222099102 0
1.256698803084066 10.55261751604085 0
1.545290190559732 9.256274537035877 0
2.93099045932405 7.866766482635742 0
2.761201759384321 7.769658329944811 0
2.591338986839533 7.873319050095852 0
3.103281410454835 7.967987929717287 0
3.271661289422756 4.108729105409213 0
0.5589517465904801 9.238279659602522 0
1.551095039091682 10.25231792775375 0
1.365224086979585 10.3739376047928 0
1.722197717769561 9.757104780262013 0
2.950144051223199 2.923121912744398 0
2.850504386324099 3.095602858082348 0
2.649356009182265 3.089491572718541 0
2.743147229050536 3.262791421630242 0
2.54938435339687 3.255622154444458 0
2.942013609431032 3.292123453622436 0
2.64441548154563 3.429930646515387 0
4.480150029783233 9.558218866801253 0
4.480337053457756 9.359308750886719 0
2.758440939306904 4.009891565986745 0
2.586604323969835 4.116268339495431 0
2.587433899023631 4.314102372823975 0
3.274144058209171 9.856763141696499 0
3.2745787600844 9.657985007541171 0
3.446491079473276 9.55869951052277 0
3.275599923111266 9.458828240076027 0
3.44638145926424 9.360141569523696 0
3.619004151351799 9.459322709450046 0
3.102330732961058 9.757326282619697 0
2.929644875189783 9.85682423990843 0
2.75825008429055 9.756759855541688 0
2.931583769547768 9.65716074883213 0
2.585271064475195 9.856138819007004 0
2.587132411667243 9.656656806750542 0
2.413229923019668 9.756343964394969 0
2.415812508364371 9.55732086655313 0
4.748746213008164 10.73390315632339 0
4.851314839151568 10.56273955418496 0
5.065959419274212 10.58148784422731 0
4.963472167953081 10.39722181440531 0
2.759038360824767 4.407100643452177 0
4.664419034909522 10.56675455191424 0
4.463483356764291 10.53960793722238 0
4.352383099248028 10.7296268539497 0
4.249512160359754 10.56087739819499 0
4.050365745314375 10.55988226380662 0
4.152199919829494 10.39631295295107 0
3.963920618207497 10.38819022387812 0
4.058301201335375 10.22247528342077 0
3.824050878361215 10.54699489943807 0
2.750062576965925 10.73311010414382 0
2.853499428992066 10.56635249840914 0
2.653049694337711 10.56638714174349 0
2.453753401292342 10.56015239887867 0
2.755361541088027 10.37758093546482 0
2.350845018169531 10.73298886507017 0
2.272629476570441 10.55827610070585 0
2.155452130912091 10.73469562548247 0
3.043319970583539 3.096380850922993 0
3.257289884383129 3.122382377024909 0
3.350947051962789 2.927573227212769 0
3.472198415389109 3.105512041648336 0
3.551008175407574 2.923595410714639 0
2.759324199662355 4.801627638934402 0
2.589598278499294 4.708331271242209 0
2.75954918014356 5.197113532291642 0
2.589768482480729 5.10356379901395 0
4.550767342235498 2.915910365030876 0
2.759741632632313 5.592518533499335 0
2.589899449766373 5.498731718923573 0
2.760432181418206 7.17417018497223 0
2.590335372475483 7.079409807083868 0
2.760261674200549 6.778767871522552 0
2.59022724958232 6.684250677537056 0
2.75992282001126 5.987919474747098 0
2.590018913157505 5.893887331292854 0
2.760085836159254 6.383361087070907 0
2.590124654599749 6.28907273459037 0
2.760731410318578 7.569975391824075 0
2.590543189540997 7.474641002238295 0
3.446726779536327 6.585371895056265 0
3.446430242182251 6.189275583091455 0
3.446014585201334 5.793035842457049 0
4.305675535744189 5.301314142562294 0
4.133760046858411 5.40072486989635 0
4.305751319425416 5.698374279822094 0
4.133799425286544 5.79784289413332 0
4.305508832798055 4.904176043162082 0
4.13364898458257 5.003588234742707 0
4.30580983794056 6.095416363125567 0
4.133774384571866 6.194353691401616 0
3.276988996417877 8.665904155746327 0
4.306199077970247 7.683758487673221 0
4.305887791764042 6.492535932106792 0
4.133962100779333 6.589894184315735 0
3.445817387743392 5.396971097337668 0
4.306158648388323 6.889973832246555 0
4.134332051000794 6.987116285932105 0
4.306246578284727 7.287086699644337 0
4.134488874327029 7.38396309170762 0
4.132832256110661 4.009661970279257 0
4.13278298323579 4.208446575814475 0
4.305157336087052 4.30795807778357 0
4.30524110610278 4.506777341137825 0
4.133206332578735 4.606105451984421 0
4.132754999279593 4.407003874059393 0
3.444733972131625 5.000594461539785 0
2.763003450380245 8.369194170100394 0
2.763062469307314 8.566927124350066 0
2.591837248589354 8.271547628204825 0
2.934240411093213 8.665848928928998 0
2.763020435379594 8.765117917150803 0
2.591881235460034 8.666877223478545 0
3.105572903153401 8.764957932188203 0
3.447750295105733 7.576358693040876 0
3.447288843304095 7.970843668983836 0
3.960468863718588 4.108914912062346 0
2.936264426028893 3.506827752790893 0
3.749909535105106 10.73309714917453 0
3.945733981550095 10.7309113063167 0
3.953765125294429 2.940815235361804 0
4.169069070742386 2.923952079580605 0
4.480644664520735 9.756948678239699 0
5.092820264446232 6.613719946877547 0
5.096734169752164 7.017623141803571 0
5.092683173762684 7.408829508629029 0
5.093037200732844 5.421058281391008 0
5.096753185019735 6.222267579759887 0
5.077739761793714 5.037692752989889 0
5.092342139569919 5.817645439238647 0
5.095433299639102 7.814091577524039 0
3.445266309002697 4.604929230000545 0
3.273585096821331 4.703915378903822 0
3.444115540251334 4.406453044709828 0
4.793093500274437 10.16051740334186 0
5.077739761793713 4.639898710424745 0
5.079246747564507 8.220613228998712 0
4.901754428929091 8.108335381793708 0
4.91244751015092 8.319225022227194 0
5.081651614206335 8.417918985911205 0
4.929850098587062 8.499610228933427 0
4.648018505423921 3.910101519515689 0
4.133607485234685 4.804850165663128 0
2.073820748002077 9.565902211911876 0
1.897414535361825 9.413849497222474 0
3.443866894894925 4.009639821472843 0
4.135260747368434 8.76447896405158 0
3.447356319749073 6.981824975720899 0
4.803655642894752 4.017032529494353 0
5.083247390542329 4.241899404969724 0
3.447918674131004 8.169990759095068 0
3.618715497316181 9.658004105795051 0
3.791141734116762 9.558624057687904 0
2.420826431957868 8.766441002760414 0
3.105553507832739 8.566903715618148 0
4.806973670722307 4.422298093877743 0
3.791790197315123 9.161405175758958 0
4.804692497525918 3.420833790822246 0
2.763070128775604 8.963293057630384 0
5.077719031716665 3.24733231707317 0
3.271719235347002 4.306902712073581 0
5.089457374302875 9.99059977725344 0
4.63512737398531 8.666684416341045 0
4.806917078808386 4.819947316054003 0
3.791600830278642 8.566723776406276 0
4.805067799180605 5.209756953987201 0
4.815912003907365 7.585048322847077 0
4.804457446829048 7.195163328761025 0
4.821472698533086 5.599309314937392 0
3.27195425320373 5.296029266502593 0
4.804448377471478 6.400636093185863 0
4.813845335082497 6.791043423106199 0
4.81388379731913 5.996799865606419 0
3.272038732551203 5.691365629381936 0
3.272301536290649 6.086836303749575 0
3.272556826734253 6.482294819755192 0
3.272505381985896 6.877257408849947 0
3.273095170196561 7.27324296722005 0
3.960616457636468 5.100056820729842 0
3.27167845441288 3.910393519339249 0
4.307562584192593 9.260469796004379 0
4.308083507272913 9.657567711901354 0
2.058781421014751 10.34516991475435 0
3.960184641839551 4.703573751746646 0
2.067017873117242 10.15421759278583 0
4.304943971133 3.512025641357838 0
2.390771251382776 10.37153910442203 0
3.101587724929928 10.35429240097548 0
3.620130667695258 9.062148371285947 0
4.468812262848915 10.33639493296043 0
4.135033031105289 8.56645568898638 0
3.788035554354225 3.612081791524686 0
3.618770031193595 10.25473277700922 0
3.447753750611124 7.377845878877624 0
3.26759015957719 3.328766362937174 0
3.963382655207347 8.665673560605292 0
4.134238868168937 8.369098925315578 0
4.133870443078344 5.201707057695211 0
3.620136696995411 9.260476388635668 0
4.303311818199211 3.315870433058283 0
3.273181351722523 7.668762807626466 0
3.61500316616655 3.513758236805222 0
3.960492242721166 4.307401038375678 0
3.273887730183546 7.867829049734102 0
3.960651586644061 5.496316552847211 0
3.594539772803242 3.287443556961093 0
4.479489575106468 9.1610961224969 0
4.649785154660663 9.260159715291238 0
4.134108696918029 5.598484696800373 0
2.420939866014905 8.568672768225589 0
4.810023432473995 9.158592362973344 0
2.591902860532704 8.469074322322129 0
3.960762336177873 5.892746075146835 0
2.247848433825121 9.4701225323854 0
0.558254305104243 9.640637823074101 0
2.416842765510254 9.362770841816033 0
2.420831610825422 8.173715528445658 0
3.276689274551162 9.259597203449809 0
4.134333223243976 5.99523766126657 0
3.272173117151757 4.901178703630431 0
2.592213448786349 8.073733862252741 0
3.105008000626921 9.359015185113 0
1.209281578331404 10.24816575023463 0
1.379371031775872 9.75932082102204 0
3.960970030317462 6.289352614980224 0
3.103695430714405 9.558074371084931 0
4.1336240357416 6.391404635595999 0
3.962069744597433 6.687175311703899 0
4.134025508607837 6.78843900787359 0
2.760593900772094 9.557565456225332 0
3.962337603332207 7.083834754513575 0
2.420775318975814 7.776192487065009 0
4.134202549110594 7.185349130160134 0
4.283349051158817 3.103341285651207 0
3.962539012888604 7.480397827354328 0
4.134153560258217 7.582168425947709 0
1.72348337109388 9.559945523530878 0
3.961074117609099 7.875102311812554 0
3.961011486978883 8.072916736992113 0
1.550047048600481 9.661025040620302 0
3.958376041812267 3.136481805219969 0
2.590654463844097 7.673725906795873 0
2.058139480421822 10.54845157556459 0
2.42040443109016 7.380261291772761 0
2.59010640150046 7.277352254096083 0
2.420258977030475 6.98537080414809 0
2.589947118078705 6.882200456623386 0
4.132461087079627 8.174151365042784 0
2.420210409835172 6.590494276607568 0
2.58981966634082 6.487060684934642 0
2.420169573582584 6.195598232126227 0
4.304307733207614 8.272691633234681 0
2.589697038655877 6.091896234395923 0
4.481465398328973 8.177119441303212 0
2.420118705383555 5.800715183746123 0
4.642715116549044 8.291854649740769 0
2.589564110493434 5.696749972764231 0
2.420061522729338 5.40583929383634 0
2.589420708250195 5.301612069652221 0
2.419994371653191 5.010952796785114 0
2.589254576713206 4.906438849214165 0
2.419895751355969 4.616020594059739 0
2.588702959612423 4.511534209528724 0
2.417259016345666 4.223572371400634 0
1.735928512749596 10.73534169837731 0
2.419248308751321 4.023768292642077 0
2.586316755674967 3.91877299746237 0
2.41120230572437 3.6376953125 0
3.660986191630863 3.084798140062108 0
3.971166752051584 10.06931960999644 0
0.4038680123592644 9.34370074979082 0
0.5602651888839665 9.451121489963901 0
2.554458207998646 2.91178838503726 0
4.945155198426229 2.90262378782026 0
5.107967714265978 9.590223300275269 0
4.962320017314578 9.084437736649365 0
4.798659144515169 7.957057863385426 0
4.777130091091687 10.37883134138642 0
3.78287828216014 10.34385959556809 0
1.049742751187361 9.401731899315172 0
5.105684348226126 3.872212294403682 0
0.5373922886142593 10.40275786902822 0
3.118092865673388 10.75468940132174 0
0.388944635561169 9.712451054300892 0
0.5636897975317221 9.852465616349605 0
0.3688579692238427 10.07783001070082 0
0.578783593708323 10.24717386055473 0
1.35 9.199636915227492 0
2.383147766993825 3.248005530561604 0
2.945572309221244 10.42255625273484 0
0.3834859185388115 10.42269449849584 0
3.121871655261283 3.250746177706015 0
5.121031922115598 10.40211219478472 0
1.701911519274212 9.394976864774716 0
2.566538155915314 10.42388797252716 0
1.42244773816143 10.54894674541766 0
0.907662925972518 10.40841564824361 0
1.18355644534531 10.40880966901594 0
0.7300899767070113 9.377938011096324 0
4.328063174399679 10.41628981116917 0
4.849013336155762 3.052433229372601 0
4.453399736831847 3.053029595223061 0
3.406232944043183 3.252848691271834 0
0.4008538978010066 10.70452610175496 0
2.548187338286419 3.559426184323816 0
3.649986985953795 10.60975542880042 0
3.395002604759145 10.75697964069343 0
2.801830714597996 3.417331827226054 0
5.105709326508946 3.591459999715215 0
2.205966872417818 10.41229481609225 0
5.103410025112093 10.75994365378619 0
4.951515007267424 3.922426736637598 0
5.10426549537112 2.895446287225432 0
2.394682185040105 2.893934354560462 0
4.948450987620752 7.908516227089864 0
3.818070312516709 3.062008916177314 0
4.163097121516882 10.10801477982121 0
4.960559213140663 4.739335008983021 0
4.960590133607221 4.540426498690704 0
4.960636043535381 4.938256446423952 0
4.957252436087577 5.133258042295028 0
4.960618536784576 4.341463711916536 0
4.941879110074442 5.305211778897279 0
4.95559135497134 4.136417553912777 0
4.941699012859487 5.502110133009982 0
4.941575849709095 5.700542130509191 0
4.941175677077285 5.899168130444758 0
4.95143218157852 6.11174500396382 0
4.948331427040237 6.308768676998288 0
4.962318697675665 3.520917070097687 0
1.865792022578385 10.60424837473608 0
4.941018149854249 6.496005818011785 0
4.958074573683617 3.342225087020767 0
4.940877756210332 6.693571804247489 0
4.951415330314233 6.906652671688398 0
4.948269051231549 7.103600085192353 0
4.940731725189067 7.290371201223155 0
4.940669300350152 7.487889406567682 0
4.945656730251642 7.694663826643574 0
4.788920824396609 8.227037302602504 0
0.3862663616041555 9.19402728207908 0
5.118677580680163 9.010215087203891 0
1.903265523487688 9.207277033266077 0
4.953054927892532 9.664569685750891 0
4.785843152772612 8.407820695839966 0
4.957158451055252 3.169157994210632 0
5.125171366788308 8.811047590486726 0
4.787448976225178 8.580004489870042 0
4.951484807473226 8.690562681893272 0
4.098479635846561 3.065523355272181 0
4.606960491315241 10.41480829239399 0
4.933164471482802 9.256557463871523 0
5.139440007487471 9.414253048780488 0
4.944641344895266 9.863263401126023 0
4.944454525978097 10.07144998403232 0
2.100261824624957 9.407831397684115 0
3.907258644774059 10.24590887375163 0
1.55149260797641 10.79281607871295 0
4.928257720754993 10.24433037939762 0
2.134014549313012 9.177143864614816 0
2 118 0 20
3414
3415
3416
3417
3418
3419
3420
3421
3422
3423
3424
3425
3426
3427
3428
3429
3430
3431
3432
3433
1.778946711090615 8.652056469593962 0
0.3742532889093861 8.660443530406036 0
1.411568933312837 8.718529941870241 0
0.8929111111111117 8.715920755829286 0
1.0766 8.596579244170716 0
0.7416310666871633 8.582297549831898 0
1.234562968251528 8.725692738098957 0
1.618406996819541 8.721347832114363 0
0.5347930031804595 8.589484666700226 0
0.5018632709038626 8.758824968527076 0
1.651336729096138 8.553397114608687 0
1.463702829802337 8.56876008739709 0
0.8993928800040996 8.553959509966379 0
1.272642560301401 8.571356931511335 0
0.6816071493878404 8.732754656814748 0
1.071454815872528 8.757638547619791 0
0.3685470361957468 8.541652306087919 0
1.784652963804254 8.770514193674998 0
1.791238910259573 8.532757383507196 0
0.3619610897404271 8.779687033119956 0
$EndNodes
$Elements
21 6658 1 6658
2 2 2 124
1 492 633 66 
2 623 81 2 
3 2 624 623 
4 706 624 2 
5 179 675 6 
6 674 609 6 
7 6 675 674 
8 66 632 714 
9 67 634 492 
10 635 634 67 
11 679 635 67 
12 665 664 71 
13 72 601 665 
14 610 662 75 
15 75 662 661 
16 75 661 705 
17 182 76 678 
18 77 78 620 
19 78 79 620 
20 79 80 621 
21 620 79 621 
22 80 81 622 
23 621 80 622 
24 622 81 623 
25 180 676 179 
26 179 676 675 
27 180 181 677 
28 677 676 180 
29 181 182 678 
30 677 181 678 
31 634 633 492 
32 602 603 667 
33 666 602 667 
34 603 604 668 
35 667 603 668 
36 604 605 669 
37 668 604 669 
38 605 606 670 
39 669 605 670 
40 606 607 671 
41 670 606 671 
42 607 608 672 
43 671 607 672 
44 608 609 673 
45 672 608 673 
46 673 609 674 
47 611 663 610 
48 610 663 662 
49 611 664 663 
50 706 625 624 
51 707 626 625 
52 707 625 706 
53 627 626 708 
54 708 626 707 
55 709 628 627 
56 709 627 708 
57 710 629 628 
58 710 628 709 
59 711 630 629 
60 711 629 710 
61 631 630 712 
62 712 630 711 
63 632 631 713 
64 713 631 712 
65 636 635 679 
66 637 636 680 
67 680 636 679 
68 638 637 681 
69 681 637 680 
70 639 638 682 
71 682 638 681 
72 640 639 683 
73 683 639 682 
74 641 640 684 
75 684 640 683 
76 642 641 685 
77 685 641 684 
78 643 642 686 
79 686 642 685 
80 644 643 687 
81 687 643 686 
82 645 644 688 
83 688 644 687 
84 646 645 689 
85 689 645 688 
86 690 647 646 
87 690 646 689 
88 701 657 656 
89 702 658 657 
90 702 657 701 
91 703 659 658 
92 703 658 702 
93 704 660 659 
94 704 659 703 
95 705 661 660 
96 705 660 704 
97 1 78 77 
98 7 76 182 
99 633 632 66 
100 72 665 71 
101 71 664 611 
102 601 602 666 
103 665 601 666 
104 714 632 713 
105 691 648 647 
106 691 647 690 
107 692 649 648 
108 692 648 691 
109 693 650 649 
110 693 649 692 
111 694 651 650 
112 694 650 693 
113 695 652 651 
114 695 651 694 
115 697 653 652 
116 696 652 695 
117 697 652 696 
118 698 654 653 
119 698 653 697 
120 699 655 654 
121 699 654 698 
122 700 656 655 
123 700 655 699 
124 701 656 700 
2 4 2 572
125 738 817 816 
126 2 948 706 
127 721 827 817 
128 82 948 2 
129 4 950 114 
130 600 950 4 
131 825 827 721 
132 830 936 834 
133 816 818 738 
134 105 821 104 
135 834 939 830 
136 735 820 819 
137 738 930 817 
138 818 932 736 
139 736 933 818 
140 800 942 837 
141 837 951 800 
142 104 821 735 
143 819 822 735 
144 817 930 721 
145 795 953 846 
146 934 960 813 
147 822 925 726 
148 846 957 795 
149 841 960 934 
150 113 950 833 
151 959 963 865 
152 865 963 866 
153 881 944 798 
154 707 948 839 
155 913 918 722 
156 798 945 881 
157 794 955 952 
158 878 946 799 
159 913 965 918 
160 799 949 878 
161 794 952 905 
162 103 822 102 
163 804 860 852 
164 735 821 820 
165 105 962 821 
166 853 859 858 
167 114 950 113 
168 733 936 913 
169 943 958 796 
170 936 965 913 
171 706 948 707 
172 858 873 853 
173 885 958 943 
174 941 954 812 
175 721 929 825 
176 735 822 103 
177 102 822 726 
178 794 959 865 
179 853 860 859 
180 940 954 724 
181 726 925 852 
182 887 954 941 
183 841 934 811 
184 865 955 794 
185 817 827 808 
186 811 938 841 
187 741 838 740 
188 716 864 863 
189 819 925 822 
190 852 860 853 
191 838 839 740 
192 808 827 801 
193 593 862 594 
194 723 873 858 
195 805 825 824 
196 860 912 782 
197 815 954 940 
198 744 823 810 
199 716 863 862 
200 895 916 894 
201 723 858 857 
202 863 866 848 
203 823 824 810 
204 594 862 847 
205 805 824 823 
206 917 926 871 
207 857 874 723 
208 804 912 860 
209 737 914 849 
210 750 916 895 
211 852 925 804 
212 857 911 874 
213 826 839 838 
214 719 894 842 
215 919 927 792 
216 832 833 739 
217 874 911 732 
218 716 862 593 
219 831 832 739 
220 783 924 921 
221 83 741 740 
222 599 831 739 
223 921 924 892 
224 814 828 788 
225 594 847 595 
226 591 867 592 
227 894 916 842 
228 815 940 850 
229 859 860 782 
230 746 823 744 
231 831 835 832 
232 801 827 805 
233 732 911 872 
234 814 918 828 
235 742 838 741 
236 868 908 877 
237 832 834 833 
238 872 915 732 
239 816 932 818 
240 824 826 810 
241 581 840 725 
242 919 920 901 
243 901 920 902 
244 840 841 725 
245 892 923 889 
246 867 908 868 
247 816 817 808 
248 788 828 784 
249 718 844 843 
250 592 867 716 
251 718 843 596 
252 780 784 781 
253 83 740 82 
254 599 739 600 
255 801 805 785 
256 864 865 863 
257 716 867 864 
258 744 810 742 
259 718 845 844 
260 784 828 797 
261 729 835 831 
262 730 742 741 
263 784 797 781 
264 595 847 718 
265 809 814 788 
266 828 829 797 
267 805 827 825 
268 842 910 719 
269 793 923 892 
270 780 781 779 
271 591 908 867 
272 786 801 785 
273 820 849 809 
274 729 831 598 
275 730 741 84 
276 736 840 580 
277 851 873 100 
278 809 849 814 
279 778 780 779 
280 839 937 707 
281 596 843 597 
282 579 736 580 
283 104 735 103 
284 904 926 917 
285 787 788 784 
286 748 785 746 
287 811 907 806 
288 853 873 851 
289 598 831 599 
290 84 741 83 
291 102 726 101 
292 581 725 582 
293 785 823 746 
294 803 809 788 
295 802 808 801 
296 861 907 786 
297 719 910 86 
298 813 816 808 
299 836 837 835 
300 845 846 844 
301 743 744 742 
302 726 852 851 
303 725 850 582 
304 806 861 752 
305 829 936 830 
306 726 851 101 
307 922 923 793 
308 780 787 784 
309 748 786 785 
310 580 840 581 
311 597 729 598 
312 85 730 84 
313 858 859 855 
314 890 895 894 
315 865 866 863 
316 890 894 893 
317 778 779 777 
318 776 778 777 
319 893 894 719 
320 867 868 864 
321 866 957 848 
322 805 823 785 
323 807 811 806 
324 786 907 802 
325 730 743 742 
326 901 927 919 
327 783 921 902 
328 791 806 752 
329 902 920 783 
330 780 912 787 
331 781 800 779 
332 810 838 742 
333 790 906 871 
334 776 782 778 
335 774 776 775 
336 790 870 869 
337 806 907 861 
338 729 836 835 
339 748 861 786 
340 790 871 870 
341 776 777 775 
342 730 910 743 
343 889 890 888 
344 854 859 782 
345 855 859 854 
346 772 774 773 
347 776 854 782 
348 787 803 788 
349 774 854 776 
350 597 843 729 
351 774 775 773 
352 87 893 719 
353 582 850 583 
354 789 854 774 
355 718 847 845 
356 590 908 591 
357 724 887 886 
358 101 851 100 
359 857 858 855 
360 790 869 770 
361 94 903 93 
362 789 855 854 
363 720 904 903 
364 100 873 99 
365 98 874 97 
366 891 892 889 
367 829 830 797 
368 728 900 899 
369 728 899 898 
370 886 887 884 
371 88 893 87 
372 847 848 845 
373 728 898 92 
374 745 746 744 
375 772 789 774 
376 884 885 883 
377 717 889 888 
378 92 898 91 
379 731 884 883 
380 720 903 94 
381 770 772 771 
382 791 807 806 
383 93 903 728 
384 899 902 897 
385 772 773 771 
386 724 886 585 
387 723 874 98 
388 97 874 732 
389 743 910 842 
390 871 872 870 
391 585 886 586 
392 900 901 899 
393 717 891 889 
394 901 902 899 
395 869 870 856 
396 880 881 879 
397 91 898 896 
398 91 896 90 
399 770 869 772 
400 715 880 879 
401 731 883 882 
402 786 802 801 
403 731 882 74 
404 875 879 876 
405 728 903 900 
406 882 883 880 
407 819 820 809 
408 876 878 877 
409 890 893 888 
410 74 882 587 
411 875 876 727 
412 715 879 875 
413 876 877 727 
414 896 897 891 
415 903 904 900 
416 731 886 884 
417 715 882 880 
418 595 718 596 
419 715 875 588 
420 589 727 590 
421 93 728 92 
422 99 723 98 
423 97 732 96 
424 588 875 589 
425 90 717 89 
426 584 724 585 
427 586 731 74 
428 589 875 727 
429 87 719 86 
430 717 888 89 
431 587 715 588 
432 592 716 593 
433 95 720 94 
434 89 888 88 
435 898 899 897 
436 769 905 767 
437 90 896 717 
438 771 794 769 
439 768 790 770 
440 794 905 769 
441 792 906 766 
442 766 906 768 
443 586 886 731 
444 587 882 715 
445 770 771 769 
446 847 862 848 
447 896 898 897 
448 862 863 848 
449 768 770 769 
450 768 769 767 
451 768 906 790 
452 764 792 766 
453 766 768 767 
454 766 767 765 
455 789 869 856 
456 717 896 891 
457 765 799 763 
458 764 766 765 
459 852 853 851 
460 764 765 763 
461 762 764 763 
462 762 763 761 
463 787 912 804 
464 761 798 759 
465 760 762 761 
466 99 873 723 
467 758 783 760 
468 888 893 88 
469 760 761 759 
470 777 795 775 
471 772 869 789 
472 758 760 759 
473 856 857 855 
474 752 861 749 
475 754 793 756 
476 758 759 757 
477 789 856 855 
478 751 752 749 
479 727 908 590 
480 757 796 755 
481 756 758 757 
482 743 745 744 
483 756 757 755 
484 753 791 752 
485 782 912 778 
486 749 861 748 
487 747 748 746 
488 754 756 755 
489 826 838 810 
490 872 911 870 
491 877 908 727 
492 751 753 752 
493 856 911 857 
494 754 755 753 
495 812 815 807 
496 751 754 753 
497 86 910 85 
498 85 910 730 
499 796 909 755 
500 843 844 836 
501 791 812 807 
502 778 912 780 
503 750 751 749 
504 802 813 808 
505 753 909 791 
506 906 917 871 
507 747 749 748 
508 747 750 749 
509 755 909 753 
510 870 911 856 
511 95 915 720 
512 732 915 96 
513 791 909 812 
514 745 747 746 
515 892 924 793 
516 803 819 809 
517 833 935 113 
518 895 923 922 
519 795 957 866 
520 729 843 836 
521 895 922 750 
522 743 842 745 
523 787 804 803 
524 96 915 95 
525 745 916 747 
526 110 722 109 
527 710 721 711 
528 764 919 792 
529 747 916 750 
530 915 926 720 
531 111 913 110 
532 842 916 745 
533 112 733 111 
534 708 734 709 
535 889 923 890 
536 902 921 897 
537 891 921 892 
538 783 920 760 
539 109 914 108 
540 871 926 872 
541 754 922 793 
542 758 924 783 
543 793 924 756 
544 798 944 885 
545 885 943 798 
546 108 737 107 
547 712 738 713 
548 750 922 751 
549 872 926 915 
550 828 918 829 
551 792 917 906 
552 830 939 837 
553 904 927 900 
554 110 913 722 
555 762 919 764 
556 733 913 111 
557 826 966 734 
558 722 914 109 
559 762 920 919 
560 881 945 799 
561 799 946 881 
562 760 920 762 
563 804 925 803 
564 897 921 891 
565 890 923 895 
566 917 927 904 
567 792 927 917 
568 108 914 737 
569 751 922 754 
570 756 924 758 
571 914 947 849 
572 818 931 738 
573 878 949 905 
574 740 948 82 
575 720 926 904 
576 818 933 931 
577 803 925 819 
578 900 927 901 
579 905 952 878 
580 739 950 600 
581 837 942 830 
582 800 951 846 
583 824 966 826 
584 933 961 931 
585 579 933 736 
586 811 934 907 
587 837 939 835 
588 850 964 815 
589 846 953 800 
590 841 938 725 
591 866 963 795 
592 849 947 814 
593 710 929 721 
594 734 929 709 
595 832 939 834 
596 721 930 711 
597 850 940 583 
598 736 960 840 
599 712 930 738 
600 737 928 107 
601 846 951 844 
602 781 942 800 
603 584 940 724 
604 885 944 883 
605 880 944 881 
606 798 943 759 
607 113 935 112 
608 757 943 796 
609 799 945 763 
610 836 951 837 
611 881 946 879 
612 876 946 878 
613 761 945 798 
614 707 937 708 
615 905 949 767 
616 765 949 799 
617 777 953 795 
618 738 931 713 
619 830 942 797 
620 909 941 812 
621 800 953 779 
622 771 959 794 
623 807 964 811 
624 802 934 813 
625 795 963 775 
626 845 957 846 
627 878 952 877 
628 849 956 737 
629 864 955 865 
630 66 961 578 
631 3 962 105 
632 107 928 106 
633 820 956 849 
634 887 958 884 
635 709 929 710 
636 834 936 733 
637 734 937 826 
638 711 930 712 
639 714 961 66 
640 106 962 3 
641 733 935 834 
642 826 937 839 
643 932 960 736 
644 713 931 714 
645 813 932 816 
646 811 964 938 
647 834 935 833 
648 578 933 579 
649 907 934 802 
650 835 939 832 
651 814 947 918 
652 725 938 850 
653 821 956 820 
654 112 935 733 
655 708 937 734 
656 583 940 584 
657 952 955 868 
658 839 948 740 
659 833 950 739 
660 797 942 781 
661 796 941 909 
662 918 947 722 
663 734 966 929 
664 759 943 757 
665 883 944 880 
666 763 945 761 
667 941 958 887 
668 879 946 876 
669 844 951 836 
670 877 952 868 
671 724 954 887 
672 767 949 765 
673 884 958 885 
674 821 962 928 
675 779 953 777 
676 825 966 824 
677 868 955 864 
678 812 954 815 
679 840 960 841 
680 848 957 845 
681 722 947 914 
682 773 959 771 
683 737 956 928 
684 773 963 959 
685 775 963 773 
686 815 964 807 
687 918 965 829 
688 929 966 825 
689 813 960 932 
690 928 956 821 
691 928 962 106 
692 578 961 933 
693 829 965 936 
694 931 961 714 
695 938 964 850 
696 796 958 941 
2 7 2 580
697 1163 1184 1071 
698 1071 1210 1163 
699 1079 1080 1077 
700 1077 1171 1079 
701 1082 1209 1158 
702 1055 1169 1120 
703 1081 1087 1056 
704 1158 1204 1082 
705 1080 1089 1077 
706 1087 1108 1056 
707 986 1111 1109 
708 1088 1108 1087 
709 1048 1089 1040 
710 1112 1119 969 
711 1058 1108 1088 
712 1056 1089 1081 
713 1158 1209 967 
714 1088 1109 1058 
715 1120 1169 1112 
716 1026 1167 1024 
717 1111 1119 1112 
718 1186 1200 1107 
719 1077 1089 1048 
720 1022 1143 1057 
721 1183 1192 1126 
722 1057 1143 1141 
723 1175 1189 1105 
724 986 1119 1111 
725 1024 1143 1022 
726 1040 1089 1056 
727 1172 1185 1103 
728 1020 1168 1018 
729 1016 1137 1061 
730 1166 1176 980 
731 1024 1167 1143 
732 969 1120 1112 
733 1034 1110 1032 
734 1182 1210 1070 
735 1057 1141 1139 
736 1061 1137 1135 
737 1120 1177 1055 
738 968 1184 1163 
739 1144 1177 1174 
740 1109 1118 986 
741 1081 1089 1080 
742 1109 1111 1110 
743 1171 1218 1079 
744 1088 1118 1109 
745 1018 1137 1016 
746 1164 1165 1114 
747 979 1205 1201 
748 1157 1220 1195 
749 1018 1168 1137 
750 1061 1135 1133 
751 1033 1203 1202 
752 1133 1152 1061 
753 1058 1110 1034 
754 1032 1110 1059 
755 1132 1152 1133 
756 1201 1205 1068 
757 1045 1200 1186 
758 1055 1167 1026 
759 1065 1073 1072 
760 1062 1152 1132 
761 1182 1211 1091 
762 1064 1176 1166 
763 522 1115 521 
764 1132 1155 1062 
765 1193 1194 1019 
766 1065 1072 998 
767 509 1119 508 
768 1155 1161 1062 
769 1042 1185 1172 
770 1109 1110 1058 
771 1117 1161 1155 
772 1091 1211 988 
773 1190 1191 1013 
774 1044 1192 1183 
775 1043 1189 1175 
776 1071 1075 1054 
777 1060 1165 1164 
778 996 1083 1065 
779 1187 1188 1007 
780 1074 1114 975 
781 502 1078 994 
782 1078 1079 994 
783 1060 1161 1117 
784 1114 1165 1115 
785 507 1118 506 
786 1057 1168 1020 
787 995 996 983 
788 1115 1116 521 
789 998 1072 1000 
790 1078 1080 1079 
791 975 1115 522 
792 975 1113 1074 
793 1174 1177 1120 
794 508 1119 986 
795 969 1119 509 
796 1202 1203 1097 
797 525 995 983 
798 995 1083 996 
799 1054 1075 1041 
800 680 1091 988 
801 1070 1210 1071 
802 991 1204 1158 
803 993 1083 995 
804 1052 1082 1069 
805 1075 1076 1048 
806 973 1087 1086 
807 1041 1075 1048 
808 996 1065 998 
809 973 1086 505 
810 1041 1048 1040 
811 682 1084 979 
812 980 1085 702 
813 502 994 501 
814 527 993 526 
815 1047 1067 1052 
816 973 1088 1087 
817 1148 1194 1193 
818 1124 1191 1190 
819 993 995 526 
820 987 1090 704 
821 982 1080 1078 
822 1067 1082 1052 
823 986 1118 507 
824 506 1118 973 
825 1070 1071 1054 
826 679 1091 680 
827 982 1078 503 
828 1039 1041 1040 
829 1053 1054 1041 
830 1047 1052 1049 
831 1072 1073 1067 
832 997 1113 983 
833 505 1086 504 
834 1139 1168 1057 
835 1000 1072 1047 
836 1102 1188 1187 
837 988 1084 681 
838 703 1085 987 
839 704 1090 705 
840 1000 1047 1002 
841 680 988 681 
842 703 987 704 
843 503 1078 502 
844 1074 1113 997 
845 701 1092 980 
846 996 998 997 
847 1094 1098 1095 
848 685 1094 976 
849 1052 1069 1063 
850 978 1123 1122 
851 504 982 503 
852 525 983 524 
853 1066 1070 1054 
854 1094 1095 976 
855 996 997 983 
856 1039 1053 1041 
857 1114 1115 975 
858 682 979 683 
859 701 980 702 
860 1047 1072 1067 
861 523 1113 975 
862 1039 1040 1038 
863 526 995 525 
864 696 1121 697 
865 1047 1049 1002 
866 687 1127 688 
867 978 1122 1121 
868 1076 1077 1048 
869 1126 1151 1147 
870 979 1093 683 
871 681 1084 682 
872 702 1085 703 
873 1053 1066 1054 
874 1107 1128 1127 
875 694 1125 695 
876 1056 1108 1038 
877 1037 1038 1036 
878 1099 1103 1092 
879 1037 1039 1038 
880 697 1121 1104 
881 1038 1108 1036 
882 1106 1127 687 
883 1035 1037 1036 
884 978 1121 696 
885 972 1100 1099 
886 1125 1151 1126 
887 1100 1103 1099 
888 688 1127 977 
889 1110 1111 1059 
890 1117 1165 1060 
891 700 1092 701 
892 504 1086 982 
893 684 1094 685 
894 697 1104 698 
895 972 1099 699 
896 695 1125 978 
897 686 1106 687 
898 983 1113 524 
899 973 1118 1088 
900 1093 1094 684 
901 1093 1098 1094 
902 700 1099 1092 
903 1035 1046 1037 
904 1040 1056 1038 
905 694 1151 1125 
906 1123 1124 1122 
907 521 1116 520 
908 520 1116 981 
909 1116 1117 981 
910 1033 1035 1034 
911 1035 1036 1034 
912 978 1125 1123 
913 1131 1155 1132 
914 1031 1033 1032 
915 1101 1102 1100 
916 976 1106 686 
917 1157 1195 990 
918 1033 1034 1032 
919 698 1104 972 
920 1095 1096 976 
921 1074 1162 1114 
922 1095 1097 1096 
923 683 1093 684 
924 1127 1128 977 
925 982 1081 1080 
926 1125 1126 1123 
927 699 1099 700 
928 1036 1058 1034 
929 1036 1108 1058 
930 1031 1032 1030 
931 1029 1031 1030 
932 1029 1045 1031 
933 972 1101 1100 
934 1133 1135 1134 
935 1131 1132 971 
936 1111 1112 1059 
937 1051 1130 1027 
938 1134 1135 985 
939 513 1140 970 
940 1132 1133 971 
941 1139 1141 1140 
942 1140 1141 970 
943 1135 1137 1136 
944 998 1000 999 
945 516 1134 985 
946 693 1151 694 
947 1135 1136 985 
948 514 1140 513 
949 1128 1129 977 
950 1146 1148 1147 
951 517 1134 516 
952 515 1138 514 
953 1146 1147 974 
954 1145 1149 1146 
955 1141 1142 970 
956 1104 1105 1101 
957 1141 1143 1142 
958 1138 1140 514 
959 1136 1139 1138 
960 984 1154 1153 
961 1032 1059 1030 
962 1145 1146 974 
963 984 1149 1145 
964 1142 1144 970 
965 970 1144 512 
966 512 1144 511 
967 1027 1130 1029 
968 518 1131 971 
969 981 1131 519 
970 519 1131 518 
971 506 973 505 
972 688 977 689 
973 698 972 699 
974 984 1145 691 
975 508 986 507 
976 516 985 515 
977 692 974 693 
978 685 976 686 
979 523 975 522 
980 692 1145 974 
981 691 1145 692 
982 695 978 696 
983 510 969 509 
984 513 970 512 
985 518 971 517 
986 520 981 519 
987 690 984 691 
988 985 1138 515 
989 1029 1130 1045 
990 1136 1138 985 
991 1028 1055 1026 
992 1025 1051 1027 
993 1029 1030 1028 
994 1121 1122 1105 
995 1027 1029 1028 
996 1139 1140 1138 
997 1027 1028 1026 
998 1025 1027 1026 
999 1025 1150 1051 
1000 1025 1026 1024 
1001 1096 1107 1106 
1002 1021 1050 1023 
1003 1023 1025 1024 
1004 1050 1150 1023 
1005 1023 1150 1025 
1006 1022 1057 1020 
1007 1023 1024 1022 
1008 971 1134 517 
1009 1021 1023 1022 
1010 974 1151 693 
1011 1107 1127 1106 
1012 1021 1022 1020 
1013 1133 1134 971 
1014 1019 1021 1020 
1015 1104 1121 1105 
1016 1147 1151 974 
1017 1019 1020 1018 
1018 1017 1019 1018 
1019 1017 1018 1016 
1020 1015 1044 1017 
1021 1015 1017 1016 
1022 1016 1061 1014 
1023 1096 1106 976 
1024 1015 1016 1014 
1025 1013 1015 1014 
1026 1013 1014 1012 
1027 972 1104 1101 
1028 1011 1013 1012 
1029 1061 1152 1014 
1030 1012 1062 1010 
1031 1014 1152 1012 
1032 524 1113 523 
1033 1046 1156 1037 
1034 1009 1043 1011 
1035 1153 1154 1129 
1036 1011 1012 1010 
1037 1129 1154 977 
1038 690 1154 984 
1039 977 1154 689 
1040 1012 1152 1062 
1041 1009 1011 1010 
1042 998 999 997 
1043 1008 1060 1006 
1044 1009 1010 1008 
1045 1007 1009 1008 
1046 981 1155 1131 
1047 1052 1063 1049 
1048 1003 1042 1005 
1049 984 1153 1149 
1050 1039 1156 1053 
1051 689 1154 690 
1052 1007 1008 1006 
1053 1117 1155 981 
1054 1000 1002 1001 
1055 1005 1007 1006 
1056 1005 1006 1004 
1057 1053 1156 1068 
1058 1003 1005 1004 
1059 1003 1004 1001 
1060 1049 1160 1002 
1061 1002 1003 1001 
1062 1064 1160 1049 
1063 1000 1001 999 
1064 1086 1087 1081 
1065 1062 1161 1010 
1066 1008 1161 1060 
1067 1003 1160 1042 
1068 1037 1156 1039 
1069 982 1086 1081 
1070 999 1074 997 
1071 1053 1068 1066 
1072 1010 1161 1008 
1073 1001 1162 999 
1074 1063 1064 1049 
1075 1002 1160 1003 
1076 1004 1162 1001 
1077 999 1162 1074 
1078 1092 1166 980 
1079 1060 1164 1006 
1080 616 967 615 
1081 497 968 496 
1082 498 1159 497 
1083 615 1157 614 
1084 1162 1164 1114 
1085 614 990 613 
1086 499 989 498 
1087 617 1158 616 
1088 496 1163 495 
1089 1055 1177 1167 
1090 618 991 617 
1091 495 992 494 
1092 1004 1164 1162 
1093 969 1174 1120 
1094 1006 1164 1004 
1095 1075 1184 1076 
1096 1136 1168 1139 
1097 497 1159 968 
1098 967 1157 615 
1099 989 1159 498 
1100 614 1157 990 
1101 980 1176 1085 
1102 968 1163 496 
1103 616 1158 967 
1104 1112 1169 1059 
1105 1059 1169 1030 
1106 1028 1169 1055 
1107 1115 1165 1116 
1108 991 1158 617 
1109 495 1163 992 
1110 1116 1165 1117 
1111 1085 1173 987 
1112 1195 1220 1073 
1113 1100 1172 1103 
1114 989 1171 1159 
1115 1083 1195 1065 
1116 992 1182 1181 
1117 1122 1175 1105 
1118 1144 1174 511 
1119 510 1174 969 
1120 1103 1166 1092 
1121 1143 1167 1142 
1122 1142 1177 1144 
1123 1137 1168 1136 
1124 987 1170 1090 
1125 1147 1183 1126 
1126 1085 1176 1173 
1127 1030 1169 1028 
1128 1181 1182 1091 
1129 1096 1186 1107 
1130 1076 1171 1077 
1131 1042 1187 1005 
1132 990 1180 613 
1133 499 1179 989 
1134 1064 1185 1160 
1135 1102 1172 1100 
1136 1007 1188 1009 
1137 618 1178 991 
1138 1069 1173 1063 
1139 992 1181 494 
1140 1043 1190 1011 
1141 1103 1185 1166 
1142 1013 1191 1015 
1143 511 1174 510 
1144 1044 1193 1017 
1145 1073 1209 1067 
1146 1166 1185 1064 
1147 1019 1194 1021 
1148 1170 1173 1069 
1149 1105 1189 1101 
1150 1124 1175 1122 
1151 619 1178 618 
1152 1173 1176 1063 
1153 979 1201 1093 
1154 500 1179 499 
1155 613 1180 612 
1156 1063 1176 1064 
1157 494 1181 493 
1158 1071 1184 1075 
1159 1095 1207 1097 
1160 1033 1202 1035 
1161 1045 1203 1031 
1162 987 1173 1170 
1163 1172 1187 1042 
1164 1148 1183 1147 
1165 1126 1192 1123 
1166 1069 1204 1170 
1167 1102 1187 1172 
1168 1167 1177 1142 
1169 1070 1211 1182 
1170 1149 1196 1146 
1171 1175 1190 1043 
1172 1171 1216 1159 
1173 1149 1197 1196 
1174 1160 1185 1042 
1175 988 1208 1084 
1176 1163 1210 992 
1177 1153 1197 1149 
1178 1153 1198 1197 
1179 1183 1193 1044 
1180 1129 1198 1153 
1181 1129 1199 1198 
1182 1097 1186 1096 
1183 1068 1205 1066 
1184 1097 1207 1202 
1185 1005 1187 1007 
1186 1107 1200 1128 
1187 1128 1199 1129 
1188 1128 1200 1199 
1189 1101 1189 1102 
1190 993 1219 1083 
1191 1079 1218 994 
1192 1124 1190 1175 
1193 1009 1188 1043 
1194 1046 1207 1206 
1195 1046 1206 1156 
1196 501 1212 68 
1197 69 1213 527 
1198 705 1214 75 
1199 67 1215 679 
1200 1065 1195 1073 
1201 1123 1192 1124 
1202 1076 1216 1171 
1203 1186 1203 1045 
1204 68 1212 500 
1205 612 1213 69 
1206 75 1214 619 
1207 1011 1190 1013 
1208 493 1215 67 
1209 1146 1196 1148 
1210 1148 1193 1183 
1211 1015 1191 1044 
1212 1170 1217 1090 
1213 1017 1193 1019 
1214 1156 1206 1068 
1215 1021 1194 1050 
1216 989 1218 1171 
1217 1196 1197 1050 
1218 1180 1219 993 
1219 1090 1217 1178 
1220 1050 1197 1150 
1221 994 1218 1179 
1222 1197 1198 1150 
1223 1150 1198 1051 
1224 1198 1199 1051 
1225 1051 1199 1130 
1226 1082 1204 1069 
1227 1199 1200 1130 
1228 1084 1205 979 
1229 1130 1200 1045 
1230 1093 1201 1098 
1231 1031 1203 1033 
1232 1035 1202 1046 
1233 1098 1207 1095 
1234 1067 1209 1082 
1235 1206 1207 1098 
1236 1102 1189 1188 
1237 1097 1203 1186 
1238 1066 1208 1070 
1239 1188 1189 1043 
1240 1083 1219 1195 
1241 1124 1192 1191 
1242 1184 1216 1076 
1243 1148 1196 1194 
1244 1191 1192 1044 
1245 1202 1207 1046 
1246 1204 1217 1170 
1247 994 1212 501 
1248 527 1213 993 
1249 1090 1214 705 
1250 679 1215 1091 
1251 1194 1196 1050 
1252 1068 1206 1201 
1253 1073 1220 1209 
1254 992 1210 1182 
1255 1205 1208 1066 
1256 1084 1208 1205 
1257 1201 1206 1098 
1258 988 1211 1208 
1259 1159 1216 968 
1260 967 1220 1157 
1261 968 1216 1184 
1262 1178 1214 1090 
1263 993 1213 1180 
1264 1179 1212 994 
1265 1091 1215 1181 
1266 990 1219 1180 
1267 1179 1218 989 
1268 1178 1217 991 
1269 619 1214 1178 
1270 500 1212 1179 
1271 1180 1213 612 
1272 1195 1219 990 
1273 1181 1215 493 
1274 991 1217 1204 
1275 1208 1211 1070 
1276 1209 1220 967 
2 101 2 42
1277 1221 1228 1225 
1278 1222 1227 1226 
1279 326 1224 325 
1280 332 1223 331 
1281 327 1225 326 
1282 333 1226 332 
1283 325 1227 324 
1284 331 1228 330 
1285 335 1222 334 
1286 329 1221 328 
1287 1227 1233 1226 
1288 1228 1234 1225 
1289 1223 1228 331 
1290 1224 1227 325 
1291 332 1226 1223 
1292 326 1225 1224 
1293 324 1229 10 
1294 330 1230 12 
1295 11 1231 327 
1296 13 1232 333 
1297 328 1231 11 
1298 334 1232 13 
1299 10 1229 335 
1300 12 1230 329 
1301 1227 1229 324 
1302 1228 1230 330 
1303 327 1231 1225 
1304 333 1232 1226 
1305 1221 1230 1228 
1306 1226 1232 1222 
1307 1222 1229 1227 
1308 1225 1231 1221 
1309 1233 1234 1223 
1310 1224 1234 1233 
1311 329 1230 1221 
1312 335 1229 1222 
1313 1221 1231 328 
1314 1222 1232 334 
1315 1225 1234 1224 
1316 1226 1233 1223 
1317 1224 1233 1227 
1318 1223 1234 1228 
2 102 2 42
1319 1235 1241 1240 
1320 1236 1242 1239 
1321 338 1237 337 
1322 344 1238 343 
1323 345 1240 344 
1324 339 1239 338 
1325 343 1242 342 
1326 337 1241 336 
1327 341 1236 340 
1328 347 1235 346 
1329 1242 1247 1239 
1330 1241 1248 1240 
1331 1237 1241 337 
1332 338 1239 1237 
1333 1238 1242 343 
1334 344 1240 1238 
1335 15 1244 339 
1336 17 1246 345 
1337 336 1245 14 
1338 342 1243 16 
1339 340 1244 15 
1340 346 1246 17 
1341 14 1245 347 
1342 16 1243 341 
1343 1241 1245 336 
1344 1242 1243 342 
1345 339 1244 1239 
1346 345 1246 1240 
1347 1235 1245 1241 
1348 1236 1243 1242 
1349 1240 1246 1235 
1350 1239 1244 1236 
1351 1238 1248 1247 
1352 1247 1248 1237 
1353 341 1243 1236 
1354 347 1245 1235 
1355 1236 1244 340 
1356 1235 1246 346 
1357 1240 1248 1238 
1358 1239 1247 1237 
1359 1237 1248 1241 
1360 1238 1247 1242 
2 103 2 42
1361 1249 1256 1253 
1362 1250 1255 1254 
1363 350 1251 349 
1364 356 1252 355 
1365 351 1253 350 
1366 357 1254 356 
1367 349 1255 348 
1368 355 1256 354 
1369 359 1250 358 
1370 353 1249 352 
1371 1256 1262 1253 
1372 1255 1261 1254 
1373 350 1253 1251 
1374 1252 1256 355 
1375 356 1254 1252 
1376 1251 1255 349 
1377 348 1257 18 
1378 19 1258 351 
1379 21 1260 357 
1380 354 1259 20 
1381 352 1258 19 
1382 20 1259 353 
1383 358 1260 21 
1384 18 1257 359 
1385 1256 1259 354 
1386 351 1258 1253 
1387 357 1260 1254 
1388 1255 1257 348 
1389 1249 1259 1256 
1390 1253 1258 1249 
1391 1254 1260 1250 
1392 1250 1257 1255 
1393 1251 1262 1261 
1394 1261 1262 1252 
1395 1249 1258 352 
1396 359 1257 1250 
1397 1250 1260 358 
1398 353 1259 1249 
1399 1253 1262 1251 
1400 1254 1261 1252 
1401 1252 1262 1256 
1402 1251 1261 1255 
2 104 2 42
1403 1263 1269 1267 
1404 1264 1270 1268 
1405 362 1265 361 
1406 368 1266 367 
1407 363 1267 362 
1408 369 1268 368 
1409 361 1270 360 
1410 367 1269 366 
1411 371 1264 370 
1412 365 1263 364 
1413 1269 1275 1267 
1414 1270 1276 1268 
1415 362 1267 1265 
1416 1266 1269 367 
1417 368 1268 1266 
1418 1265 1270 361 
1419 360 1271 22 
1420 23 1272 363 
1421 25 1274 369 
1422 366 1273 24 
1423 364 1272 23 
1424 24 1273 365 
1425 370 1274 25 
1426 22 1271 371 
1427 1269 1273 366 
1428 363 1272 1267 
1429 369 1274 1268 
1430 1270 1271 360 
1431 1263 1273 1269 
1432 1267 1272 1263 
1433 1268 1274 1264 
1434 1264 1271 1270 
1435 1275 1276 1265 
1436 1266 1276 1275 
1437 1263 1272 364 
1438 371 1271 1264 
1439 1264 1274 370 
1440 365 1273 1263 
1441 1267 1275 1265 
1442 1268 1276 1266 
1443 1266 1275 1269 
1444 1265 1276 1270 
2 105 2 42
1445 1278 1284 1281 
1446 1282 1283 1277 
1447 374 1280 373 
1448 380 1279 379 
1449 375 1283 374 
1450 373 1284 372 
1451 379 1282 378 
1452 381 1281 380 
1453 377 1277 376 
1454 383 1278 382 
1455 1282 1290 1283 
1456 1284 1289 1281 
1457 1279 1282 379 
1458 374 1283 1280 
1459 380 1281 1279 
1460 1280 1284 373 
1461 372 1285 26 
1462 27 1288 375 
1463 378 1287 28 
1464 29 1286 381 
1465 376 1288 27 
1466 28 1287 377 
1467 382 1286 29 
1468 26 1285 383 
1469 1282 1287 378 
1470 375 1288 1283 
1471 381 1286 1281 
1472 1284 1285 372 
1473 1283 1288 1277 
1474 1281 1286 1278 
1475 1277 1287 1282 
1476 1278 1285 1284 
1477 1289 1290 1279 
1478 1280 1290 1289 
1479 383 1285 1278 
1480 1277 1288 376 
1481 1278 1286 382 
1482 377 1287 1277 
1483 1279 1290 1282 
1484 1283 1290 1280 
1485 1281 1289 1279 
1486 1280 1289 1284 
2 106 2 42
1487 1296 1297 1292 
1488 1295 1298 1291 
1489 386 1293 385 
1490 392 1294 391 
1491 385 1295 384 
1492 387 1297 386 
1493 391 1296 390 
1494 393 1298 392 
1495 395 1291 394 
1496 389 1292 388 
1497 1295 1303 1298 
1498 1296 1304 1297 
1499 1293 1295 385 
1500 1294 1296 391 
1501 386 1297 1293 
1502 392 1298 1294 
1503 384 1299 30 
1504 31 1301 387 
1505 390 1300 32 
1506 33 1302 393 
1507 30 1299 395 
1508 388 1301 31 
1509 32 1300 389 
1510 394 1302 33 
1511 1295 1299 384 
1512 1296 1300 390 
1513 387 1301 1297 
1514 393 1302 1298 
1515 1298 1302 1291 
1516 1297 1301 1292 
1517 1291 1299 1295 
1518 1292 1300 1296 
1519 1303 1304 1294 
1520 1293 1304 1303 
1521 1292 1301 388 
1522 1291 1302 394 
1523 389 1300 1292 
1524 395 1299 1291 
1525 1293 1303 1295 
1526 1294 1304 1296 
1527 1297 1304 1293 
1528 1298 1303 1294 
2 107 2 42
1529 1310 1311 1306 
1530 1309 1312 1305 
1531 398 1307 397 
1532 404 1308 403 
1533 397 1309 396 
1534 399 1311 398 
1535 403 1310 402 
1536 405 1312 404 
1537 407 1305 406 
1538 401 1306 400 
1539 1310 1317 1311 
1540 1309 1318 1312 
1541 1307 1309 397 
1542 1308 1310 403 
1543 398 1311 1307 
1544 404 1312 1308 
1545 396 1313 34 
1546 35 1315 399 
1547 402 1314 36 
1548 37 1316 405 
1549 34 1313 407 
1550 400 1315 35 
1551 36 1314 401 
1552 406 1316 37 
1553 1309 1313 396 
1554 1310 1314 402 
1555 399 1315 1311 
1556 405 1316 1312 
1557 1312 1316 1305 
1558 1311 1315 1306 
1559 1305 1313 1309 
1560 1306 1314 1310 
1561 1317 1318 1307 
1562 1308 1318 1317 
1563 1306 1315 400 
1564 1305 1316 406 
1565 401 1314 1306 
1566 407 1313 1305 
1567 1307 1318 1309 
1568 1308 1317 1310 
1569 1311 1317 1307 
1570 1312 1318 1308 
2 108 2 42
1571 1324 1325 1320 
1572 1323 1326 1319 
1573 410 1321 409 
1574 416 1322 415 
1575 409 1323 408 
1576 411 1325 410 
1577 415 1324 414 
1578 417 1326 416 
1579 419 1319 418 
1580 413 1320 412 
1581 1323 1331 1326 
1582 1324 1332 1325 
1583 1321 1323 409 
1584 1322 1324 415 
1585 410 1325 1321 
1586 416 1326 1322 
1587 408 1327 38 
1588 39 1329 411 
1589 414 1328 40 
1590 41 1330 417 
1591 38 1327 419 
1592 412 1329 39 
1593 40 1328 413 
1594 418 1330 41 
1595 1323 1327 408 
1596 1324 1328 414 
1597 411 1329 1325 
1598 417 1330 1326 
1599 1326 1330 1319 
1600 1325 1329 1320 
1601 1319 1327 1323 
1602 1320 1328 1324 
1603 1331 1332 1322 
1604 1321 1332 1331 
1605 1320 1329 412 
1606 1319 1330 418 
1607 413 1328 1320 
1608 419 1327 1319 
1609 1321 1331 1323 
1610 1322 1332 1324 
1611 1325 1332 1321 
1612 1326 1331 1322 
2 109 2 42
1613 1338 1339 1334 
1614 1337 1340 1333 
1615 422 1335 421 
1616 428 1336 427 
1617 421 1337 420 
1618 423 1339 422 
1619 427 1338 426 
1620 429 1340 428 
1621 431 1333 430 
1622 425 1334 424 
1623 1338 1345 1339 
1624 1337 1346 1340 
1625 1335 1337 421 
1626 1336 1338 427 
1627 422 1339 1335 
1628 428 1340 1336 
1629 420 1341 42 
1630 43 1343 423 
1631 426 1342 44 
1632 45 1344 429 
1633 42 1341 431 
1634 424 1343 43 
1635 44 1342 425 
1636 430 1344 45 
1637 1337 1341 420 
1638 1338 1342 426 
1639 423 1343 1339 
1640 429 1344 1340 
1641 1340 1344 1333 
1642 1339 1343 1334 
1643 1333 1341 1337 
1644 1334 1342 1338 
1645 1345 1346 1335 
1646 1336 1346 1345 
1647 1334 1343 424 
1648 1333 1344 430 
1649 425 1342 1334 
1650 431 1341 1333 
1651 1335 1346 1337 
1652 1336 1345 1338 
1653 1339 1345 1335 
1654 1340 1346 1336 
2 110 2 42
1655 1352 1353 1348 
1656 1351 1354 1347 
1657 434 1349 433 
1658 440 1350 439 
1659 433 1351 432 
1660 435 1353 434 
1661 439 1352 438 
1662 441 1354 440 
1663 443 1347 442 
1664 437 1348 436 
1665 1351 1359 1354 
1666 1352 1360 1353 
1667 1349 1351 433 
1668 1350 1352 439 
1669 434 1353 1349 
1670 440 1354 1350 
1671 432 1355 46 
1672 47 1357 435 
1673 438 1356 48 
1674 49 1358 441 
1675 46 1355 443 
1676 436 1357 47 
1677 48 1356 437 
1678 442 1358 49 
1679 1351 1355 432 
1680 1352 1356 438 
1681 435 1357 1353 
1682 441 1358 1354 
1683 1354 1358 1347 
1684 1353 1357 1348 
1685 1347 1355 1351 
1686 1348 1356 1352 
1687 1359 1360 1350 
1688 1349 1360 1359 
1689 1348 1357 436 
1690 1347 1358 442 
1691 437 1356 1348 
1692 443 1355 1347 
1693 1349 1359 1351 
1694 1350 1360 1352 
1695 1353 1360 1349 
1696 1354 1359 1350 
2 111 2 42
1697 1361 1367 1366 
1698 1362 1368 1365 
1699 446 1363 445 
1700 452 1364 451 
1701 445 1367 444 
1702 447 1365 446 
1703 451 1368 450 
1704 453 1366 452 
1705 449 1362 448 
1706 455 1361 454 
1707 1368 1373 1365 
1708 1367 1374 1366 
1709 446 1365 1363 
1710 452 1366 1364 
1711 1363 1367 445 
1712 1364 1368 451 
1713 444 1371 50 
1714 51 1369 447 
1715 450 1372 52 
1716 53 1370 453 
1717 50 1371 455 
1718 448 1369 51 
1719 52 1372 449 
1720 454 1370 53 
1721 447 1369 1365 
1722 453 1370 1366 
1723 1367 1371 444 
1724 1368 1372 450 
1725 1361 1371 1367 
1726 1362 1372 1368 
1727 1366 1370 1361 
1728 1365 1369 1362 
1729 1373 1374 1363 
1730 1364 1374 1373 
1731 1362 1369 448 
1732 1361 1370 454 
1733 449 1372 1362 
1734 455 1371 1361 
1735 1363 1374 1367 
1736 1364 1373 1368 
1737 1365 1373 1363 
1738 1366 1374 1364 
2 112 2 42
1739 1379 1382 1375 
1740 1380 1381 1376 
1741 458 1377 457 
1742 464 1378 463 
1743 457 1379 456 
1744 459 1381 458 
1745 463 1380 462 
1746 465 1382 464 
1747 461 1376 460 
1748 467 1375 466 
1749 1379 1388 1382 
1750 1380 1387 1381 
1751 458 1381 1377 
1752 464 1382 1378 
1753 1377 1379 457 
1754 1378 1380 463 
1755 456 1385 54 
1756 55 1383 459 
1757 462 1386 56 
1758 57 1384 465 
1759 54 1385 467 
1760 460 1383 55 
1761 56 1386 461 
1762 466 1384 57 
1763 459 1383 1381 
1764 465 1384 1382 
1765 1379 1385 456 
1766 1380 1386 462 
1767 1382 1384 1375 
1768 1381 1383 1376 
1769 1375 1385 1379 
1770 1376 1386 1380 
1771 1387 1388 1377 
1772 1378 1388 1387 
1773 1376 1383 460 
1774 1375 1384 466 
1775 461 1386 1376 
1776 467 1385 1375 
1777 1377 1388 1379 
1778 1378 1387 1380 
1779 1381 1387 1377 
1780 1382 1388 1378 
2 113 2 42
1781 1389 1395 1394 
1782 1390 1396 1393 
1783 470 1391 469 
1784 476 1392 475 
1785 469 1395 468 
1786 471 1393 470 
1787 475 1396 474 
1788 477 1394 476 
1789 473 1390 472 
1790 479 1389 478 
1791 1396 1401 1393 
1792 1395 1402 1394 
1793 470 1393 1391 
1794 476 1394 1392 
1795 1391 1395 469 
1796 1392 1396 475 
1797 468 1399 58 
1798 59 1397 471 
1799 474 1400 60 
1800 61 1398 477 
1801 58 1399 479 
1802 472 1397 59 
1803 60 1400 473 
1804 478 1398 61 
1805 471 1397 1393 
1806 477 1398 1394 
1807 1395 1399 468 
1808 1396 1400 474 
1809 1389 1399 1395 
1810 1390 1400 1396 
1811 1394 1398 1389 
1812 1393 1397 1390 
1813 1401 1402 1391 
1814 1392 1402 1401 
1815 1390 1397 472 
1816 1389 1398 478 
1817 473 1400 1390 
1818 479 1399 1389 
1819 1391 1402 1395 
1820 1392 1401 1396 
1821 1393 1401 1391 
1822 1394 1402 1392 
2 114 2 42
1823 1407 1410 1403 
1824 1408 1409 1404 
1825 482 1405 481 
1826 488 1406 487 
1827 481 1407 480 
1828 483 1409 482 
1829 487 1408 486 
1830 489 1410 488 
1831 485 1404 484 
1832 491 1403 490 
1833 1407 1416 1410 
1834 1408 1415 1409 
1835 482 1409 1405 
1836 488 1410 1406 
1837 1405 1407 481 
1838 1406 1408 487 
1839 480 1413 62 
1840 63 1411 483 
1841 486 1414 64 
1842 65 1412 489 
1843 62 1413 491 
1844 484 1411 63 
1845 64 1414 485 
1846 490 1412 65 
1847 483 1411 1409 
1848 489 1412 1410 
1849 1407 1413 480 
1850 1408 1414 486 
1851 1410 1412 1403 
1852 1409 1411 1404 
1853 1403 1413 1407 
1854 1404 1414 1408 
1855 1415 1416 1405 
1856 1406 1416 1415 
1857 1404 1411 484 
1858 1403 1412 490 
1859 485 1414 1404 
1860 491 1413 1403 
1861 1405 1416 1407 
1862 1406 1415 1408 
1863 1409 1415 1405 
1864 1410 1416 1406 
2 115 2 2813
1865 2010 2143 1480 
1866 1481 2144 1993 
1867 2012 2143 2010 
1868 1993 2144 1995 
1869 1966 2306 1967 
1870 2063 2285 1700 
1871 1936 2048 1932 
1872 1908 2196 1910 
1873 65 1865 1742 
1874 1483 2143 2012 
1875 1995 2144 1482 
1876 1856 1858 1487 
1877 1618 2048 1936 
1878 2012 2014 1483 
1879 1482 1997 1995 
1880 1864 1876 1474 
1881 2315 2431 2106 
1882 1798 2092 1851 
1883 1849 2093 1792 
1884 1798 2533 2092 
1885 2093 2534 1792 
1886 1487 1900 1856 
1887 1677 1895 1894 
1888 65 1742 5 
1889 1677 1894 1893 
1890 1857 2301 2203 
1891 1901 2301 1857 
1892 5 2338 65 
1893 1805 2042 1844 
1894 1872 2254 1663 
1895 1805 2527 2042 
1896 1910 2196 1685 
1897 1861 1864 1474 
1898 2103 2104 1490 
1899 1491 2116 2115 
1900 1947 1948 1673 
1901 1967 2306 1419 
1902 2106 2431 1492 
1903 1742 1865 1744 
1904 1741 1875 1499 
1905 1700 2361 2063 
1906 1857 1900 1472 
1907 487 1870 488 
1908 1862 1863 1730 
1909 2073 2217 2037 
1910 1646 2061 2060 
1911 1731 2180 1893 
1912 1948 1949 1673 
1913 2041 2219 2074 
1914 2238 2243 1980 
1915 1460 2446 1815 
1916 1815 2448 1460 
1917 1979 2238 1980 
1918 159 1949 160 
1919 1864 2312 1876 
1920 1744 2198 1743 
1921 1738 2351 2307 
1922 200 2130 199 
1923 1684 2278 2056 
1924 2307 2351 1706 
1925 1490 2108 2103 
1926 2115 2123 1491 
1927 1722 2217 2073 
1928 1498 1943 1848 
1929 2074 2219 1723 
1930 2244 2318 1969 
1931 2253 2258 1583 
1932 1683 2368 2223 
1933 1506 1867 1866 
1934 1499 1874 1741 
1935 1775 2258 2253 
1936 1776 2221 1434 
1937 102 1895 103 
1938 1629 2262 1850 
1939 1714 2178 1715 
1940 1434 2517 1776 
1941 2178 2182 1715 
1942 1850 2266 1629 
1943 2090 2178 1714 
1944 1714 2177 2090 
1945 1833 2377 2257 
1946 2289 2297 1582 
1947 1717 2318 2244 
1948 1800 2297 2289 
1949 1856 1900 1857 
1950 2223 2368 1886 
1951 1506 1866 1865 
1952 1682 2223 1886 
1953 1474 2294 1861 
1954 1936 2334 1641 
1955 2257 2377 1442 
1956 1641 2326 1936 
1957 2310 2313 1973 
1958 2105 2108 1488 
1959 1489 2123 2117 
1960 1673 2186 1947 
1961 1718 2254 1872 
1962 1886 2449 1682 
1963 1973 2313 1974 
1964 1840 2282 1636 
1965 1636 2279 1840 
1966 1739 2284 2082 
1967 1663 1870 487 
1968 2247 2250 1924 
1969 1958 2020 1957 
1970 1953 2431 2315 
1971 2067 2130 1746 
1972 1731 1893 1741 
1973 1924 2250 1925 
1974 2056 2278 1916 
1975 1718 2244 2066 
1976 1690 2020 1958 
1977 2021 2237 2233 
1978 202 1944 201 
1979 2060 2314 1646 
1980 199 2130 2067 
1981 1802 2296 1807 
1982 2062 2285 2063 
1983 2233 2237 1923 
1984 2070 2284 2231 
1985 1907 2196 1908 
1986 1869 2198 1744 
1987 160 1949 1670 
1988 1673 1949 159 
1989 1971 2196 1907 
1990 2247 2337 1679 
1991 1868 2179 1869 
1992 488 1870 1506 
1993 1846 2275 1631 
1994 1843 2440 2432 
1995 1768 2248 2246 
1996 2246 2248 1611 
1997 1631 2274 1846 
1998 1498 1944 1943 
1999 2432 2440 247 
2000 1646 2062 2061 
2001 2066 2254 1718 
2002 1631 2275 1847 
2003 1907 2208 1971 
2004 1746 2198 2067 
2005 1663 2254 1871 
2006 1847 2280 1631 
2007 2103 2108 2105 
2008 2117 2123 2115 
2009 2137 2254 2066 
2010 1947 2186 1954 
2011 1869 2179 1475 
2012 1691 2376 2290 
2013 1865 1866 1744 
2014 1672 1895 102 
2015 103 1895 1677 
2016 2290 2376 1890 
2017 1543 2285 2259 
2018 1871 2254 2137 
2019 1659 2215 2201 
2020 1498 2130 200 
2021 1807 2300 2295 
2022 2295 2300 1592 
2023 1472 1901 1857 
2024 1716 2060 2058 
2025 2201 2215 1910 
2026 2023 2288 1840 
2027 1840 2288 2282 
2028 1848 2130 1498 
2029 1794 2533 1796 
2030 1943 1954 1942 
2031 1862 2399 1863 
2032 313 1900 312 
2033 1794 2534 2533 
2034 1948 1950 1949 
2035 2427 2433 1726 
2036 1924 2337 2247 
2037 297 2123 296 
2038 210 2108 209 
2039 1942 1954 1676 
2040 2131 2433 2427 
2041 2107 2344 2315 
2042 197 2179 196 
2043 1743 2198 1746 
2044 1925 2250 1681 
2045 1893 2180 1677 
2046 2231 2284 1740 
2047 2175 2268 2069 
2048 1629 2266 1846 
2049 1868 1869 1866 
2050 1685 2201 1910 
2051 1688 2290 1890 
2052 2104 2106 1490 
2053 1491 2118 2116 
2054 1775 2251 2024 
2055 1796 2533 1798 
2056 128 2518 2439 
2057 1852 2236 2230 
2058 1807 2296 2154 
2059 1792 2534 1794 
2060 1488 2109 2105 
2061 2117 2124 1489 
2062 1775 2253 2251 
2063 1847 2279 1636 
2064 1846 2274 1629 
2065 2058 2318 1716 
2066 2438 2519 150 
2067 1496 1944 202 
2068 201 1944 1498 
2069 2082 2329 1739 
2070 1665 2126 2125 
2071 2110 2111 1664 
2072 1695 1961 1892 
2073 1858 1859 1487 
2074 1762 2415 2403 
2075 2241 2308 1830 
2076 2230 2236 1612 
2077 2315 2344 1953 
2078 1892 1961 1881 
2079 1636 2280 1847 
2080 2069 2563 2175 
2081 2341 2342 1660 
2082 1661 2340 2339 
2083 2127 2261 2121 
2084 1496 1946 1945 
2085 2056 2306 1966 
2086 1890 2447 1688 
2087 1948 2183 1950 
2088 1863 2555 1730 
2089 1709 2083 1724 
2090 1447 2220 2190 
2091 2039 2219 2041 
2092 2357 2373 276 
2093 2403 2415 1440 
2094 1475 2198 1869 
2095 1725 2426 2421 
2096 1740 2284 1739 
2097 1681 2537 1925 
2098 2421 2426 2091 
2099 1583 2258 1850 
2100 2047 2206 2195 
2101 128 2439 129 
2102 196 2179 1878 
2103 149 2438 150 
2104 1842 2373 2357 
2105 1472 1900 313 
2106 2276 2277 1678 
2107 1708 2212 2097 
2108 2259 2285 2062 
2109 1917 2277 2276 
2110 2213 2427 1733 
2111 2037 2217 2035 
2112 1873 2222 2207 
2113 1496 1945 1944 
2114 1861 2294 1859 
2115 1850 2262 1583 
2116 1939 2199 2195 
2117 312 1900 1487 
2118 2021 2234 2020 
2119 1844 2521 1441 
2120 2207 2222 1613 
2121 296 2123 1489 
2122 1488 2108 210 
2123 1491 2123 297 
2124 209 2108 1490 
2125 1768 2242 2031 
2126 1950 2183 1952 
2127 1845 2423 2413 
2128 1467 2350 2309 
2129 2121 2536 2127 
2130 2027 2298 1800 
2131 1876 2556 2547 
2132 118 2515 2442 
2133 1874 2556 1876 
2134 1938 2199 1939 
2135 139 2522 2435 
2136 1675 2135 1700 
2137 1768 2246 2242 
2138 196 1878 195 
2139 2233 2234 2021 
2140 2413 2423 244 
2141 195 1878 1486 
2142 90 2000 91 
2143 169 2017 170 
2144 327 1853 11 
2145 1800 2298 2297 
2146 2434 2522 139 
2147 1741 1893 1875 
2148 1867 1868 1866 
2149 1983 2199 1938 
2150 1931 2320 1974 
2151 489 1865 65 
2152 1475 2179 197 
2153 1862 1864 1861 
2154 1433 2529 1882 
2155 2224 2245 1694 
2156 1590 2308 2241 
2157 1738 2307 1740 
2158 1730 1864 1862 
2159 1506 1870 1867 
2160 1493 2119 2118 
2161 1945 1954 1943 
2162 1441 2546 1844 
2163 1611 2248 2024 
2164 1981 2265 1659 
2165 2014 2015 1483 
2166 1482 1998 1997 
2167 1663 1871 1870 
2168 1803 2527 1805 
2169 2195 2206 1939 
2170 2384 2386 1841 
2171 2316 2323 1520 
2172 1875 2145 1499 
2173 1872 2404 1718 
2174 1672 1896 1895 
2175 139 2435 140 
2176 1672 1897 1896 
2177 118 2442 2425 
2178 138 2434 139 
2179 2190 2220 2063 
2180 2294 2542 1859 
2181 117 2515 118 
2182 273 2386 2384 
2183 2249 2271 1824 
2184 2268 2273 1451 
2185 1938 2204 1983 
2186 1615 2193 1873 
2187 1974 2313 1931 
2188 105 1504 3 
2189 1695 2200 1564 
2190 2020 2234 1957 
2191 1486 1878 1877 
2192 105 2180 1504 
2193 2097 2550 1708 
2194 1630 2293 2292 
2195 2024 2251 1611 
2196 91 2000 1660 
2197 1661 2017 169 
2198 1873 2193 1753 
2199 2310 2447 1889 
2200 1958 2224 1690 
2201 2023 2289 1582 
2202 1484 2525 2015 
2203 1998 2526 1485 
2204 56 1911 59 
2205 377 1918 28 
2206 1882 2552 1433 
2207 437 1927 48 
2208 1715 2135 1675 
2209 1994 1996 1658 
2210 1657 2013 2011 
2211 64 1872 486 
2212 118 2425 119 
2213 1658 2000 90 
2214 170 2017 1657 
2215 2185 2213 1733 
2216 1866 1869 1744 
2217 2062 2063 2061 
2218 10 1863 324 
2219 1504 1728 3 
2220 1892 2200 1695 
2221 1612 2236 2031 
2222 1658 2049 1994 
2223 2011 2050 1657 
2224 1423 1911 56 
2225 1504 2180 1731 
2226 1949 1950 1670 
2227 2292 2293 1811 
2228 2067 2198 1475 
2229 1707 2427 2213 
2230 1954 2186 1676 
2231 1837 2323 2316 
2232 2217 2541 2035 
2233 2291 2303 1526 
2234 1716 2318 1717 
2235 1895 1896 1894 
2236 2039 2538 2219 
2237 1858 1860 1859 
2238 1582 2288 2023 
2239 1628 2181 1891 
2240 2039 2041 2040 
2241 2109 2110 2105 
2242 2117 2125 2124 
2243 341 1928 16 
2244 1457 2532 1849 
2245 150 2519 2429 
2246 2005 2036 2002 
2247 1911 2176 59 
2248 5 1742 1505 
2249 1851 2528 1439 
2250 2015 2270 1484 
2251 1485 2269 1998 
2252 1985 2040 1988 
2253 2002 2036 2001 
2254 2147 2278 1684 
2255 1984 2040 1985 
2256 2083 2375 1724 
2257 1613 2222 1852 
2258 1964 1968 1691 
2259 2309 2350 1967 
2260 2038 2039 1687 
2261 1906 1908 1423 
2262 1959 1961 1695 
2263 1992 2049 1656 
2264 1655 2050 2009 
2265 1930 1940 1934 
2266 2005 2037 2036 
2267 2428 2518 128 
2268 1946 1947 1945 
2269 1912 2176 1911 
2270 1891 2181 1749 
2271 1662 1853 327 
2272 83 2038 1687 
2273 2040 2041 1988 
2274 1684 2056 2055 
2275 1656 2087 1990 
2276 2007 2088 1655 
2277 1919 2033 1918 
2278 150 2429 151 
2279 1710 2047 2046 
2280 401 1902 1448 
2281 2054 2260 1678 
2282 1994 2049 1992 
2283 2009 2050 2011 
2284 1960 2225 1961 
2285 1877 2137 1486 
2286 1902 1903 1448 
2287 1562 1959 1695 
2288 1686 2035 2034 
2289 401 1448 36 
2290 1688 1973 1972 
2291 55 1449 460 
2292 353 1450 20 
2293 2019 2022 2021 
2294 1506 1865 489 
2295 1584 2054 1678 
2296 1990 1992 1656 
2297 1655 2009 2007 
2298 1601 1964 1691 
2299 39 1879 1465 
2300 1867 1877 1868 
2301 1697 1963 1568 
2302 1982 1983 1981 
2303 2260 2276 1678 
2304 127 2428 128 
2305 1849 2535 1457 
2306 473 1937 60 
2307 1710 2168 2047 
2308 1975 1977 1468 
2309 1635 2075 1737 
2310 191 1969 1452 
2311 2059 2064 2057 
2312 1682 1979 1978 
2313 1523 1982 1981 
2314 1902 1904 1903 
2315 1897 1898 1896 
2316 1688 1972 1607 
2317 353 2160 1450 
2318 1552 2022 2019 
2319 1958 2245 2224 
2320 1418 1918 377 
2321 1421 1927 437 
2322 1876 2547 1474 
2323 1597 2055 1696 
2324 1699 2026 1572 
2325 2057 2064 189 
2326 1685 1970 1531 
2327 59 2176 472 
2328 2031 2242 1612 
2329 2125 2560 1665 
2330 1664 2561 2110 
2331 1682 1978 1539 
2332 1908 1909 1423 
2333 1676 2098 1942 
2334 39 1465 412 
2335 1928 1962 16 
2336 1918 2033 28 
2337 1493 2120 2119 
2338 2068 2069 1451 
2339 1996 2000 1658 
2340 1657 2017 2013 
2341 2019 2020 1690 
2342 1662 1854 1853 
2343 461 1906 1423 
2344 1686 2034 177 
2345 1507 2018 325 
2346 1696 2055 1966 
2347 2037 2524 2073 
2348 1450 2160 1889 
2349 1710 2046 1512 
2350 316 2068 1451 
2351 15 1940 340 
2352 1742 1743 1505 
2353 2014 2016 2015 
2354 1998 1999 1997 
2355 1417 1976 1975 
2356 2523 2531 1782 
2357 27 1913 376 
2358 156 2098 1676 
2359 35 2152 1429 
2360 31 1417 388 
2361 425 1420 44 
2362 1972 1974 1689 
2363 1641 2028 1624 
2364 1789 2023 1840 
2365 1525 1981 1659 
2366 2107 2133 1669 
2367 1668 2134 2122 
2368 232 2095 1443 
2369 1554 2019 1690 
2370 82 2038 83 
2371 1654 2002 2001 
2372 1984 1985 1653 
2373 389 1468 32 
2374 43 1469 424 
2375 1860 1861 1859 
2376 1576 2025 1698 
2377 1446 2070 318 
2378 1795 2027 1800 
2379 1452 2058 2057 
2380 1926 1927 1922 
2381 35 1429 400 
2382 413 1430 40 
2383 1654 2001 175 
2384 85 1984 1653 
2385 1970 1971 1683 
2386 1512 2046 1514 
2387 23 1887 1467 
2388 1466 1883 52 
2389 229 2129 1436 
2390 1926 2045 1927 
2391 88 2049 89 
2392 171 2050 172 
2393 2187 2193 1615 
2394 19 1426 352 
2395 461 1423 56 
2396 1599 1964 1601 
2397 1978 1980 1681 
2398 2055 2056 1966 
2399 1909 1911 1423 
2400 23 1467 364 
2401 449 1466 52 
2402 1417 1975 388 
2403 1519 2032 1652 
2404 1999 2342 2341 
2405 2339 2340 2016 
2406 1944 1945 1943 
2407 1458 2043 250 
2408 251 2044 1458 
2409 193 2065 1473 
2410 1842 2357 2352 
2411 1465 2149 412 
2412 1950 1951 1670 
2413 1915 1918 1418 
2414 1893 1894 1875 
2415 1560 1959 1562 
2416 1521 1982 1523 
2417 270 2051 1459 
2418 1462 2052 236 
2419 32 2152 35 
2420 1919 2167 2033 
2421 198 2067 1475 
2422 1965 1968 1964 
2423 1427 1940 1930 
2424 1922 1927 1421 
2425 223 1722 222 
2426 284 1723 283 
2427 1473 1969 192 
2428 486 1872 1663 
2429 83 1687 84 
2430 176 1686 177 
2431 2081 2082 1446 
2432 1990 2087 1986 
2433 2003 2088 2007 
2434 1448 1879 36 
2435 2081 2083 2082 
2436 1813 2516 2448 
2437 1856 1857 1854 
2438 1562 1695 1564 
2439 1961 2225 1881 
2440 237 2072 1462 
2441 1459 2071 269 
2442 2058 2060 2059 
2443 1595 2055 1597 
2444 1927 2045 48 
2445 1881 2149 1465 
2446 1550 2022 1552 
2447 1842 2352 1839 
2448 1566 1697 1568 
2449 129 2439 2418 
2450 1525 1659 1527 
2451 1694 1960 1959 
2452 258 2092 1435 
2453 1605 1688 1607 
2454 1656 2049 88 
2455 89 2049 1658 
2456 172 2050 1655 
2457 1657 2050 171 
2458 241 2077 1461 
2459 1460 2078 265 
2460 177 2034 178 
2461 1461 2079 240 
2462 266 2080 1460 
2463 1973 1974 1972 
2464 1452 2057 190 
2465 1782 2531 1784 
2466 1696 1965 1964 
2467 1986 2087 1653 
2468 1654 2088 2003 
2469 1785 1847 1783 
2470 1609 1972 1689 
2471 1568 1963 1570 
2472 1860 1862 1861 
2473 176 2001 1686 
2474 1687 1984 84 
2475 1533 1970 1683 
2476 319 2081 1446 
2477 1447 2084 187 
2478 1523 1981 1525 
2479 1533 1683 1535 
2480 1558 1694 1560 
2481 1781 1846 1779 
2482 1554 1690 1556 
2483 1789 1840 1787 
2484 1960 1961 1959 
2485 1888 2376 2305 
2486 1469 2169 424 
2487 1529 1685 1531 
2488 1751 1891 1749 
2489 1601 1691 1603 
2490 1777 1850 1774 
2491 1607 1972 1609 
2492 1755 1873 1753 
2493 1419 2309 1967 
2494 1687 2040 1984 
2495 1791 2023 1789 
2496 1877 1878 1868 
2497 1772 1775 1770 
2498 44 2166 47 
2499 1552 2019 1554 
2500 36 1879 39 
2501 309 1474 308 
2502 316 1451 315 
2503 314 1472 313 
2504 191 1452 190 
2505 193 1473 192 
2506 198 1475 197 
2507 2001 2036 1686 
2508 1574 2025 1576 
2509 1597 1696 1599 
2510 2000 2341 1660 
2511 1661 2339 2017 
2512 1795 1800 1793 
2513 1797 2027 1795 
2514 1694 1959 1560 
2515 1570 1963 1699 
2516 325 2018 326 
2517 2028 2029 1649 
2518 1572 2026 1574 
2519 1454 2099 1501 
2520 2046 2047 2032 
2521 1570 1699 1572 
2522 1531 1970 1533 
2523 1977 2165 1468 
2524 1576 1698 1578 
2525 1519 1652 1521 
2526 1802 1807 1799 
2527 2019 2021 2020 
2528 1537 1682 1539 
2529 1517 2032 1519 
2530 1979 1980 1978 
2531 1652 1982 1521 
2532 1759 1852 1757 
2533 1548 1679 1550 
2534 1539 1978 1541 
2535 1915 1919 1918 
2536 1696 1964 1599 
2537 1436 2091 228 
2538 1765 1768 1763 
2539 2065 2066 1473 
2540 324 1863 1507 
2541 1580 2054 1584 
2542 47 1920 436 
2543 155 2098 156 
2544 1609 1689 1616 
2545 317 2070 2068 
2546 1828 1836 1826 
2547 2058 2059 2057 
2548 188 2064 1447 
2549 1679 2022 1550 
2550 1809 1812 1806 
2551 1638 2271 2249 
2552 1450 1887 20 
2553 55 1883 1449 
2554 1770 2024 1767 
2555 1763 2031 1761 
2556 1931 1962 1928 
2557 1574 2026 2025 
2558 1722 2073 222 
2559 284 2074 1723 
2560 1633 2075 1635 
2561 1593 1684 1595 
2562 2417 2438 149 
2563 1624 2028 1626 
2564 1541 1681 1544 
2565 1669 2133 163 
2566 97 2134 1668 
2567 1514 2046 1517 
2568 1966 1967 1965 
2569 1430 1955 40 
2570 1626 2028 1649 
2571 47 2166 1920 
2572 317 2068 316 
2573 1852 2230 1613 
2574 1541 1978 1681 
2575 400 1902 401 
2576 1950 1952 1951 
2577 1897 1899 1898 
2578 1622 1641 1624 
2579 1463 2089 279 
2580 1834 1837 1832 
2581 1684 2055 1595 
2582 1435 2093 257 
2583 1584 1678 1586 
2584 249 2043 1434 
2585 1433 2044 252 
2586 24 2174 27 
2587 1468 2152 32 
2588 1775 2024 1770 
2589 16 1962 19 
2590 221 2073 1476 
2591 1477 2074 285 
2592 1599 1601 1600 
2593 2089 2090 1437 
2594 1768 2031 1763 
2595 1698 2053 1578 
2596 2053 2054 1580 
2597 20 1887 23 
2598 52 1883 55 
2599 235 2052 1445 
2600 1444 2051 271 
2601 1960 2226 2225 
2602 261 2042 1439 
2603 5 1505 155 
2604 1626 1649 1633 
2605 1527 1529 1528 
2606 1445 2094 234 
2607 1525 1527 1526 
2608 1501 2099 1510 
2609 1597 1599 1598 
2610 87 2087 1656 
2611 1655 2088 173 
2612 1668 2127 98 
2613 1665 2112 94 
2614 166 2100 1664 
2615 1427 1928 341 
2616 2094 2095 233 
2617 1957 2169 1469 
2618 1455 2083 2081 
2619 2084 2085 1456 
2620 1810 2516 1813 
2621 192 1969 191 
2622 1912 2204 2176 
2623 40 1955 43 
2624 268 2071 1432 
2625 1431 2072 238 
2626 1689 2048 1616 
2627 1440 2077 242 
2628 264 2078 1441 
2629 1517 2046 2032 
2630 1578 2053 1580 
2631 1946 1948 1947 
2632 1443 2128 231 
2633 1523 1525 1524 
2634 2128 2129 230 
2635 239 2079 1431 
2636 1432 2080 267 
2637 319 1446 318 
2638 188 1447 187 
2639 246 1438 245 
2640 261 1439 260 
2641 251 1458 250 
2642 255 1457 254 
2643 249 1434 248 
2644 258 1435 257 
2645 253 1433 252 
2646 259 2092 258 
2647 1973 2447 2310 
2648 235 1445 234 
2649 272 1444 271 
2650 1521 1523 1522 
2651 2003 2004 2002 
2652 1985 1987 1986 
2653 1510 2099 1710 
2654 129 2418 130 
2655 1720 2153 1648 
2656 1562 1564 1563 
2657 1713 2163 2158 
2658 1420 2166 44 
2659 2113 2115 2114 
2660 2102 2103 2101 
2661 31 2033 1417 
2662 2112 2113 1667 
2663 1666 2101 2100 
2664 1616 2048 1618 
2665 2004 2005 2002 
2666 1985 1988 1987 
2667 233 2095 232 
2668 1855 1856 1854 
2669 1419 2174 24 
2670 237 1462 236 
2671 270 1459 269 
2672 2029 2030 1649 
2673 1601 1603 1602 
2674 2039 2040 1687 
2675 1635 1737 1645 
2676 1548 1550 1549 
2677 2060 2061 2059 
2678 1546 1548 1547 
2679 1560 1562 1561 
2680 1595 1597 1596 
2681 189 2064 188 
2682 1696 1966 1965 
2683 1746 2130 1848 
2684 190 2057 189 
2685 1496 2184 1946 
2686 1947 1954 1945 
2687 1529 1531 1530 
2688 243 1440 242 
2689 264 1441 263 
2690 185 2096 184 
2691 232 1443 231 
2692 275 1442 274 
2693 1519 1521 1520 
2694 1666 2133 2102 
2695 2114 2134 1667 
2696 241 1461 240 
2697 266 1460 265 
2698 230 2129 229 
2699 239 1431 238 
2700 268 1432 267 
2701 229 1436 228 
2702 278 1437 277 
2703 278 2089 1437 
2704 1550 1552 1551 
2705 2102 2133 2107 
2706 2122 2134 2114 
2707 186 2084 1456 
2708 1455 2081 320 
2709 1558 1560 1559 
2710 1517 1519 1518 
2711 1510 1710 1512 
2712 1564 1566 1565 
2713 1985 1986 1653 
2714 1654 2003 2002 
2715 280 2132 1463 
2716 1940 1941 1934 
2717 2102 2104 2103 
2718 2115 2116 2114 
2719 2113 2117 2115 
2720 2103 2105 2101 
2721 1666 2102 2101 
2722 2113 2114 1667 
2723 227 2091 1464 
2724 225 2131 1707 
2725 1552 1554 1553 
2726 1769 1770 1767 
2727 318 2070 317 
2728 1588 2147 1593 
2729 1817 1818 1816 
2730 1952 1953 1951 
2731 1987 1989 1986 
2732 2003 2006 2004 
2733 1556 1558 1557 
2734 1544 1546 1545 
2735 194 2065 193 
2736 1819 1820 1818 
2737 257 2093 256 
2738 1771 1772 1770 
2739 250 2043 249 
2740 252 2044 251 
2741 1425 2168 2159 
2742 1784 1785 1783 
2743 174 2088 1654 
2744 1653 2087 86 
2745 1750 1751 1749 
2746 1782 1783 1781 
2747 460 1906 461 
2748 1554 1556 1555 
2749 1666 2100 165 
2750 95 2112 1667 
2751 99 2127 1671 
2752 1766 1767 1765 
2753 1773 1774 1772 
2754 1686 2036 2035 
2755 1815 1816 1814 
2756 1780 1781 1779 
2757 1776 1777 1774 
2758 1778 1779 1777 
2759 271 2051 270 
2760 236 2052 235 
2761 320 2081 319 
2762 187 2084 186 
2763 262 2042 261 
2764 234 2094 233 
2765 269 2071 268 
2766 238 2072 237 
2767 388 1975 389 
2768 1821 1822 1820 
2769 1764 1765 1763 
2770 242 2077 241 
2771 265 2078 264 
2772 267 2080 266 
2773 240 2079 239 
2774 175 2001 176 
2775 84 1984 85 
2776 231 2128 230 
2777 1813 1814 1811 
2778 1786 1787 1785 
2779 2158 2163 1643 
2780 1593 1595 1594 
2781 2036 2037 2035 
2782 365 1419 24 
2783 51 1422 448 
2784 148 2417 149 
2785 1879 1880 1465 
2786 1574 1576 1575 
2787 1752 1753 1751 
2788 329 1428 12 
2789 63 1425 484 
2790 199 2067 198 
2791 1702 1720 1648 
2792 324 1507 325 
2793 486 1663 487 
2794 99 1671 100 
2795 158 1673 159 
2796 93 1665 94 
2797 95 1667 96 
2798 162 1669 163 
2799 166 1664 167 
2800 89 1658 90 
2801 91 1660 92 
2802 164 1666 165 
2803 156 1676 157 
2804 168 1661 169 
2805 85 1653 86 
2806 87 1656 88 
2807 103 1677 104 
2808 170 1657 171 
2809 172 1655 173 
2810 97 1668 98 
2811 174 1654 175 
2812 326 1662 327 
2813 160 1670 161 
2814 488 1506 489 
2815 101 1672 102 
2816 1514 1517 1516 
2817 1762 1763 1761 
2818 1823 1824 1822 
2819 228 2091 227 
2820 1603 1605 1604 
2821 1796 1797 1795 
2822 28 2033 31 
2823 1792 1793 1791 
2824 1794 1795 1793 
2825 1572 1574 1573 
2826 1790 1791 1789 
2827 1541 1544 1542 
2828 1788 1789 1787 
2829 1810 1811 1809 
2830 1464 2131 226 
2831 1754 1755 1753 
2832 1798 1799 1797 
2833 1531 1533 1532 
2834 227 1464 226 
2835 280 1463 279 
2836 1449 1907 1906 
2837 1760 1761 1759 
2838 1566 1568 1567 
2839 1505 2098 155 
2840 321 1455 320 
2841 186 1456 185 
2842 1748 1749 1721 
2843 1570 1572 1571 
2844 1756 1757 1755 
2845 1576 1578 1577 
2846 1801 1802 1799 
2847 1808 1809 1806 
2848 1805 1806 1804 
2849 1803 1804 1802 
2850 1825 1826 1824 
2851 2085 2135 2086 
2852 2085 2086 1456 
2853 1708 2132 281 
2854 173 2088 174 
2855 86 2087 87 
2856 279 2089 278 
2857 94 2112 95 
2858 98 2127 99 
2859 165 2100 166 
2860 19 1962 1426 
2861 1758 1759 1757 
2862 43 1955 1469 
2863 1568 1570 1569 
2864 1827 1828 1826 
2865 2013 2014 2012 
2866 1995 1997 1996 
2867 1829 1830 1828 
2868 1449 1906 460 
2869 1993 1995 1994 
2870 2011 2012 2010 
2871 225 1707 224 
2872 2009 2010 2008 
2873 1991 1993 1992 
2874 1539 1541 1540 
2875 281 2132 280 
2876 1588 1593 1589 
2877 1989 1991 1990 
2878 2007 2008 2006 
2879 1605 1607 1606 
2880 1429 1904 1902 
2881 1835 1838 1834 
2882 1743 1746 1745 
2883 2120 2121 2119 
2884 1831 1832 1830 
2885 226 2131 225 
2886 1486 2065 194 
2887 282 1708 281 
2888 1456 2096 185 
2889 1833 1834 1832 
2890 2171 2181 1628 
2891 1622 1624 1623 
2892 1586 1588 1587 
2893 164 2133 1666 
2894 1667 2134 96 
2895 1701 1735 1734 
2896 1599 1600 1598 
2897 1527 1528 1526 
2898 1578 1580 1579 
2899 222 2073 221 
2900 285 2074 284 
2901 1624 1626 1625 
2902 163 2133 164 
2903 96 2134 97 
2904 1616 1618 1617 
2905 1737 1738 1645 
2906 1537 1539 1538 
2907 1619 1622 1621 
2908 12 1941 15 
2909 1523 1524 1522 
2910 1601 1602 1600 
2911 1873 2207 1615 
2912 1607 1609 1608 
2913 1533 1535 1534 
2914 1468 2165 2152 
2915 1584 1586 1585 
2916 1525 1526 1524 
2917 1930 1934 1933 
2918 1626 1633 1627 
2919 1521 1522 1520 
2920 1701 2150 1735 
2921 1609 1616 1610 
2922 1529 1530 1528 
2923 1580 1584 1581 
2924 1925 1926 1922 
2925 1597 1598 1596 
2926 27 2174 1913 
2927 1519 1520 1518 
2928 2175 2301 2268 
2929 1649 2075 1633 
2930 1548 1549 1547 
2931 2102 2107 2104 
2932 2116 2122 2114 
2933 1535 1537 1536 
2934 1429 1902 400 
2935 1517 1518 1516 
2936 1746 1848 1745 
2937 1929 1931 1928 
2938 1855 1858 1856 
2939 326 2018 1662 
2940 1989 1990 1986 
2941 2003 2007 2006 
2942 1550 1551 1549 
2943 1546 1547 1545 
2944 1564 1565 1563 
2945 1995 1996 1994 
2946 2011 2013 2012 
2947 2520 2523 1780 
2948 1993 1994 1992 
2949 2009 2011 2010 
2950 2086 2097 2096 
2951 1562 1563 1561 
2952 1991 1992 1990 
2953 2007 2009 2008 
2954 1560 1561 1559 
2955 1766 1769 1767 
2956 1595 1596 1594 
2957 1552 1553 1551 
2958 1742 1744 1743 
2959 1901 2273 2268 
2960 1769 1771 1770 
2961 1920 1923 1921 
2962 1817 1819 1818 
2963 1764 1766 1765 
2964 1558 1559 1557 
2965 1593 2147 1684 
2966 1603 1604 1602 
2967 1554 1555 1553 
2968 1702 1721 1720 
2969 1544 1545 1542 
2970 1848 1943 1942 
2971 2086 2096 1456 
2972 1815 1817 1816 
2973 1762 1764 1763 
2974 1976 1977 1975 
2975 1874 1876 1732 
2976 1633 1635 1634 
2977 1813 1815 1814 
2978 1771 1773 1772 
2979 1531 1532 1530 
2980 1819 1821 1820 
2981 1556 1557 1555 
2982 1773 1776 1774 
2983 1810 1813 1811 
2984 1748 1750 1749 
2985 1821 1823 1822 
2986 1776 1778 1777 
2987 1778 1780 1779 
2988 1750 1752 1751 
2989 1760 1762 1761 
2990 302 1494 301 
2991 300 1493 299 
2992 298 1491 297 
2993 292 1482 291 
2994 296 1489 295 
2995 195 1486 194 
2996 290 1481 289 
2997 306 1499 305 
2998 312 1487 311 
2999 294 1485 293 
3000 288 1479 287 
3001 304 1497 303 
3002 286 1477 285 
3003 219 1478 218 
3004 207 1492 206 
3005 217 1480 216 
3006 209 1490 208 
3007 221 1476 220 
3008 201 1498 200 
3009 203 1496 202 
3010 205 1495 204 
3011 211 1488 210 
3012 213 1484 212 
3013 215 1483 214 
3014 289 2138 288 
3015 216 2143 215 
3016 287 2139 286 
3017 218 2141 217 
3018 291 2144 290 
3019 303 2140 302 
3020 305 2145 304 
3021 206 2142 205 
3022 220 2146 219 
3023 1782 1784 1783 
3024 1501 1510 1509 
3025 1780 1782 1781 
3026 1835 1839 1838 
3027 1566 1567 1565 
3028 436 1421 437 
3029 376 1418 377 
3030 1784 1786 1785 
3031 1796 1798 1797 
3032 1823 1825 1824 
3033 1541 1542 1540 
3034 1703 1713 1647 
3035 1808 1810 1809 
3036 1794 1796 1795 
3037 1576 1577 1575 
3038 1833 1835 1834 
3039 1792 1794 1793 
3040 340 1427 341 
3041 472 1424 473 
3042 1574 1575 1573 
3043 1790 1792 1791 
3044 1805 1808 1806 
3045 1803 1805 1804 
3046 1798 1801 1799 
3047 1801 1803 1802 
3048 1593 1594 1589 
3049 340 1940 1427 
3050 1752 1754 1753 
3051 15 1941 1940 
3052 1758 1760 1759 
3053 1827 1829 1828 
3054 1754 1756 1755 
3055 1829 1831 1830 
3056 1786 1788 1787 
3057 1825 1827 1826 
3058 1756 1758 1757 
3059 1725 1727 1713 
3060 1788 1790 1789 
3061 1735 1736 1734 
3062 1572 1573 1571 
3063 376 1913 1418 
3064 1863 2399 1507 
3065 2089 2178 2090 
3066 1486 2137 2065 
3067 1605 1606 1604 
3068 60 2076 63 
3069 1831 1833 1832 
3070 1622 1623 1621 
3071 1588 1589 1587 
3072 1934 1935 1933 
3073 1570 1571 1569 
3074 1624 1625 1623 
3075 1578 1579 1577 
3076 1539 1540 1538 
3077 412 2149 413 
3078 1533 1534 1532 
3079 1626 1627 1625 
3080 1891 2193 2187 
3081 1903 2136 1448 
3082 1618 1619 1617 
3083 1635 1645 1639 
3084 1651 1709 1704 
3085 1568 1569 1567 
3086 1912 2265 2204 
3087 1909 1912 1911 
3088 1913 1916 1914 
3089 1662 1855 1854 
3090 2030 2075 1649 
3091 1586 1587 1585 
3092 1607 1608 1606 
3093 1510 1512 1511 
3094 389 1975 1468 
3095 1616 1617 1610 
3096 1640 1712 1674 
3097 1466 1884 1883 
3098 1848 1942 1745 
3099 1503 1711 1453 
3100 1504 1729 1728 
3101 1584 1585 1581 
3102 1427 1929 1928 
3103 2159 2168 2099 
3104 1908 1910 1909 
3105 2152 2165 1905 
3106 1537 1538 1536 
3107 1580 1581 1579 
3108 1675 1700 1642 
3109 1609 1610 1608 
3110 1512 1514 1513 
3111 48 2045 51 
3112 2065 2137 2066 
3113 1480 2143 216 
3114 286 2139 1477 
3115 288 2138 1479 
3116 1481 2138 289 
3117 217 2141 1480 
3118 205 2142 1495 
3119 1499 2145 305 
3120 1497 2140 303 
3121 1478 2141 218 
3122 290 2144 1481 
3123 302 2140 1494 
3124 1482 2144 291 
3125 304 2145 1497 
3126 1479 2139 287 
3127 1492 2142 206 
3128 219 2146 1478 
3129 215 2143 1483 
3130 1476 2146 220 
3131 1738 1740 1739 
3132 1535 1536 1534 
3133 1514 1516 1515 
3134 352 2160 353 
3135 1724 1733 1726 
3136 1633 1634 1627 
3137 1913 1914 1418 
3138 1717 2244 1718 
3139 1920 1921 1421 
3140 328 2148 329 
3141 1720 2181 2171 
3142 1745 2098 1505 
3143 1709 1724 1704 
3144 1703 1725 1713 
3145 1644 1648 1620 
3146 1424 1937 473 
3147 1680 1702 1648 
3148 1724 1726 1704 
3149 1635 1639 1634 
3150 1429 1905 1904 
3151 1714 1715 1675 
3152 11 1453 328 
3153 485 1454 64 
3154 1937 2076 60 
3155 1662 2018 1855 
3156 1429 2152 1905 
3157 1518 1591 1516 
3158 1835 1842 1839 
3159 1747 1748 1721 
3160 1448 2136 1879 
3161 1924 1925 1922 
3162 1466 2173 1885 
3163 484 2159 485 
3164 1524 1590 1522 
3165 1512 1513 1511 
3166 1514 1515 1513 
3167 1942 2098 1745 
3168 1619 1621 1620 
3169 104 2180 105 
3170 1701 1734 1719 
3171 1938 1939 1937 
3172 1510 1511 1509 
3173 1880 1881 1465 
3174 1644 1701 1680 
3175 1627 1643 1625 
3176 1930 1933 1932 
3177 1674 1714 1675 
3178 1713 2158 1647 
3179 1982 2199 1983 
3180 1738 1739 1645 
3181 1651 1704 1703 
3182 1596 1612 1594 
3183 1515 1543 1513 
3184 1651 1703 1647 
3185 1970 2196 1971 
3186 1921 1922 1421 
3187 424 2169 425 
3188 1542 1630 1540 
3189 1764 1845 1766 
3190 1600 1613 1598 
3191 1829 1841 1831 
3192 1921 1924 1922 
3193 1639 1647 1634 
3194 1659 2265 2215 
3195 1549 1614 1547 
3196 2183 2543 1952 
3197 1428 1941 12 
3198 1702 1747 1721 
3199 1805 1844 1808 
3200 1619 1620 1617 
3201 1450 1889 1888 
3202 1454 2159 2099 
3203 1933 1936 1932 
3204 1639 1651 1647 
3205 1538 1632 1536 
3206 1587 1611 1585 
3207 1879 2136 1880 
3208 1640 1642 1543 
3209 1640 1674 1642 
3210 1798 1851 1801 
3211 1674 1675 1642 
3212 1515 1640 1543 
3213 1644 1680 1648 
3214 1555 1592 1553 
3215 1771 1843 1773 
3216 1804 2296 1802 
3217 1530 1638 1528 
3218 1914 1917 1915 
3219 1956 1957 1469 
3220 1623 2150 1621 
3221 1424 1938 1937 
3222 1621 1644 1620 
3223 1561 1582 1559 
3224 1701 1719 1680 
3225 1790 1849 1792 
3226 1604 1615 1602 
3227 1891 2187 1628 
3228 1575 1629 1573 
3229 1534 1637 1532 
3230 1608 1628 1606 
3231 1579 1583 1577 
3232 1571 1631 1569 
3233 1511 1646 1509 
3234 1786 1882 1788 
3235 1743 1745 1505 
3236 1930 1932 1929 
3237 2022 2237 2021 
3238 1567 1636 1565 
3239 1651 2157 1709 
3240 1640 2155 1712 
3241 1749 2181 1721 
3242 449 2173 1466 
3243 2047 2195 2032 
3244 1501 1509 1508 
3245 436 1920 1421 
3246 1720 2171 2153 
3247 1813 2448 1815 
3248 1617 2153 1610 
3249 1703 2151 1725 
3250 1880 1892 1881 
3251 1726 2151 1704 
3252 1956 1958 1957 
3253 1551 2154 1549 
3254 1447 2190 2084 
3255 1704 2151 1703 
3256 1907 1908 1906 
3257 1516 2155 1515 
3258 1780 2523 1782 
3259 1466 1885 1884 
3260 2099 2168 1710 
3261 1727 2163 1713 
3262 1645 2157 1639 
3263 1650 1705 1503 
3264 1914 1915 1418 
3265 1591 2155 1516 
3266 1920 2166 1923 
3267 1621 2150 1644 
3268 1885 1886 1884 
3269 1644 2150 1701 
3270 1453 2148 328 
3271 1741 1874 1732 
3272 1648 2153 1620 
3273 2064 2220 1447 
3274 1739 2157 1645 
3275 1540 2156 1538 
3276 1417 2167 1976 
3277 1427 1930 1929 
3278 485 2159 1454 
3279 1450 1888 1887 
3280 1502 1693 1650 
3281 1508 1692 1500 
3282 413 2149 1430 
3283 1676 2186 157 
3284 158 2186 1673 
3285 1904 2188 1903 
3286 1716 1717 1692 
3287 1515 2155 1640 
3288 1702 2162 1747 
3289 1711 2148 1453 
3290 1454 1500 64 
3291 11 1502 1453 
3292 1502 1503 1453 
3293 1454 1501 1500 
3294 1680 2162 1702 
3295 2150 2172 1735 
3296 321 2185 1455 
3297 1650 1706 1705 
3298 448 2173 449 
3299 1634 2158 1627 
3300 1639 2157 1651 
3301 1697 2189 1963 
3302 1532 2161 1530 
3303 1620 2153 1617 
3304 51 2045 1422 
3305 1836 2303 2291 
3306 1627 2158 1643 
3307 1630 2156 1540 
3308 1610 2171 1608 
3309 1674 2177 1714 
3310 1501 1508 1500 
3311 1502 1650 1503 
3312 1549 2154 1614 
3313 1538 2156 1632 
3314 1889 1890 1888 
3315 1536 2164 1534 
3316 1625 2172 1623 
3317 1898 2210 1896 
3318 1508 1716 1692 
3319 1659 2201 1527 
3320 1463 2182 2178 
3321 1643 2172 1625 
3322 1647 2158 1634 
3323 2033 2167 1417 
3324 1955 1956 1469 
3325 1529 2201 1685 
3326 1463 2178 2089 
3327 1623 2172 2150 
3328 1719 2162 1680 
3329 1934 2202 1935 
3330 1632 2164 1536 
3331 1854 2203 1853 
3332 1753 2193 1751 
3333 1608 2171 1628 
3334 63 2076 1425 
3335 1530 2161 1638 
3336 1712 2177 1674 
3337 2153 2171 1610 
3338 1534 2164 1637 
3339 1637 2161 1532 
3340 1426 2160 352 
3341 2148 2170 1428 
3342 1716 2314 2060 
3343 116 2419 117 
3344 1913 2174 1916 
3345 425 2169 1420 
3346 329 2148 1428 
3347 1495 2184 204 
3348 203 2184 1496 
3349 2194 2200 1892 
3350 1425 2159 484 
3351 1717 1718 1692 
3352 472 2176 1424 
3353 1881 2225 2149 
3354 1472 2273 1901 
3355 1564 2200 1566 
3356 1878 2179 1868 
3357 1422 2173 448 
3358 2168 2206 2047 
3359 1731 1741 1732 
3360 2226 2245 1956 
3361 1729 1730 1728 
3362 1731 1732 1729 
3363 2132 2182 1463 
3364 1939 2076 1937 
3365 2325 2365 1935 
3366 2419 2515 117 
3367 1735 2191 1736 
3368 2053 2235 2054 
3369 2027 2295 1592 
3370 1672 2227 1897 
3371 1504 1731 1729 
3372 1693 2175 1650 
3373 1721 2181 1720 
3374 1755 2222 1873 
3375 1711 2170 2148 
3376 1677 2180 104 
3377 2307 2563 2231 
3378 1650 2175 1706 
3379 2431 2543 2142 
3380 1852 2222 1757 
3381 1690 2224 1556 
3382 1683 2223 1535 
3383 1558 2224 1694 
3384 2231 2563 2069 
3385 1537 2223 1682 
3386 79 1471 80 
3387 180 1470 181 
3388 1439 2564 1851 
3389 2191 2209 1736 
3390 2029 2365 2325 
3391 1904 2192 2188 
3392 1628 2187 1606 
3393 1604 2187 1615 
3394 184 2212 183 
3395 351 2493 19 
3396 348 2500 349 
3397 350 2499 351 
3398 453 2462 53 
3399 471 2507 59 
3400 483 2508 63 
3401 468 2512 469 
3402 480 2514 481 
3403 375 2497 27 
3404 369 2498 25 
3405 360 2502 361 
3406 366 2503 367 
3407 450 2509 451 
3408 18 2494 348 
3409 12 2479 330 
3410 333 2480 13 
3411 330 2481 331 
3412 332 2482 333 
3413 458 2509 459 
3414 381 2451 29 
3415 387 2450 31 
3416 405 2455 37 
3417 411 2454 39 
3418 417 2457 41 
3419 435 2458 47 
3420 390 2467 391 
3421 396 2468 397 
3422 408 2470 409 
3423 414 2471 415 
3424 432 2474 433 
3425 349 2484 350 
3426 441 2460 49 
3427 438 2483 439 
3428 54 2462 456 
3429 459 2506 55 
3430 56 2507 462 
3431 465 2463 57 
3432 60 2508 474 
3433 477 2464 61 
3434 456 2510 457 
3435 457 2476 458 
3436 462 2511 463 
3437 463 2477 464 
3438 464 2512 465 
3439 474 2513 475 
3440 475 2478 476 
3441 476 2514 477 
3442 342 2499 343 
3443 345 2494 17 
3444 52 2506 450 
3445 58 2463 468 
3446 62 2464 480 
3447 451 2476 452 
3448 452 2510 453 
3449 469 2477 470 
3450 470 2511 471 
3451 481 2478 482 
3452 482 2513 483 
3453 357 2496 21 
3454 363 2495 23 
3455 26 2498 372 
3456 354 2501 355 
3457 356 2502 357 
3458 372 2504 373 
3459 373 2486 374 
3460 374 2503 375 
3461 14 2480 336 
3462 339 2479 15 
3463 336 2482 337 
3464 338 2481 339 
3465 20 2495 354 
3466 22 2496 360 
3467 337 2505 338 
3468 361 2485 362 
3469 362 2501 363 
3470 368 2504 369 
3471 24 2497 366 
3472 355 2485 356 
3473 367 2486 368 
3474 50 2460 444 
3475 447 2461 51 
3476 444 2475 445 
3477 445 2492 446 
3478 446 2483 447 
3479 28 2450 378 
3480 30 2451 384 
3481 393 2453 33 
3482 399 2452 35 
3483 36 2454 402 
3484 38 2455 408 
3485 42 2457 420 
3486 423 2456 43 
3487 44 2458 426 
3488 429 2459 45 
3489 378 2465 379 
3490 384 2466 385 
3491 385 2487 386 
3492 392 2468 393 
3493 397 2488 398 
3494 398 2467 399 
3495 402 2469 403 
3496 403 2489 404 
3497 404 2470 405 
3498 420 2472 421 
3499 421 2490 422 
3500 422 2471 423 
3501 426 2473 427 
3502 427 2491 428 
3503 428 2474 429 
3504 331 2505 332 
3505 32 2452 390 
3506 34 2453 396 
3507 40 2456 414 
3508 46 2459 432 
3509 379 2487 380 
3510 380 2466 381 
3511 386 2465 387 
3512 391 2488 392 
3513 409 2489 410 
3514 410 2469 411 
3515 415 2490 416 
3516 416 2472 417 
3517 433 2491 434 
3518 434 2473 435 
3519 48 2461 438 
3520 439 2492 440 
3521 440 2475 441 
3522 343 2484 344 
3523 16 2493 342 
3524 344 2500 345 
3525 2070 2231 2068 
3526 2031 2236 1761 
3527 1646 2259 2062 
3528 2080 2446 1460 
3529 1936 2326 1618 
3530 2097 2212 2096 
3531 2517 2520 1778 
3532 204 2184 203 
3533 1545 2197 1542 
3534 2025 2229 1698 
3535 2229 2232 1698 
3536 323 2213 322 
3537 1665 2264 2126 
3538 2111 2263 1664 
3539 1660 2342 2264 
3540 2263 2340 1661 
3541 140 2409 141 
3542 1473 2244 1969 
3543 322 2185 321 
3544 2074 2539 2041 
3545 1488 2255 2109 
3546 2124 2256 1489 
3547 157 2186 158 
3548 2063 2220 2061 
3549 2121 2261 2119 
3550 17 2336 2324 
3551 137 2408 138 
3552 1963 2188 1699 
3553 2188 2189 1903 
3554 1759 2236 1852 
3555 1671 2227 100 
3556 101 2227 1672 
3557 2188 2192 1699 
3558 2024 2248 1767 
3559 1697 2200 2194 
3560 1926 2537 2243 
3561 1424 2204 1938 
3562 1699 2192 2026 
3563 1606 2187 1604 
3564 1698 2232 2053 
3565 1778 2520 1780 
3566 2204 2265 1983 
3567 1884 2208 1883 
3568 1600 2207 1613 
3569 1880 2194 1892 
3570 2135 2361 1700 
3571 2026 2214 2025 
3572 1449 2208 1907 
3573 1615 2207 1602 
3574 140 2435 2409 
3575 1773 2221 1776 
3576 2061 2220 2059 
3577 1668 2261 2127 
3578 1849 2532 2093 
3579 1503 2228 1711 
3580 1963 2189 2188 
3581 1685 2196 1970 
3582 2032 2195 1652 
3583 2092 2528 1851 
3584 1548 2247 1679 
3585 1697 2194 2189 
3586 1592 2298 2027 
3587 1957 2234 2169 
3588 1832 2241 1830 
3589 2408 2434 138 
3590 2084 2190 2085 
3591 1765 2248 1768 
3592 1903 2189 2136 
3593 1643 2191 2172 
3594 1492 2569 2106 
3595 2118 2570 1493 
3596 2195 2199 1652 
3597 1905 2192 1904 
3598 1751 2193 1891 
3599 1681 2250 1544 
3600 1507 2286 2018 
3601 1446 2284 2070 
3602 1588 2277 2147 
3603 1850 2258 1774 
3604 1772 2258 1775 
3605 1974 2320 1689 
3606 119 2412 120 
3607 2147 2277 1917 
3608 1955 2226 1956 
3609 2163 2191 1643 
3610 1826 2249 1824 
3611 2228 2331 1711 
3612 1969 2318 1452 
3613 2305 2376 1968 
3614 2218 2219 1471 
3615 1827 2406 2239 
3616 1952 2543 2431 
3617 2240 2445 1769 
3618 2238 2449 1885 
3619 1432 2441 2080 
3620 1596 2230 1612 
3621 2172 2191 1735 
3622 1613 2230 1598 
3623 1846 2266 1779 
3624 1777 2266 1850 
3625 1910 2215 1909 
3626 1614 2304 2302 
3627 2163 2209 2191 
3628 2136 2194 1880 
3629 1951 2252 1670 
3630 1847 2275 1783 
3631 179 2205 180 
3632 1566 2200 1697 
3633 1781 2275 1846 
3634 1652 2199 1982 
3635 1941 2202 1934 
3636 314 2273 1472 
3637 1451 2273 315 
3638 2173 2238 1885 
3639 162 2252 1669 
3640 1670 2252 161 
3641 1527 2201 1529 
3642 1766 2240 1769 
3643 1827 2239 1829 
3644 1785 2279 1847 
3645 1840 2279 1787 
3646 2189 2194 2136 
3647 1542 2197 1630 
3648 1470 2217 2216 
3649 1669 2344 2107 
3650 1926 2243 2045 
3651 1428 2202 1941 
3652 2441 2446 2080 
3653 1857 2203 1854 
3654 2243 2537 1980 
3655 1605 2290 1688 
3656 1896 2210 1894 
3657 119 2425 2412 
3658 1776 2517 1778 
3659 1678 2277 1586 
3660 80 2211 81 
3661 1612 2242 1594 
3662 1664 2263 167 
3663 1660 2264 92 
3664 168 2263 1661 
3665 93 2264 1665 
3666 1791 2289 2023 
3667 1800 2289 1793 
3668 1425 2206 2168 
3669 1691 2290 1603 
3670 1960 2245 2226 
3671 2232 2235 2053 
3672 1797 2295 2027 
3673 1545 2302 2197 
3674 1807 2295 1799 
3675 1916 2306 2056 
3676 1809 2293 1812 
3677 2096 2212 184 
3678 1587 2246 1611 
3679 1484 2255 212 
3680 1489 2256 295 
3681 294 2256 1485 
3682 211 2255 1488 
3683 309 2294 1474 
3684 1858 2286 1860 
3685 2059 2220 2064 
3686 1602 2207 1600 
3687 181 2216 182 
3688 78 2218 79 
3689 1833 2257 1835 
3690 2170 2202 1428 
3691 1883 2208 1449 
3692 2071 2430 1432 
3693 2160 2310 1889 
3694 151 2401 152 
3695 1611 2251 1585 
3696 2214 2229 2025 
3697 1806 2304 1804 
3698 180 2205 1470 
3699 1939 2206 2076 
3700 2176 2204 1424 
3701 1709 2329 2083 
3702 126 2398 127 
3703 2029 2331 2030 
3704 1543 2259 1513 
3705 1455 2375 2083 
3706 1471 2211 80 
3707 1853 2410 11 
3708 1470 2216 181 
3709 79 2218 1471 
3710 1855 2286 1858 
3711 1579 2253 1583 
3712 1493 2287 2120 
3713 2063 2361 2190 
3714 1727 2209 2163 
3715 1511 2259 1646 
3716 1917 2276 1915 
3717 1971 2368 1683 
3718 2076 2206 1425 
3719 1642 2285 1543 
3720 2203 2301 1693 
3721 1499 2556 1874 
3722 1575 2262 1629 
3723 2165 2214 1905 
3724 1583 2262 1577 
3725 1909 2215 1912 
3726 1494 2287 301 
3727 300 2287 1493 
3728 2324 2336 112 
3729 1965 2350 1968 
3730 1757 2222 1755 
3731 2106 2569 1490 
3732 1491 2570 2118 
3733 2430 2441 1432 
3734 1459 2422 2071 
3735 1859 2542 1487 
3736 1843 2221 1773 
3737 1622 2326 1641 
3738 1629 2274 1573 
3739 1905 2214 2192 
3740 1556 2224 1558 
3741 1571 2274 1631 
3742 1977 2232 2229 
3743 2030 2330 2075 
3744 1723 2219 2218 
3745 1535 2223 1537 
3746 2166 2233 1923 
3747 1882 2529 1457 
3748 4 2343 115 
3749 1884 2368 2208 
3750 1631 2280 1569 
3751 130 2402 131 
3752 1814 2292 1811 
3753 1567 2280 1636 
3754 2149 2225 1430 
3755 1526 2303 1524 
3756 2325 2331 2029 
3757 1876 2312 1732 
3758 147 2400 148 
3759 1636 2282 1565 
3760 1561 2288 1582 
3761 2216 2217 1722 
3762 2042 2521 1844 
3763 1983 2265 1981 
3764 1638 2291 1528 
3765 1430 2226 1955 
3766 1555 2298 1592 
3767 1917 2278 2147 
3768 1582 2297 1559 
3769 1614 2302 1547 
3770 1931 2313 1962 
3771 1592 2300 1553 
3772 100 2227 101 
3773 322 2213 2185 
3774 1705 2228 1503 
3775 1694 2245 1960 
3776 1618 2326 1619 
3777 1551 2300 2154 
3778 1914 2278 1917 
3779 1467 2309 364 
3780 2261 2414 2119 
3781 2154 2300 1807 
3782 2192 2214 2026 
3783 2235 2260 2054 
3784 1888 2305 1887 
3785 2068 2231 2069 
3786 151 2429 2401 
3787 1474 2547 308 
3788 275 2373 1442 
3789 272 2384 1444 
3790 2422 2430 2071 
3791 1715 2359 2135 
3792 277 2357 276 
3793 1730 2312 1864 
3794 2093 2532 256 
3795 2100 2561 1664 
3796 1665 2560 2112 
3797 2398 2428 127 
3798 2165 2229 2214 
3799 262 2521 2042 
3800 2015 2525 1483 
3801 1482 2526 1998 
3802 1438 2413 245 
3803 2197 2302 1812 
3804 1646 2314 1509 
3805 1598 2230 1596 
3806 1812 2293 2197 
3807 1520 2323 1518 
3808 2085 2361 2135 
3809 2117 2560 2125 
3810 2110 2561 2105 
3811 1434 2432 248 
3812 1590 2316 1522 
3813 2030 2331 2228 
3814 1439 2528 260 
3815 1457 2529 254 
3816 253 2529 1433 
3817 2135 2359 2086 
3818 255 2532 1457 
3819 259 2528 2092 
3820 2051 2411 1459 
3821 2197 2293 1630 
3822 2225 2226 1430 
3823 1441 2521 263 
3824 1438 2445 2240 
3825 64 2404 1872 
3826 1976 2232 1977 
3827 2239 2406 1444 
3828 224 2395 9 
3829 8 2396 282 
3830 9 2395 323 
3831 183 2396 8 
3832 2113 2560 2117 
3833 2105 2561 2101 
3834 1977 2229 2165 
3835 247 2440 246 
3836 365 2309 1419 
3837 1923 2337 1921 
3838 1420 2233 2166 
3839 1816 2283 1814 
3840 1933 2334 1936 
3841 2169 2234 1420 
3842 1979 2449 2238 
3843 2182 2359 1715 
3844 1761 2236 1759 
3845 1508 2314 1716 
3846 115 2388 116 
3847 1679 2237 2022 
3848 306 2556 1499 
3849 1457 2535 1882 
3850 2127 2536 1671 
3851 1708 2550 2132 
3852 2137 2530 1871 
3853 1682 2449 1979 
3854 1712 2354 2177 
3855 207 2569 1492 
3856 1490 2569 208 
3857 1493 2570 299 
3858 298 2570 1491 
3859 130 2418 2402 
3860 1487 2542 311 
3861 2264 2342 2126 
3862 2111 2340 2263 
3863 1730 2555 1728 
3864 1483 2525 214 
3865 292 2526 1482 
3866 213 2525 1484 
3867 1485 2526 293 
3868 1831 2377 1833 
3869 1804 2304 2296 
3870 2400 2417 148 
3871 1733 2427 1726 
3872 1705 2351 2330 
3873 2167 2235 1976 
3874 1762 2403 1764 
3875 1420 2234 2233 
3876 1818 2281 1816 
3877 1837 2241 1832 
3878 1422 2238 2173 
3879 141 2389 142 
3880 1739 2329 2157 
3881 2411 2422 1459 
3882 2208 2368 1971 
3883 1877 2530 2137 
3884 136 2387 137 
3885 1829 2239 1841 
3886 2014 2339 2016 
3887 1999 2341 1997 
3888 1845 2240 1766 
3889 1444 2406 2051 
3890 1976 2235 2232 
3891 2155 2347 1712 
3892 1594 2242 1589 
3893 2083 2329 2082 
3894 1464 2433 2131 
3895 1771 2445 1843 
3896 2013 2339 2014 
3897 1997 2341 1996 
3898 1736 2380 2374 
3899 1790 2535 1849 
3900 2066 2244 1473 
3901 1838 2332 1834 
3902 1546 2247 1548 
3903 1882 2535 1788 
3904 178 2443 6 
3905 1919 2276 2260 
3906 2 2444 82 
3907 1546 2250 2247 
3908 2228 2330 2030 
3909 7 2436 223 
3910 283 2437 1 
3911 1929 2557 1931 
3912 1729 2312 1730 
3913 1500 2404 64 
3914 1589 2246 1587 
3915 1767 2248 1765 
3916 2242 2246 1589 
3917 2048 2557 1932 
3918 2283 2292 1814 
3919 1718 2404 1692 
3920 120 2405 121 
3921 11 2410 1502 
3922 1843 2445 2440 
3923 13 2321 2311 
3924 2281 2283 1816 
3925 1956 2245 1958 
3926 1836 2249 1826 
3927 2406 2411 2051 
3928 2174 2306 1916 
3929 1544 2250 1546 
3930 1820 2272 1818 
3931 1422 2243 2238 
3932 1843 2432 2221 
3933 1838 2347 2332 
3934 2221 2432 1434 
3935 2122 2261 1668 
3936 2045 2243 1422 
3937 1830 2308 1828 
3938 2374 2380 2128 
3939 2219 2538 1471 
3940 2151 2426 1725 
3941 2347 2354 1712 
3942 1585 2251 1581 
3943 1436 2421 2091 
3944 2209 2416 2380 
3945 1774 2258 1772 
3946 1 2437 78 
3947 182 2436 7 
3948 2388 2419 116 
3949 161 2252 162 
3950 152 2382 153 
3951 212 2255 211 
3952 295 2256 294 
3953 1480 2567 2010 
3954 1993 2568 1481 
3955 125 2379 126 
3956 1581 2253 1579 
3957 1822 2267 1820 
3958 2251 2253 1581 
3959 1835 2257 1842 
3960 6 2443 179 
3961 1671 2299 2227 
3962 1470 2541 2217 
3963 81 2444 2 
3964 2202 2325 1935 
3965 1513 2259 1511 
3966 2069 2268 1451 
3967 1824 2271 1822 
3968 1444 2384 2239 
3969 2302 2304 1812 
3970 2240 2413 1438 
3971 1693 2301 2175 
3972 1779 2266 1777 
3973 141 2409 2389 
3974 1828 2308 1836 
3975 167 2263 168 
3976 92 2264 93 
3977 1641 2365 2028 
3978 2035 2541 2034 
3979 131 2393 132 
3980 274 2386 273 
3981 18 2336 17 
3982 1492 2431 2142 
3983 4 2353 2343 
3984 2237 2337 1923 
3985 2387 2408 137 
3986 1577 2262 1575 
3987 120 2412 2405 
3988 146 2392 147 
3989 1706 2351 1705 
3990 1998 2269 1999 
3991 2016 2270 2015 
3992 2038 2538 2039 
3993 1919 2260 2167 
3994 2249 2291 1638 
3995 2241 2316 1590 
3996 1783 2275 1781 
3997 244 2423 243 
3998 114 2353 4 
3999 315 2273 314 
4000 113 2335 114 
4001 1442 2373 2257 
4002 1586 2277 1588 
4003 2272 2281 1818 
4004 1573 2274 1571 
4005 1787 2279 1785 
4006 2267 2272 1820 
4007 2145 2551 1497 
4008 1870 2530 1867 
4009 1871 2530 1870 
4010 2335 2353 114 
4011 1637 2267 2161 
4012 1915 2276 1919 
4013 1946 2540 1948 
4014 1637 2272 2267 
4015 1980 2537 1681 
4016 1569 2280 1567 
4017 2082 2284 1446 
4018 1968 2350 2305 
4019 2182 2550 2359 
4020 2161 2271 1638 
4021 2164 2272 1637 
4022 2104 2315 2106 
4023 1705 2330 2228 
4024 1916 2278 1914 
4025 2311 2321 108 
4026 1440 2415 2077 
4027 1793 2289 1791 
4028 1700 2285 1642 
4029 111 2324 112 
4030 301 2287 300 
4031 121 2369 122 
4032 142 2383 143 
4033 1603 2290 1605 
4034 1565 2282 1563 
4035 2252 2344 1669 
4036 1811 2293 1809 
4037 2018 2286 1855 
4038 135 2381 136 
4039 1799 2295 1797 
4040 2167 2260 2235 
4041 2077 2407 1461 
4042 2118 2414 2116 
4043 1632 2283 2281 
4044 2267 2271 2161 
4045 1632 2281 2164 
4046 1563 2288 1561 
4047 310 2294 309 
4048 13 2311 334 
4049 14 2321 13 
4050 1897 2299 1899 
4051 1528 2291 1526 
4052 111 2333 2324 
4053 2282 2288 1563 
4054 2156 2283 1632 
4055 1559 2297 1557 
4056 1812 2304 1806 
4057 1948 2540 2183 
4058 1557 2298 1555 
4059 1887 2305 1467 
4060 2164 2281 2272 
4061 1553 2300 1551 
4062 1894 2551 1875 
4063 1630 2292 2156 
4064 1822 2271 2267 
4065 1547 2302 1545 
4066 110 2333 111 
4067 152 2401 2382 
4068 131 2402 2393 
4069 2297 2298 1557 
4070 1524 2303 1590 
4071 109 2322 110 
4072 1461 2397 2079 
4073 2379 2398 126 
4074 2392 2400 147 
4075 1495 2540 2184 
4076 2154 2296 1614 
4077 1968 2376 1691 
4078 1507 2399 2286 
4079 2156 2292 2283 
4080 2322 2333 110 
4081 2299 2360 1899 
4082 153 2371 154 
4083 132 2358 133 
4084 124 2370 125 
4085 145 2355 146 
4086 107 2311 108 
4087 2215 2265 1912 
4088 1419 2306 2174 
4089 2077 2415 2407 
4090 17 2324 346 
4091 2343 2388 115 
4092 2028 2365 2029 
4093 2203 2410 1853 
4094 1679 2337 2237 
4095 1497 2551 2210 
4096 2119 2414 2118 
4097 1931 2557 2320 
4098 364 2309 365 
4099 2122 2414 2261 
4100 2183 2540 1495 
4101 2227 2299 1897 
4102 2239 2384 1841 
4103 1837 2316 2241 
4104 107 2319 2311 
4105 1727 2416 2209 
4106 2107 2315 2104 
4107 347 2322 14 
4108 2079 2394 1431 
4109 2311 2319 334 
4110 2126 2363 2125 
4111 2110 2364 2111 
4112 2140 2562 2424 
4113 1834 2332 1837 
4114 1452 2318 2058 
4115 1426 2310 2160 
4116 1845 2413 2240 
4117 2075 2330 1737 
4118 106 2319 107 
4119 1732 2312 1729 
4120 1461 2407 2397 
4121 143 2348 144 
4122 21 2343 358 
4123 3 2317 106 
4124 1689 2320 2048 
4125 335 2317 10 
4126 134 2345 135 
4127 1844 2546 1808 
4128 122 2328 123 
4129 1431 2385 2072 
4130 1522 2316 1520 
4131 1509 2314 1508 
4132 334 2319 335 
4133 395 2327 30 
4134 54 2349 53 
4135 2072 2378 1462 
4136 335 2319 2317 
4137 1688 2447 1973 
4138 42 2346 41 
4139 2034 2541 2205 
4140 2095 2367 1443 
4141 1443 2374 2128 
4142 2317 2319 106 
4143 108 2321 109 
4144 1494 2420 2287 
4145 1962 2313 1426 
4146 359 2335 18 
4147 2034 2443 178 
4148 2330 2351 1737 
4149 142 2389 2383 
4150 1786 2552 1882 
4151 2424 2562 1898 
4152 2381 2387 136 
4153 82 2444 2038 
4154 1484 2390 2255 
4155 2256 2391 1485 
4156 1619 2326 1622 
4157 2079 2397 2394 
4158 2324 2333 346 
4159 1462 2372 2052 
4160 1426 2313 2310 
4161 1518 2323 1591 
4162 1724 2375 1733 
4163 2211 2538 2038 
4164 133 2346 134 
4165 431 2345 42 
4166 154 2338 5 
4167 144 2349 145 
4168 53 2348 454 
4169 123 2327 124 
4170 121 2405 2369 
4171 1836 2291 2249 
4172 2017 2339 2013 
4173 1996 2341 2000 
4174 30 2328 29 
4175 310 2542 2294 
4176 346 2333 347 
4177 347 2333 2322 
4178 223 2436 1722 
4179 1723 2437 283 
4180 2157 2329 1709 
4181 2296 2304 1614 
4182 112 2336 113 
4183 1431 2394 2385 
4184 2210 2551 1894 
4185 1967 2350 1965 
4186 2094 2362 2095 
4187 2052 2366 1445 
4188 2005 2524 2037 
4189 467 2355 54 
4190 1953 2344 1951 
4191 1935 2334 1933 
4192 41 2358 418 
4193 1693 2410 2203 
4194 2343 2353 358 
4195 1442 2386 274 
4196 2352 2357 1437 
4197 1921 2337 1924 
4198 65 2338 490 
4199 1737 2351 1738 
4200 2090 2352 1437 
4201 2299 2536 2360 
4202 1445 2356 2094 
4203 2072 2385 2378 
4204 2332 2347 1591 
4205 2367 2374 1443 
4206 2109 2364 2110 
4207 2125 2363 2124 
4208 1437 2357 277 
4209 359 2353 2335 
4210 1591 2347 2155 
4211 29 2369 382 
4212 358 2353 359 
4213 10 2555 1863 
4214 153 2382 2371 
4215 33 2379 394 
4216 1711 2331 2170 
4217 491 2382 62 
4218 1839 2354 1838 
4219 2170 2331 2325 
4220 2370 2379 125 
4221 2212 2396 183 
4222 2177 2566 2090 
4223 1733 2375 2185 
4224 2086 2359 2097 
4225 2120 2360 2121 
4226 1851 2564 1801 
4227 1462 2378 2372 
4228 45 2387 430 
4229 243 2423 1440 
4230 455 2389 50 
4231 14 2322 2321 
4232 2052 2372 2366 
4233 323 2395 2213 
4234 132 2393 2358 
4235 53 2349 2348 
4236 2185 2375 1455 
4237 2345 2346 42 
4238 2162 2356 1747 
4239 2362 2367 2095 
4240 1801 2564 1803 
4241 2327 2328 30 
4242 2355 2392 146 
4243 2257 2373 1842 
4244 2209 2380 1736 
4245 2356 2366 1747 
4246 2380 2416 2129 
4247 57 2400 466 
4248 276 2373 275 
4249 419 2402 38 
4250 2128 2380 2129 
4251 21 2388 2343 
4252 2140 2424 1494 
4253 54 2355 2349 
4254 1747 2366 1748 
4255 2346 2358 41 
4256 1886 2368 1884 
4257 1734 2367 1719 
4258 1445 2366 2356 
4259 394 2370 395 
4260 2366 2372 1748 
4261 490 2371 491 
4262 1740 2307 2231 
4263 383 2412 26 
4264 1748 2372 1750 
4265 2041 2539 1988 
4266 1734 2374 2367 
4267 1836 2308 2303 
4268 1719 2367 2362 
4269 1736 2374 1734 
4270 2129 2416 1436 
4271 1719 2362 2162 
4272 273 2384 272 
4273 2354 2566 2177 
4274 1841 2377 1831 
4275 1458 2523 2520 
4276 2162 2362 2356 
4277 1750 2378 1752 
4278 2372 2378 1750 
4279 2170 2325 2202 
4280 1898 2562 2210 
4281 1838 2354 2347 
4282 371 2419 22 
4283 430 2381 431 
4284 2328 2369 29 
4285 454 2383 455 
4286 1808 2546 1810 
4287 407 2428 34 
4288 61 2429 478 
4289 1890 2376 1888 
4290 1707 2395 224 
4291 1951 2344 2252 
4292 282 2396 1708 
4293 1860 2399 1862 
4294 443 2434 46 
4295 49 2435 442 
4296 25 2442 370 
4297 479 2438 58 
4298 37 2439 406 
4299 2142 2543 1495 
4300 1752 2385 1754 
4301 1458 2520 2043 
4302 2378 2385 1752 
4303 1784 2552 1786 
4304 2044 2523 1458 
4305 2356 2362 2094 
4306 2391 2554 2269 
4307 2270 2553 2390 
4308 1728 2565 3 
4309 1460 2448 2078 
4310 2539 2544 1988 
4311 2269 2554 1999 
4312 2016 2553 2270 
4313 395 2370 2327 
4314 2004 2545 2005 
4315 1988 2544 1987 
4316 1754 2394 1756 
4317 2338 2371 490 
4318 466 2392 467 
4319 2043 2520 2517 
4320 1899 2424 1898 
4321 418 2393 419 
4322 245 2413 244 
4323 2006 2549 2004 
4324 1987 2548 1989 
4325 22 2388 21 
4326 2010 2567 2008 
4327 1991 2568 1993 
4328 2131 2427 1707 
4329 2091 2426 1464 
4330 2008 2558 2006 
4331 1989 2559 1991 
4332 2385 2394 1754 
4333 2533 2534 1435 
4334 2448 2516 2078 
4335 2116 2414 2122 
4336 2044 2531 2523 
4337 143 2383 2348 
4338 2420 2424 1899 
4339 1756 2397 1758 
4340 1875 2551 2145 
4341 2321 2322 109 
4342 246 2440 1438 
4343 1952 2431 1953 
4344 2005 2545 2524 
4345 2345 2381 135 
4346 2092 2533 1435 
4347 2073 2524 1476 
4348 1764 2403 1845 
4349 2394 2397 1756 
4350 1825 2406 1827 
4351 2043 2517 1434 
4352 1692 2404 1500 
4353 248 2432 247 
4354 1758 2407 1760 
4355 34 2398 33 
4356 2078 2516 1441 
4357 62 2401 61 
4358 382 2405 383 
4359 1433 2531 2044 
4360 1823 2411 1825 
4361 2042 2527 1439 
4362 2363 2554 2391 
4363 2390 2553 2364 
4364 2397 2407 1758 
4365 1502 2410 1693 
4366 1435 2534 2093 
4367 431 2381 2345 
4368 1760 2415 1762 
4369 394 2379 2370 
4370 2348 2383 454 
4371 2268 2301 1901 
4372 1725 2421 1727 
4373 2371 2382 491 
4374 1825 2411 2406 
4375 1867 2530 1877 
4376 1477 2539 2074 
4377 1495 2543 2183 
4378 2407 2415 1760 
4379 46 2408 45 
4380 2190 2361 2085 
4381 50 2409 49 
4382 1821 2422 1823 
4383 1823 2422 2411 
4384 33 2398 2379 
4385 263 2521 262 
4386 57 2463 58 
4387 458 2476 451 
4388 456 2462 453 
4389 464 2477 469 
4390 482 2478 475 
4391 480 2464 477 
4392 459 2509 450 
4393 462 2507 471 
4394 465 2512 468 
4395 483 2513 474 
4396 51 2461 48 
4397 445 2475 440 
4398 446 2492 439 
4399 444 2460 441 
4400 447 2483 438 
4401 15 2479 12 
4402 331 2481 338 
4403 13 2480 14 
4404 337 2482 332 
4405 19 2493 16 
4406 23 2495 20 
4407 27 2497 24 
4408 343 2499 350 
4409 349 2500 344 
4410 355 2501 362 
4411 361 2502 356 
4412 367 2503 374 
4413 373 2504 368 
4414 21 2496 22 
4415 338 2505 331 
4416 332 2505 337 
4417 336 2480 333 
4418 333 2482 336 
4419 348 2494 345 
4420 372 2498 369 
4421 17 2494 18 
4422 25 2498 26 
4423 330 2479 339 
4424 339 2481 330 
4425 342 2493 351 
4426 351 2499 342 
4427 350 2484 343 
4428 344 2484 349 
4429 345 2500 348 
4430 354 2495 363 
4431 363 2501 354 
4432 362 2485 355 
4433 356 2485 361 
4434 360 2496 357 
4435 357 2502 360 
4436 366 2497 375 
4437 375 2503 366 
4438 374 2486 367 
4439 368 2486 373 
4440 369 2504 372 
4441 31 2450 28 
4442 35 2452 32 
4443 39 2454 36 
4444 43 2456 40 
4445 47 2458 44 
4446 379 2465 386 
4447 391 2467 398 
4448 403 2469 410 
4449 415 2471 422 
4450 427 2473 434 
4451 439 2483 446 
4452 29 2451 30 
4453 37 2455 38 
4454 41 2457 42 
4455 45 2459 46 
4456 49 2460 50 
4457 385 2466 380 
4458 397 2468 392 
4459 396 2453 393 
4460 409 2470 404 
4461 421 2472 416 
4462 433 2474 428 
4463 33 2453 34 
4464 386 2487 379 
4465 380 2487 385 
4466 384 2451 381 
4467 381 2466 384 
4468 398 2488 391 
4469 392 2488 397 
4470 393 2468 396 
4471 410 2489 403 
4472 404 2489 409 
4473 408 2455 405 
4474 405 2470 408 
4475 422 2490 415 
4476 416 2490 421 
4477 420 2457 417 
4478 417 2472 420 
4479 434 2491 427 
4480 428 2491 433 
4481 432 2459 429 
4482 429 2474 432 
4483 440 2492 445 
4484 441 2475 444 
4485 378 2450 387 
4486 387 2465 378 
4487 390 2452 399 
4488 399 2467 390 
4489 402 2454 411 
4490 411 2469 402 
4491 414 2456 423 
4492 423 2471 414 
4493 426 2458 435 
4494 435 2473 426 
4495 438 2461 447 
4496 55 2506 52 
4497 53 2462 54 
4498 59 2507 56 
4499 63 2508 60 
4500 61 2464 62 
4501 451 2509 458 
4502 457 2510 452 
4503 463 2511 470 
4504 469 2512 464 
4505 475 2513 482 
4506 481 2514 476 
4507 452 2476 457 
4508 470 2477 463 
4509 468 2463 465 
4510 476 2478 481 
4511 450 2506 459 
4512 453 2510 456 
4513 471 2511 462 
4514 474 2508 483 
4515 477 2514 480 
4516 2382 2401 62 
4517 1819 2430 1821 
4518 58 2417 57 
4519 38 2418 37 
4520 260 2528 259 
4521 254 2529 253 
4522 2544 2548 1987 
4523 2004 2549 2545 
4524 2006 2558 2549 
4525 2548 2559 1989 
4526 256 2532 255 
4527 2008 2567 2558 
4528 2559 2568 1991 
4529 1821 2430 2422 
4530 1817 2441 1819 
4531 2524 2545 1476 
4532 430 2387 2381 
4533 467 2392 2355 
4534 1769 2445 1771 
4535 2383 2389 455 
4536 214 2525 213 
4537 293 2526 292 
4538 2358 2393 418 
4539 26 2425 25 
4540 1815 2446 1817 
4541 1999 2554 2342 
4542 2340 2553 2016 
4543 1819 2441 2430 
4544 1726 2433 2151 
4545 45 2408 2387 
4546 2389 2409 50 
4547 1477 2544 2539 
4548 1817 2446 2441 
4549 2334 2365 1641 
4550 2547 2556 307 
4551 2101 2561 2100 
4552 2112 2560 2113 
4553 122 2369 2328 
4554 466 2400 2392 
4555 57 2417 2400 
4556 2393 2402 419 
4557 2402 2418 38 
4558 1889 2447 1890 
4559 2369 2405 382 
4560 308 2547 307 
4561 311 2542 310 
4562 154 2371 2338 
4563 370 2515 371 
4564 1925 2537 1926 
4565 1885 2449 1886 
4566 2327 2370 124 
4567 406 2518 407 
4568 478 2519 479 
4569 442 2522 443 
4570 22 2419 2388 
4571 307 2556 306 
4572 2205 2443 2034 
4573 1788 2535 1790 
4574 2412 2425 26 
4575 2405 2412 383 
4576 34 2428 2398 
4577 2401 2429 61 
4578 208 2569 207 
4579 299 2570 298 
4580 2175 2563 1706 
4581 46 2434 2408 
4582 2139 2544 1477 
4583 1476 2545 2146 
4584 2409 2435 49 
4585 2440 2445 1438 
4586 58 2438 2417 
4587 2418 2439 37 
4588 2038 2444 2211 
4589 2139 2548 2544 
4590 2545 2549 2146 
4591 2146 2549 1478 
4592 1479 2548 2139 
4593 1497 2562 2140 
4594 2425 2442 25 
4595 1932 2557 1929 
4596 1708 2396 2212 
4597 1478 2558 2141 
4598 2138 2559 1479 
4599 2549 2558 1478 
4600 1479 2559 2548 
4601 2141 2567 1480 
4602 1481 2568 2138 
4603 2558 2567 2141 
4604 2138 2568 2559 
4605 2213 2395 1707 
4606 371 2515 2419 
4607 2442 2515 370 
4608 407 2518 2428 
4609 2429 2519 478 
4610 2439 2518 406 
4611 479 2519 2438 
4612 443 2522 2434 
4613 2435 2522 442 
4614 133 2358 2346 
4615 2218 2437 1723 
4616 1722 2436 2216 
4617 2303 2308 1590 
4618 2349 2355 145 
4619 2335 2336 18 
4620 2255 2390 2109 
4621 2124 2391 2256 
4622 2348 2349 144 
4623 134 2346 2345 
4624 2132 2550 2182 
4625 123 2328 2327 
4626 2184 2540 1946 
4627 2305 2350 1467 
4628 179 2443 2205 
4629 2359 2550 2097 
4630 2286 2399 1860 
4631 2287 2420 2120 
4632 2211 2444 81 
4633 113 2336 2335 
4634 2216 2436 182 
4635 78 2437 2218 
4636 1837 2332 2323 
4637 1494 2424 2420 
4638 1471 2538 2211 
4639 2205 2541 1470 
4640 2210 2562 1497 
4641 1485 2391 2269 
4642 2270 2390 1484 
4643 2360 2420 1899 
4644 2323 2332 1591 
4645 2090 2566 2352 
4646 1935 2365 2334 
4647 2377 2386 1442 
4648 2320 2557 2048 
4649 1706 2563 2307 
4650 2360 2536 2121 
4651 1803 2564 2527 
4652 1440 2423 2403 
4653 1671 2536 2299 
4654 2109 2390 2364 
4655 2363 2391 2124 
4656 1841 2386 2377 
4657 2342 2554 2126 
4658 2111 2553 2340 
4659 1727 2421 2416 
4660 2416 2421 1436 
4661 2120 2420 2360 
4662 1810 2546 2516 
4663 2531 2552 1784 
4664 2151 2433 2426 
4665 2403 2423 1845 
4666 2426 2433 1464 
4667 2126 2554 2363 
4668 2364 2553 2111 
4669 2317 2565 10 
4670 3 2565 2317 
4671 1839 2566 2354 
4672 2352 2566 1839 
4673 2516 2546 1441 
4674 1433 2552 2531 
4675 2527 2564 1439 
4676 10 2565 2555 
4677 2555 2565 1728 
2 116 2 194
4678 2602 2609 585 
4679 2572 2574 575 
4680 586 2602 585 
4681 536 546 537 
4682 545 546 536 
4683 539 530 70 
4684 68 2609 2602 
4685 492 2604 67 
4686 575 2574 574 
4687 547 2602 74 
4688 544 545 535 
4689 535 545 536 
4690 74 2602 586 
4691 66 2604 492 
4692 534 544 535 
4693 2571 2614 577 
4694 543 544 534 
4695 540 530 539 
4696 577 2615 2571 
4697 70 2606 539 
4698 575 2607 2572 
4699 548 2591 547 
4700 533 542 543 
4701 2574 2581 574 
4702 67 2604 493 
4703 533 543 534 
4704 578 2604 66 
4705 541 531 540 
4706 540 531 530 
4707 532 541 542 
4708 2598 2599 549 
4709 2591 2602 547 
4710 550 2598 549 
4711 532 542 533 
4712 532 531 541 
4713 551 2597 550 
4714 548 2599 2591 
4715 2581 2589 573 
4716 2597 2598 550 
4717 549 2599 548 
4718 583 2613 2612 
4719 552 2596 551 
4720 2596 2597 551 
4721 553 2594 552 
4722 2594 2596 552 
4723 554 2593 553 
4724 2593 2594 553 
4725 574 2581 573 
4726 583 2612 582 
4727 555 2592 554 
4728 2592 2593 554 
4729 556 2590 555 
4730 570 2600 569 
4731 573 2589 572 
4732 2590 2592 555 
4733 557 2588 556 
4734 572 2587 571 
4735 560 2595 559 
4736 2588 2590 556 
4737 558 2585 557 
4738 571 2584 570 
4739 572 2589 2587 
4740 559 2583 558 
4741 2585 2588 557 
4742 571 2587 2584 
4743 563 2575 562 
4744 2583 2585 558 
4745 527 2574 69 
4746 564 2586 563 
4747 565 2573 564 
4748 2577 2579 520 
4749 2579 2582 521 
4750 2576 2577 519 
4751 521 2582 522 
4752 520 2579 521 
4753 519 2577 520 
4754 563 2586 2575 
4755 2575 2578 562 
4756 2573 2586 564 
4757 565 2576 2573 
4758 559 2595 2583 
4759 518 2576 519 
4760 2584 2600 570 
4761 526 2589 2581 
4762 514 2580 2578 
4763 2573 2576 518 
4764 2611 2613 583 
4765 513 2580 514 
4766 514 2578 515 
4767 2571 2615 2606 
4768 2578 2580 561 
4769 562 2578 561 
4770 561 2580 560 
4771 2580 2595 560 
4772 515 2578 2575 
4773 584 2611 583 
4774 68 2591 501 
4775 566 2577 2576 
4776 566 2576 565 
4777 567 2579 2577 
4778 568 2579 567 
4779 567 2577 566 
4780 569 2582 568 
4781 568 2582 2579 
4782 569 2600 2582 
4783 582 2612 2610 
4784 582 2610 581 
4785 510 2585 511 
4786 523 2584 524 
4787 511 2583 512 
4788 515 2575 516 
4789 516 2586 517 
4790 517 2573 518 
4791 524 2587 525 
4792 502 2599 2598 
4793 509 2588 510 
4794 525 2589 526 
4795 511 2585 2583 
4796 517 2586 2573 
4797 2575 2586 516 
4798 2584 2587 524 
4799 539 2606 538 
4800 508 2590 509 
4801 513 2595 2580 
4802 510 2588 2585 
4803 2587 2589 525 
4804 512 2595 513 
4805 509 2590 2588 
4806 507 2592 508 
4807 508 2592 2590 
4808 506 2593 507 
4809 501 2599 502 
4810 507 2593 2592 
4811 505 2594 506 
4812 2582 2600 522 
4813 69 2574 2572 
4814 522 2600 523 
4815 504 2596 505 
4816 506 2594 2593 
4817 2583 2595 512 
4818 503 2597 504 
4819 505 2596 2594 
4820 526 2581 527 
4821 502 2598 503 
4822 504 2597 2596 
4823 503 2598 2597 
4824 2591 2599 501 
4825 523 2600 2584 
4826 585 2609 584 
4827 2609 2611 584 
4828 581 2608 580 
4829 528 2601 529 
4830 69 2572 528 
4831 529 2571 70 
4832 581 2610 2608 
4833 68 2602 2591 
4834 527 2581 2574 
4835 580 2605 579 
4836 72 2616 546 
4837 2572 2601 528 
4838 529 2601 2571 
4839 580 2608 2605 
4840 579 2603 578 
4841 577 2614 576 
4842 576 2607 575 
4843 579 2605 2603 
4844 538 2615 73 
4845 493 2603 494 
4846 546 2616 537 
4847 73 2615 577 
4848 494 2605 495 
4849 71 2616 72 
4850 495 2608 496 
4851 500 2609 68 
4852 496 2610 497 
4853 2603 2605 494 
4854 499 2611 500 
4855 497 2612 498 
4856 498 2613 499 
4857 537 2616 71 
4858 2605 2608 495 
4859 2608 2610 496 
4860 500 2611 2609 
4861 2610 2612 497 
4862 499 2613 2611 
4863 2612 2613 498 
4864 2571 2606 70 
4865 2572 2607 2601 
4866 2601 2614 2571 
4867 2607 2614 2601 
4868 493 2604 2603 
4869 2603 2604 578 
4870 576 2614 2607 
4871 2606 2615 538 
2 117 2 1725
4872 3019 3352 3051 
4873 3051 3352 2773 
4874 3045 3047 2990 
4875 2666 3026 3024 
4876 3115 3322 3259 
4877 3259 3356 3115 
4878 3066 3068 2980 
4879 609 3357 6 
4880 2990 3350 3045 
4881 6 3357 178 
4882 2646 3396 3198 
4883 2635 3105 3037 
4884 3110 3240 3107 
4885 2666 3341 3026 
4886 3100 3102 2831 
4887 3198 3347 2646 
4888 3110 3363 3240 
4889 2903 3330 3191 
4890 3191 3393 2903 
4891 2768 3339 3028 
4892 3102 3370 2831 
4893 3068 3342 2980 
4894 3035 3332 3103 
4895 3028 3340 2768 
4896 119 3334 3023 
4897 3023 3362 119 
4898 154 3092 153 
4899 3268 3338 3337 
4900 2810 3171 3069 
4901 3337 3338 2644 
4902 3022 3405 2623 
4903 2623 3406 3022 
4904 2824 3325 3268 
4905 164 3336 3036 
4906 3103 3359 3035 
4907 3268 3325 3020 
4908 3400 3402 2633 
4909 3021 3402 3400 
4910 3036 3360 164 
4911 2826 3108 2827 
4912 540 3054 541 
4913 3188 3412 3331 
4914 2645 3287 3175 
4915 3188 3331 2857 
4916 3105 3343 3037 
4917 3051 3333 3019 
4918 3198 3396 2994 
4919 3068 3070 2749 
4920 154 3364 3092 
4921 2827 3108 2832 
4922 3171 3361 3069 
4923 3062 3349 3053 
4924 3053 3351 3062 
4925 3287 3403 3175 
4926 3048 3357 608 
4927 2980 3326 3066 
4928 3060 3352 3325 
4929 2773 3352 3060 
4930 2646 3054 540 
4931 3113 3356 3248 
4932 608 3357 609 
4933 3030 3121 2791 
4934 3024 3333 2666 
4935 3368 3392 3184 
4936 3007 3392 3368 
4937 3388 3389 3005 
4938 3178 3389 3388 
4939 3054 3341 541 
4940 3037 3336 2635 
4941 3381 3382 3003 
4942 3046 3350 2859 
4943 3181 3382 3381 
4944 3047 3335 2990 
4945 3259 3322 3015 
4946 3319 3320 3074 
4947 3017 3318 3029 
4948 2636 3320 3319 
4949 3115 3356 3113 
4950 3315 3316 3118 
4951 2984 3257 3169 
4952 3285 3295 3057 
4953 2617 3316 3315 
4954 3313 3314 3120 
4955 2742 3314 3313 
4956 3311 3312 3123 
4957 2618 3312 3311 
4958 3308 3310 3129 
4959 3058 3257 2984 
4960 2743 3310 3308 
4961 3304 3306 3131 
4962 2957 3057 3056 
4963 2619 3306 3304 
4964 3365 3377 3202 
4965 2798 3058 2984 
4966 3055 3058 2814 
4967 3302 3303 3127 
4968 2744 3303 3302 
4969 3032 3050 2991 
4970 2631 3377 3365 
4971 3299 3300 3125 
4972 2957 3056 3055 
4973 2620 3300 3299 
4974 2957 3055 2814 
4975 3297 3298 3133 
4976 2745 3298 3297 
4977 2851 3050 2976 
4978 2976 3050 3032 
4979 3087 3283 3084 
4980 3103 3332 3101 
4981 2814 3058 2798 
4982 3046 3053 3052 
4983 2644 3338 3028 
4984 2861 3048 3047 
4985 3044 3045 2739 
4986 3075 3317 3074 
4987 3153 3289 3288 
4988 3087 3089 2659 
4989 3169 3257 2723 
4990 2982 3247 3168 
4991 3317 3319 3074 
4992 3288 3289 2711 
4993 2723 3254 3168 
4994 3151 3286 3284 
4995 2723 3257 3254 
4996 2621 3295 3285 
4997 3038 3201 2717 
4998 174 3052 2641 
4999 3284 3286 2750 
5000 3134 3229 2718 
5001 3044 3047 3045 
5002 176 3044 2739 
5003 3168 3254 2982 
5004 3231 3247 2982 
5005 3135 3228 2731 
5006 175 3052 174 
5007 3201 3230 2730 
5008 3070 3358 2749 
5009 2717 3247 3231 
5010 3160 3273 2720 
5011 3148 3282 3281 
5012 3039 3134 2730 
5013 3136 3227 2719 
5014 3040 3135 2718 
5015 3038 3230 3201 
5016 2717 3231 3038 
5017 2666 3051 543 
5018 3043 3149 2719 
5019 3041 3136 2731 
5020 2730 3230 3039 
5021 3039 3229 3134 
5022 3281 3282 2712 
5023 2718 3229 3040 
5024 3040 3228 3135 
5025 3149 3223 2732 
5026 3049 3160 2732 
5027 2731 3228 3041 
5028 2859 3351 3046 
5029 3041 3227 3136 
5030 3267 3269 3089 
5031 2719 3227 3043 
5032 2659 3283 3087 
5033 3089 3269 2659 
5034 3043 3223 3149 
5035 2826 3343 3108 
5036 2732 3223 3049 
5037 3236 3296 3016 
5038 2957 3274 3057 
5039 2849 3050 2851 
5040 2768 3340 3335 
5041 3057 3295 3056 
5042 2861 3047 3044 
5043 2983 3186 2912 
5044 2985 3291 3042 
5045 3052 3053 2641 
5046 3185 3186 2983 
5047 2912 3186 2914 
5048 2751 3280 3148 
5049 178 2861 177 
5050 2985 3292 3291 
5051 2773 3060 545 
5052 2981 3354 3327 
5053 2976 3032 3020 
5054 3049 3273 3160 
5055 2989 3028 2991 
5056 2713 3272 3144 
5057 2806 3409 2994 
5058 3057 3274 2746 
5059 2861 3044 177 
5060 2752 3262 3140 
5061 2989 2991 2853 
5062 2714 3251 3138 
5063 2983 3187 3185 
5064 2854 2989 2853 
5065 2944 3058 3055 
5066 3278 3280 2751 
5067 2806 3269 3267 
5068 544 3051 2773 
5069 2767 3196 3142 
5070 2976 3020 3019 
5071 3266 3272 2713 
5072 2946 3166 3165 
5073 3085 3279 3082 
5074 2946 3207 3166 
5075 2712 3282 3151 
5076 2662 3279 3085 
5077 3258 3262 2752 
5078 2722 3214 3059 
5079 3059 3199 2722 
5080 2711 3289 3042 
5081 545 3060 546 
5082 2750 3286 3153 
5083 544 2773 545 
5084 3196 3237 3158 
5085 2715 3159 3158 
5086 3232 3251 2714 
5087 3165 3212 2946 
5088 3138 3258 2714 
5089 2847 2849 2848 
5090 3140 3266 2752 
5091 3138 3262 3258 
5092 2705 3187 2707 
5093 3142 3251 3232 
5094 2779 3212 3165 
5095 3187 3214 2722 
5096 2656 3252 3080 
5097 3140 3272 3266 
5098 2843 2845 2844 
5099 3144 3278 2713 
5100 542 2666 543 
5101 2767 3237 3196 
5102 3159 3256 3155 
5103 3142 3232 2767 
5104 3148 3281 2751 
5105 3080 3252 3081 
5106 3144 3280 3278 
5107 2851 2976 2975 
5108 3148 3280 3147 
5109 2850 2853 2849 
5110 3151 3284 2712 
5111 2846 2847 2845 
5112 3153 3288 2750 
5113 2739 3052 175 
5114 3163 3265 2622 
5115 3158 3237 2715 
5116 2839 3063 2860 
5117 3042 3291 2711 
5118 3045 3046 2739 
5119 2842 2843 2841 
5120 3084 3283 3085 
5121 3144 3272 3143 
5122 3103 3173 3172 
5123 3059 3233 3199 
5124 2770 3072 3071 
5125 3199 3233 2740 
5126 2952 3206 3081 
5127 2770 3234 3072 
5128 2720 3273 3186 
5129 3185 3187 2705 
5130 2779 3165 3164 
5131 543 3051 544 
5132 176 2739 175 
5133 2847 2848 2845 
5134 2853 3050 2849 
5135 2632 3173 3099 
5136 2843 2844 2841 
5137 2630 3116 593 
5138 3045 3350 3046 
5139 2715 3256 3159 
5140 2843 3061 2846 
5141 2746 3274 3270 
5142 3176 3235 3071 
5143 2983 3214 3187 
5144 3164 3167 2779 
5145 177 3044 176 
5146 3140 3262 3139 
5147 2640 3111 170 
5148 3064 3065 2792 
5149 2707 3187 2722 
5150 3161 3265 3163 
5151 2854 2990 2989 
5152 3071 3235 2770 
5153 2843 2846 2845 
5154 589 3064 2792 
5155 3081 3252 2952 
5156 2632 3099 3098 
5157 3065 3066 2792 
5158 2847 2850 2849 
5159 2994 3396 538 
5160 3061 3062 2846 
5161 2834 3088 3086 
5162 2632 3098 3097 
5163 2622 3265 3263 
5164 3086 3088 3087 
5165 3018 3062 3061 
5166 3067 3068 3066 
5167 592 3116 3114 
5168 3099 3173 3103 
5169 3236 3363 3296 
5170 3065 3067 3066 
5171 3064 3112 3065 
5172 2762 3206 2760 
5173 2840 2841 2839 
5174 170 3111 169 
5175 2944 3257 3058 
5176 3138 3251 3137 
5177 3065 3112 3069 
5178 2632 3097 159 
5179 2842 3061 2843 
5180 2828 3084 3083 
5181 3076 3082 3077 
5182 3275 3279 2662 
5183 3018 3061 2948 
5184 3088 3089 3087 
5185 3079 3271 3080 
5186 3067 3070 3068 
5187 2828 3083 2816 
5188 592 3114 591 
5189 2959 3089 3088 
5190 3168 3247 2675 
5191 2911 3074 3073 
5192 593 3116 592 
5193 3076 3077 2799 
5194 3075 3316 2617 
5195 2988 3171 2817 
5196 3106 3108 3105 
5197 2911 3073 2906 
5198 2849 2851 2848 
5199 2834 3086 2829 
5200 2733 3106 3104 
5201 2651 3167 2653 
5202 2785 3076 2799 
5203 3104 3106 3105 
5204 2973 3094 2910 
5205 2850 2854 2853 
5206 159 3097 158 
5207 3114 3116 3115 
5208 2760 3206 2952 
5209 169 3109 168 
5210 2726 3170 2710 
5211 2734 3095 3090 
5212 2740 3233 2778 
5213 2817 3171 2803 
5214 3158 3159 3157 
5215 160 3173 2632 
5216 2866 3156 2820 
5217 2779 3167 2651 
5218 589 2792 588 
5219 2866 3157 3156 
5220 2653 3167 3145 
5221 2663 3064 590 
5222 3099 3100 3098 
5223 3169 3204 2984 
5224 2778 2804 2803 
5225 2953 3157 2868 
5226 169 3111 3109 
5227 2776 3235 3176 
5228 2733 3104 167 
5229 3090 3095 3091 
5230 3084 3085 3083 
5231 2734 3090 157 
5232 3091 3092 2863 
5233 3083 3085 3082 
5234 2804 2817 2803 
5235 2622 3270 3163 
5236 3118 3314 2742 
5237 2972 3117 2915 
5238 3270 3274 3163 
5239 2911 3094 3075 
5240 2710 3170 2708 
5241 2953 3158 3157 
5242 3142 3196 3141 
5243 2633 3194 3193 
5244 3120 3312 2618 
5245 2868 3157 2866 
5246 2906 3073 2818 
5247 2911 3075 3074 
5248 3156 3159 3155 
5249 2804 2818 2817 
5250 3263 3265 3166 
5251 3132 3133 2966 
5252 2791 3121 598 
5253 3124 3125 2967 
5254 2717 3201 2679 
5255 2830 3261 3260 
5256 3126 3127 2968 
5257 2663 3112 3064 
5258 2633 3193 143 
5259 2955 3138 3137 
5260 3130 3131 2969 
5261 2765 3206 2762 
5262 2818 2987 2817 
5263 3167 3208 3145 
5264 3186 3273 2914 
5265 594 3174 2630 
5266 2958 3140 3139 
5267 3042 3146 2904 
5268 2960 3144 3143 
5269 3104 3105 2635 
5270 2954 3142 3141 
5271 3164 3208 3167 
5272 2959 3088 2836 
5273 2818 3073 2987 
5274 3154 3170 2726 
5275 3090 3091 2863 
5276 2815 3082 3076 
5277 2971 3119 2919 
5278 3081 3206 3205 
5279 3123 3310 2743 
5280 2954 3141 2872 
5281 595 3175 3174 
5282 2910 3094 2908 
5283 2970 3122 2923 
5284 2841 3063 2839 
5285 3091 3093 3092 
5286 2941 3132 2966 
5287 2937 3124 2967 
5288 2955 3137 2876 
5289 2933 3126 2968 
5290 2987 3033 2988 
5291 3161 3163 2956 
5292 2969 3128 2927 
5293 2929 3130 2969 
5294 2685 3134 2718 
5295 2689 3135 2731 
5296 591 2663 590 
5297 2958 3139 2880 
5298 2693 3136 2719 
5299 3077 3079 3078 
5300 2960 3143 2884 
5301 2886 3147 2960 
5302 2976 3019 2975 
5303 3077 3078 2799 
5304 2719 3149 2695 
5305 156 2863 155 
5306 2890 3150 2961 
5307 2649 3212 2779 
5308 3129 3306 2619 
5309 2732 3160 2699 
5310 2894 3152 2962 
5311 156 3090 2863 
5312 2815 3076 2790 
5313 2722 3199 2709 
5314 3101 3102 3100 
5315 3099 3101 3100 
5316 2840 2842 2841 
5317 2904 3146 2900 
5318 2908 3094 2911 
5319 590 3064 589 
5320 2790 3076 2785 
5321 2836 3088 2834 
5322 3207 3263 3166 
5323 2813 3161 2956 
5324 3079 3275 3271 
5325 2776 3176 2801 
5326 2908 2911 2906 
5327 2778 2803 2802 
5328 2785 2799 2772 
5329 2653 3145 2655 
5330 2669 3204 3169 
5331 3078 3205 2799 
5332 2905 2906 2818 
5333 2729 3154 2726 
5334 3157 3159 3156 
5335 166 3104 2635 
5336 2733 3107 3106 
5337 2820 3156 2819 
5338 2809 2815 2790 
5339 2819 3155 3154 
5340 2671 3169 2723 
5341 3081 3205 3078 
5342 2913 2973 2910 
5343 2816 3083 2815 
5344 3117 3118 2973 
5345 2907 2908 2906 
5346 3086 3087 3084 
5347 2915 3117 2913 
5348 2629 3172 162 
5349 3131 3303 2744 
5350 2913 3117 2973 
5351 2827 2828 2816 
5352 163 2629 162 
5353 594 2630 593 
5354 2872 3141 2870 
5355 166 2635 165 
5356 2766 2797 2796 
5357 2797 2813 2798 
5358 168 2733 167 
5359 137 3179 2627 
5360 2627 3178 136 
5361 2626 3181 132 
5362 2738 3182 126 
5363 129 3183 2625 
5364 133 3177 2626 
5365 2628 3184 140 
5366 127 3180 2738 
5367 2734 3096 3095 
5368 2813 2956 2814 
5369 2909 2910 2908 
5370 3165 3166 3162 
5371 2987 2988 2817 
5372 3190 3191 2628 
5373 599 2791 598 
5374 3079 3080 3078 
5375 143 3193 142 
5376 3119 3120 2972 
5377 3127 3300 2620 
5378 597 3121 2645 
5379 158 3097 2734 
5380 2740 2778 2777 
5381 168 3109 2733 
5382 2917 2972 2915 
5383 2660 2766 2664 
5384 2815 3083 3082 
5385 2819 3156 3155 
5386 3122 3123 2971 
5387 2945 3161 2813 
5388 2645 3175 596 
5389 3172 3173 161 
5390 595 3174 594 
5391 3128 3129 2970 
5392 2919 3119 2917 
5393 2794 2819 2782 
5394 3011 3013 3012 
5395 2858 3011 3010 
5396 2825 3211 2999 
5397 2961 3148 3147 
5398 2912 2913 2910 
5399 2867 2868 2866 
5400 2962 3151 3150 
5401 2870 3141 2953 
5402 2870 2953 2868 
5403 3071 3072 3013 
5404 2876 3137 2874 
5405 2874 2954 2872 
5406 2766 2796 2664 
5407 2797 2798 2796 
5408 141 3190 2628 
5409 2819 3154 2782 
5410 2804 2905 2818 
5411 2963 3153 3152 
5412 2669 3169 2671 
5413 3155 3170 3154 
5414 2794 2820 2819 
5415 2829 3086 2828 
5416 2673 3168 2675 
5417 2865 2866 2820 
5418 3011 3176 3071 
5419 2671 2723 2673 
5420 2921 2971 2919 
5421 2801 2858 2856 
5422 2917 3119 2972 
5423 3055 3056 2943 
5424 591 3114 2663 
5425 2813 2814 2798 
5426 2772 3205 2765 
5427 2677 2717 2679 
5428 2965 2985 2904 
5429 2878 2955 2876 
5430 161 3173 160 
5431 2941 2966 2939 
5432 2937 2967 2935 
5433 2925 2970 2923 
5434 3125 3298 2745 
5435 2956 2957 2814 
5436 3011 3012 3010 
5437 2933 2968 2931 
5438 2929 2969 2927 
5439 2685 2718 2687 
5440 2923 3122 2921 
5441 2681 2730 2683 
5442 2882 2958 2880 
5443 2693 2719 2695 
5444 2943 3132 2941 
5445 2689 2731 2691 
5446 2699 3160 2701 
5447 2701 2720 2703 
5448 2880 3139 2878 
5449 2939 3124 2937 
5450 2683 3134 2685 
5451 2886 2960 2884 
5452 2701 3160 2720 
5453 2935 3126 2933 
5454 2890 2961 2888 
5455 2687 3135 2689 
5456 2931 3130 2929 
5457 2927 3128 2925 
5458 2695 3149 2697 
5459 2691 3136 2693 
5460 2809 2816 2815 
5461 2874 3137 2954 
5462 2894 2962 2892 
5463 2884 3143 2882 
5464 2697 2732 2699 
5465 2723 3168 2673 
5466 3065 3069 3067 
5467 2888 3147 2886 
5468 2655 3145 2660 
5469 2898 2963 2896 
5470 3195 3202 2864 
5471 2905 2907 2906 
5472 2892 3150 2890 
5473 2869 2870 2868 
5474 3056 3132 2943 
5475 2796 3204 2664 
5476 3017 3018 2948 
5477 2896 3152 2894 
5478 2921 3122 2971 
5479 2984 3204 2796 
5480 2720 3186 3185 
5481 2902 2904 2900 
5482 158 2734 157 
5483 160 2632 159 
5484 2985 3042 2904 
5485 2966 3124 2939 
5486 2878 3139 2955 
5487 3013 3014 3012 
5488 167 3104 166 
5489 2945 3162 3161 
5490 3000 3195 2811 
5491 2837 2840 2839 
5492 2967 3126 2935 
5493 2730 3134 2683 
5494 2925 3128 2970 
5495 3011 3071 3013 
5496 2968 3130 2931 
5497 2718 3135 2687 
5498 2731 3136 2691 
5499 2882 3143 2958 
5500 2961 3147 2888 
5501 2962 3150 2892 
5502 2697 3149 2732 
5503 2963 3152 2896 
5504 2953 3196 3158 
5505 2900 3146 2898 
5506 597 2645 596 
5507 2782 3154 2729 
5508 3190 3192 3191 
5509 2914 2915 2913 
5510 2797 2945 2813 
5511 3133 3295 2621 
5512 2907 2909 2908 
5513 598 3121 597 
5514 2828 3086 3084 
5515 2865 2867 2866 
5516 2898 3146 2963 
5517 157 3090 156 
5518 135 3178 2735 
5519 139 3184 2737 
5520 131 3181 2736 
5521 125 3182 2624 
5522 2736 3183 130 
5523 2737 3179 138 
5524 2735 3177 134 
5525 2625 3180 128 
5526 2871 2872 2870 
5527 3155 3256 3170 
5528 2660 3145 2766 
5529 2864 3202 2997 
5530 2902 2965 2904 
5531 2858 3010 3009 
5532 2999 3000 2811 
5533 596 3175 595 
5534 162 3172 161 
5535 2909 2912 2910 
5536 2649 2779 2651 
5537 3243 3404 3096 
5538 3141 3196 2953 
5539 2679 3201 2681 
5540 3000 3202 3195 
5541 2858 3176 3011 
5542 2660 2664 2661 
5543 2754 3200 2756 
5544 2801 3176 2858 
5545 2781 2782 2729 
5546 2873 2874 2872 
5547 2838 3197 2959 
5548 135 2735 134 
5549 131 2736 130 
5550 147 2623 146 
5551 144 2633 143 
5552 139 2737 138 
5553 133 2626 132 
5554 141 2628 140 
5555 125 2624 124 
5556 127 2738 126 
5557 129 2625 128 
5558 137 2627 136 
5559 2916 2917 2915 
5560 2721 3199 2740 
5561 123 3189 2741 
5562 2838 2959 2836 
5563 2721 2740 2727 
5564 142 3190 141 
5565 2867 2869 2868 
5566 2720 3185 2703 
5567 3205 3206 2765 
5568 2663 3113 3112 
5569 2858 3009 2856 
5570 2999 3023 3000 
5571 3097 3098 3096 
5572 2669 2671 2670 
5573 2709 3199 2721 
5574 3030 3031 2964 
5575 2918 2919 2917 
5576 2837 2839 2838 
5577 2875 2876 2874 
5578 2624 3189 124 
5579 2671 2673 2672 
5580 2821 2949 2822 
5581 2673 2675 2674 
5582 2864 2865 2820 
5583 3145 3208 2766 
5584 2920 2921 2919 
5585 2877 2878 2876 
5586 2756 3200 2775 
5587 2675 2677 2676 
5588 2912 2914 2913 
5589 2655 2660 2658 
5590 2677 2679 2678 
5591 132 3181 131 
5592 138 3179 137 
5593 134 3177 133 
5594 128 3180 127 
5595 140 3184 139 
5596 126 3182 125 
5597 136 3178 135 
5598 130 3183 129 
5599 2703 3185 2705 
5600 2797 3208 2945 
5601 2922 2923 2921 
5602 2879 2880 2878 
5603 2679 2681 2680 
5604 2681 2683 2682 
5605 142 3193 3190 
5606 2683 2685 2684 
5607 2881 2882 2880 
5608 2707 2722 2709 
5609 2685 2687 2686 
5610 2924 2925 2923 
5611 2716 3250 2950 
5612 2687 2689 2688 
5613 2665 2669 2668 
5614 2689 2691 2690 
5615 2691 2693 2692 
5616 2693 2695 2694 
5617 2926 2927 2925 
5618 2883 2884 2882 
5619 2803 3171 2810 
5620 2928 2929 2927 
5621 2775 2821 2787 
5622 2885 2886 2884 
5623 2930 2931 2929 
5624 2932 2933 2931 
5625 2936 2937 2935 
5626 2934 2935 2933 
5627 2887 2888 2886 
5628 2793 2794 2782 
5629 2938 2939 2937 
5630 2771 2772 2765 
5631 2889 2890 2888 
5632 3193 3194 3192 
5633 2869 2871 2870 
5634 2695 2697 2696 
5635 2891 2892 2890 
5636 2940 2941 2939 
5637 2893 2894 2892 
5638 2775 3200 2821 
5639 2895 2896 2894 
5640 2799 3205 2772 
5641 2944 3055 2943 
5642 2897 2898 2896 
5643 2942 2943 2941 
5644 2697 2699 2698 
5645 2784 2785 2772 
5646 3200 3249 3244 
5647 2899 2900 2898 
5648 2665 3204 2669 
5649 2901 2902 2900 
5650 3164 3165 3162 
5651 2825 2999 2811 
5652 2681 3201 2730 
5653 3197 3267 2959 
5654 3014 3022 3012 
5655 2794 3195 2864 
5656 2811 3195 2793 
5657 2699 2701 2700 
5658 3099 3103 3101 
5659 2827 2829 2828 
5660 2793 3195 2794 
5661 2871 2873 2872 
5662 2839 2860 2838 
5663 2865 3209 2867 
5664 124 3189 123 
5665 2914 2916 2915 
5666 3109 3110 3107 
5667 3248 3345 3113 
5668 2867 3209 2995 
5669 2781 2793 2782 
5670 2701 2703 2702 
5671 123 2741 122 
5672 2789 2790 2785 
5673 2945 3208 3164 
5674 2794 2864 2820 
5675 2803 2810 2802 
5676 2660 2661 2658 
5677 3031 3211 2964 
5678 539 2646 540 
5679 174 2641 173 
5680 171 2640 170 
5681 2798 2984 2796 
5682 3260 3261 3072 
5683 2664 2665 2661 
5684 3234 3260 3072 
5685 2873 2875 2874 
5686 3244 3249 2950 
5687 2916 2918 2917 
5688 3190 3193 3192 
5689 2821 2822 2787 
5690 2764 2765 2762 
5691 2821 3244 2949 
5692 2671 2672 2670 
5693 2949 2992 2822 
5694 2669 2670 2668 
5695 2800 2986 2862 
5696 2703 2705 2704 
5697 2801 2856 2805 
5698 2875 2877 2876 
5699 2760 2952 2758 
5700 2964 3211 2825 
5701 2918 2920 2919 
5702 2673 2674 2672 
5703 2864 2997 2865 
5704 2950 3250 3244 
5705 2833 2834 2829 
5706 2675 2676 2674 
5707 2877 2879 2878 
5708 2677 2678 2676 
5709 2920 2922 2921 
5710 3114 3115 3113 
5711 2664 3204 2665 
5712 2679 2680 2678 
5713 2741 3203 122 
5714 2879 2881 2880 
5715 2681 2682 2680 
5716 2683 2684 2682 
5717 122 3203 121 
5718 2922 2924 2923 
5719 2685 2686 2684 
5720 2881 2883 2882 
5721 2687 2688 2686 
5722 3137 3251 2954 
5723 2689 2690 2688 
5724 2691 2692 2690 
5725 2883 2885 2884 
5726 2693 2694 2692 
5727 2924 2926 2925 
5728 2885 2887 2886 
5729 2887 2889 2888 
5730 2926 2928 2927 
5731 2889 2891 2890 
5732 2895 2897 2896 
5733 2891 2893 2892 
5734 2893 2895 2894 
5735 2928 2930 2929 
5736 2897 2899 2898 
5737 2695 2696 2694 
5738 2930 2932 2931 
5739 2932 2934 2933 
5740 2934 2936 2935 
5741 2800 3245 2986 
5742 2766 3208 2797 
5743 2899 2901 2900 
5744 2936 2938 2937 
5745 2795 2811 2793 
5746 2643 2649 2648 
5747 2938 2940 2939 
5748 2901 2903 2902 
5749 2697 2698 2696 
5750 2940 2942 2941 
5751 2835 2836 2834 
5752 2942 2944 2943 
5753 2808 2809 2790 
5754 2756 2775 2774 
5755 2952 3210 2758 
5756 2867 2995 2869 
5757 2699 2700 2698 
5758 2675 3247 2677 
5759 2778 2802 2777 
5760 3080 3081 3078 
5761 2734 3097 3096 
5762 2649 2651 2650 
5763 2755 3210 2753 
5764 2856 3188 2857 
5765 2775 2787 2786 
5766 121 2631 120 
5767 2701 2702 2700 
5768 2945 3164 3162 
5769 2740 2777 2727 
5770 3009 3188 2856 
5771 3033 3320 2636 
5772 2651 2653 2652 
5773 2780 2781 2729 
5774 560 2743 561 
5775 562 2619 563 
5776 577 2634 73 
5777 554 2617 555 
5778 556 2742 557 
5779 558 2618 559 
5780 564 2744 565 
5781 566 2620 567 
5782 568 2745 569 
5783 570 2621 571 
5784 572 2746 573 
5785 574 2622 575 
5786 2909 2983 2912 
5787 2823 3008 2974 
5788 2733 3109 3107 
5789 2653 2655 2654 
5790 2634 2946 2639 
5791 2665 2668 2667 
5792 2997 3209 2865 
5793 2776 2801 2783 
5794 2871 2996 2873 
5795 2826 2827 2816 
5796 2655 2658 2657 
5797 2703 2704 2702 
5798 3032 3268 3020 
5799 2823 2830 2786 
5800 150 2637 149 
5801 2775 2786 2774 
5802 576 3207 577 
5803 121 3203 2631 
5804 2763 2776 2769 
5805 2992 2993 2822 
5806 2759 2770 2761 
5807 3036 3037 2978 
5808 2787 2823 2786 
5809 2823 3216 3008 
5810 2665 2667 2661 
5811 2795 2825 2811 
5812 2764 2771 2765 
5813 2856 2857 2805 
5814 2651 2652 2650 
5815 2771 2784 2772 
5816 2757 2758 2755 
5817 2653 2654 2652 
5818 2823 2974 2830 
5819 2875 2998 2877 
5820 2756 2774 2757 
5821 3008 3021 2974 
5822 2746 3285 3057 
5823 2658 2748 2657 
5824 2674 2711 2672 
5825 2833 2835 2834 
5826 2716 2950 2667 
5827 2655 2657 2654 
5828 2916 3049 2918 
5829 2991 3050 2853 
5830 151 3215 150 
5831 2778 3233 2804 
5832 2899 3007 2901 
5833 2879 3001 2881 
5834 2678 2750 2676 
5835 2895 3006 2897 
5836 2920 3043 2922 
5837 2754 2756 2755 
5838 2682 2712 2680 
5839 2756 2757 2755 
5840 2891 3005 2893 
5841 2883 3003 2885 
5842 2860 3197 2838 
5843 2887 3004 2889 
5844 2686 2751 2684 
5845 2643 3212 2649 
5846 2690 2713 2688 
5847 2905 3059 2907 
5848 2668 2716 2667 
5849 2784 2789 2785 
5850 2924 3041 2926 
5851 2986 3015 2862 
5852 2781 2795 2793 
5853 2928 3040 2930 
5854 2694 2752 2692 
5855 2932 3039 2934 
5856 118 2724 117 
5857 2698 2714 2696 
5858 2977 3035 3034 
5859 2936 3038 2938 
5860 2758 3210 2755 
5861 2940 2982 2942 
5862 2728 2729 2726 
5863 2649 2650 2648 
5864 2748 2753 2657 
5865 152 2747 151 
5866 2754 2755 2753 
5867 3109 3111 3110 
5868 2618 3313 3120 
5869 2995 3217 2869 
5870 2822 3216 2787 
5871 2860 3198 3197 
5872 2725 2726 2710 
5873 2869 3217 2871 
5874 2809 2826 2816 
5875 2743 3311 3123 
5876 2748 2754 2753 
5877 2787 3216 2823 
5878 3079 3279 3275 
5879 577 3207 2634 
5880 2757 2759 2758 
5881 2705 2706 2704 
5882 2789 2808 2790 
5883 2873 3219 2875 
5884 2661 3218 2658 
5885 2705 2707 2706 
5886 2897 3220 2899 
5887 2877 3222 2879 
5888 2871 3217 2996 
5889 117 3213 116 
5890 2893 3221 2895 
5891 2885 3224 2887 
5892 2881 3226 2883 
5893 2889 3225 2891 
5894 2702 2767 2700 
5895 2801 2805 2783 
5896 2658 3218 2748 
5897 3210 3242 2753 
5898 2918 3223 2920 
5899 2996 3219 2873 
5900 2922 3227 2924 
5901 2993 3216 2822 
5902 2759 2760 2758 
5903 2926 3228 2928 
5904 2781 3239 2795 
5905 2776 2783 2769 
5906 2759 2761 2760 
5907 2930 3229 2932 
5908 2934 3230 2936 
5909 2619 3308 3129 
5910 3017 3029 3018 
5911 3210 3252 3242 
5912 2667 3218 2661 
5913 2938 3231 2940 
5914 2761 2762 2760 
5915 2754 3249 3200 
5916 2742 3315 3118 
5917 2795 2951 2825 
5918 2907 3214 2909 
5919 2875 3219 2998 
5920 2998 3222 2877 
5921 2947 3238 3236 
5922 150 3215 2637 
5923 2643 2648 2647 
5924 2706 2715 2704 
5925 2780 3239 2781 
5926 2950 3218 2667 
5927 551 2636 552 
5928 2909 3214 2983 
5929 2770 3235 2761 
5930 2951 2964 2825 
5931 2761 2763 2762 
5932 2899 3220 3007 
5933 2879 3222 3001 
5934 2634 3207 2946 
5935 3006 3220 2897 
5936 2639 2643 2642 
5937 2895 3221 3006 
5938 2654 2656 2652 
5939 3001 3226 2881 
5940 116 2981 115 
5941 3005 3221 2893 
5942 2805 2831 2783 
5943 2891 3225 3005 
5944 3003 3224 2885 
5945 2946 3212 2639 
5946 2883 3226 3003 
5947 3049 3223 2918 
5948 2887 3224 3004 
5949 2763 3235 2776 
5950 3004 3225 2889 
5951 2832 2833 2829 
5952 2947 2948 2842 
5953 2920 3223 3043 
5954 2728 2780 2729 
5955 3218 3249 2748 
5956 2707 2709 2708 
5957 3043 3227 2922 
5958 2663 3114 3113 
5959 2728 2800 2780 
5960 2639 3212 2643 
5961 2774 3234 2757 
5962 2924 3227 3041 
5963 2807 3259 3255 
5964 2763 2764 2762 
5965 2833 2852 2835 
5966 3041 3228 2926 
5967 2928 3228 3040 
5968 2725 2728 2726 
5969 3040 3229 2930 
5970 2808 3241 2809 
5971 2932 3229 3039 
5972 2852 3238 2835 
5973 2700 3232 2698 
5974 3039 3230 2934 
5975 2837 2838 2836 
5976 2835 2837 2836 
5977 3244 3250 2949 
5978 2763 2769 2764 
5979 2936 3230 3038 
5980 2800 2862 2812 
5981 2771 2788 2784 
5982 2709 2721 2710 
5983 2721 2727 2725 
5984 3038 3231 2938 
5985 2759 3234 2770 
5986 2634 2639 2638 
5987 2940 3231 2982 
5988 2634 2638 73 
5989 3200 3244 2821 
5990 2827 2832 2829 
5991 2677 3247 2717 
5992 3037 3241 2978 
5993 3002 3030 2964 
5994 2795 3239 2951 
5995 2744 3304 3131 
5996 2835 3238 2837 
5997 2800 2812 2780 
5998 2862 2979 2812 
5999 2747 3215 151 
6000 3059 3214 2907 
6001 3242 3252 2656 
6002 2698 3232 2714 
6003 2951 3002 2964 
6004 2757 3234 2759 
6005 2837 3238 2840 
6006 2707 2708 2706 
6007 3139 3262 2955 
6008 2789 2977 2808 
6009 2721 2725 2710 
6010 2709 2710 2708 
6011 2977 2978 2808 
6012 2809 3241 2826 
6013 2950 3249 3218 
6014 2761 3235 2763 
6015 2977 3034 2978 
6016 3236 3238 2852 
6017 2804 3233 2905 
6018 2802 2807 2777 
6019 2704 3237 2702 
6020 2657 3242 2654 
6021 2620 3302 3127 
6022 3016 3017 2948 
6023 2840 3238 2947 
6024 2977 3246 3035 
6025 549 2749 550 
6026 3034 3036 2978 
6027 2954 3251 3142 
6028 2724 3213 117 
6029 2767 3232 2700 
6030 2753 3242 2657 
6031 3013 3261 3014 
6032 2648 2662 2647 
6033 2639 2642 2638 
6034 2643 2647 2642 
6035 2947 3236 3016 
6036 2981 3399 3354 
6037 2745 3299 3125 
6038 2749 3342 3068 
6039 2748 3249 2754 
6040 2715 3237 2704 
6041 2905 3233 3059 
6042 2647 2659 2642 
6043 2702 3237 2767 
6044 2947 3016 2948 
6045 2840 2947 2842 
6046 2857 3243 2805 
6047 2832 3240 2833 
6048 3082 3279 3077 
6049 2812 3239 2780 
6050 2621 3297 3133 
6051 2978 3241 2808 
6052 3255 3259 2986 
6053 2982 3254 2942 
6054 2654 3242 2656 
6055 3245 3255 2986 
6056 116 3213 2981 
6057 2805 3243 2831 
6058 2833 3240 2852 
6059 2948 3061 2842 
6060 2727 3245 2725 
6061 2784 3246 2789 
6062 2728 3245 2800 
6063 3162 3265 3161 
6064 2844 3063 2841 
6065 2810 3248 2802 
6066 2974 3264 2830 
6067 2725 3245 2728 
6068 3239 3253 2951 
6069 2830 3260 2786 
6070 2788 3246 2784 
6071 2617 3317 3075 
6072 2694 3258 2752 
6073 2845 3277 2844 
6074 2714 3258 2696 
6075 2847 3276 2850 
6076 3080 3271 2656 
6077 2789 3246 2977 
6078 2952 3252 3210 
6079 2942 3254 2944 
6080 3170 3256 2708 
6081 2812 3253 3239 
6082 3085 3283 2662 
6083 2774 3260 3234 
6084 2777 3255 2727 
6085 2802 3248 2807 
6086 3143 3272 2958 
6087 2727 3255 3245 
6088 2807 3255 2777 
6089 2622 3263 575 
6090 547 2980 548 
6091 2979 3253 2812 
6092 2956 3274 2957 
6093 576 3263 3207 
6094 2708 3256 2706 
6095 2951 3253 3002 
6096 2706 3256 2715 
6097 3254 3257 2944 
6098 3147 3280 2960 
6099 2696 3258 2694 
6100 3063 3293 3290 
6101 2786 3260 2774 
6102 2690 3266 2713 
6103 2752 3266 2692 
6104 2746 3270 573 
6105 574 3270 2622 
6106 2986 3259 3015 
6107 2851 2975 2855 
6108 2830 3264 3261 
6109 2959 3267 3089 
6110 2914 3273 2916 
6111 2955 3262 3138 
6112 3072 3261 3013 
6113 575 3263 576 
6114 3261 3264 3014 
6115 2656 3271 2652 
6116 2686 3278 2751 
6117 2713 3278 2688 
6118 2636 3321 3033 
6119 3166 3265 3162 
6120 2648 3275 2662 
6121 2961 3282 3148 
6122 3151 3282 3150 
6123 2860 3290 3198 
6124 3028 3339 2644 
6125 2692 3266 2690 
6126 573 3270 574 
6127 2747 3346 3093 
6128 2682 3281 2712 
6129 2751 3281 2684 
6130 2975 3024 2855 
6131 2962 3286 3151 
6132 3153 3286 3152 
6133 2659 3269 2642 
6134 2652 3271 2650 
6135 3042 3289 3146 
6136 2642 3269 2638 
6137 2958 3272 3140 
6138 3046 3052 2739 
6139 3026 3054 3027 
6140 3163 3274 2956 
6141 3026 3027 3025 
6142 3024 3025 2855 
6143 2851 2855 2848 
6144 3331 3412 3093 
6145 2638 2806 73 
6146 2916 3273 3049 
6147 2678 3284 2750 
6148 2712 3284 2680 
6149 608 3344 3048 
6150 2846 3276 2847 
6151 2650 3275 2648 
6152 572 3285 2746 
6153 2621 3285 571 
6154 3271 3275 2650 
6155 2850 3276 2859 
6156 2963 3289 3153 
6157 3024 3026 3025 
6158 2688 3278 2686 
6159 2662 3283 2647 
6160 3077 3279 3079 
6161 3062 3276 2846 
6162 2674 3288 2711 
6163 2750 3288 2676 
6164 3277 3293 2844 
6165 2960 3280 3144 
6166 2850 2859 2854 
6167 3290 3293 3027 
6168 2711 3291 2672 
6169 2848 3277 2845 
6170 2668 3292 2716 
6171 3292 3301 2716 
6172 2640 3296 3111 
6173 2684 3281 2682 
6174 604 2644 605 
6175 2791 3354 3030 
6176 3150 3282 2961 
6177 3253 3287 3002 
6178 2638 3269 2806 
6179 606 2768 607 
6180 3063 3290 2860 
6181 3025 3277 2855 
6182 3335 3344 2768 
6183 2647 3283 2659 
6184 2680 3284 2678 
6185 2855 3277 2848 
6186 571 3285 572 
6187 3025 3293 3277 
6188 3152 3286 2962 
6189 3318 3411 3029 
6190 3132 3295 3133 
6191 2844 3293 3063 
6192 602 2824 603 
6193 3133 3298 2966 
6194 3124 3298 3125 
6195 2979 3287 3253 
6196 2676 3288 2674 
6197 3015 3294 2862 
6198 3125 3300 2967 
6199 3126 3300 3127 
6200 3146 3289 2963 
6201 570 3297 2621 
6202 2745 3297 569 
6203 2903 3309 3307 
6204 2994 3409 3198 
6205 3127 3303 2968 
6206 3130 3303 3131 
6207 2620 3299 567 
6208 568 3299 2745 
6209 3131 3306 2969 
6210 2672 3291 2670 
6211 2949 3305 2992 
6212 3128 3306 3129 
6213 2744 3302 565 
6214 566 3302 2620 
6215 3291 3292 2670 
6216 3129 3310 2970 
6217 3122 3310 3123 
6218 2670 3292 2668 
6219 2619 3304 563 
6220 564 3304 2744 
6221 2903 3307 2902 
6222 2985 3301 3292 
6223 3119 3312 3120 
6224 3123 3312 2971 
6225 2965 3301 2985 
6226 3094 3316 3075 
6227 562 3308 2619 
6228 2743 3308 561 
6229 2630 3322 3116 
6230 3117 3314 3118 
6231 3120 3314 2972 
6232 2618 3311 559 
6233 560 3311 2743 
6234 3027 3293 3025 
6235 3305 3307 2992 
6236 3096 3404 3095 
6237 2742 3313 557 
6238 558 3313 2618 
6239 3118 3316 2973 
6240 2965 3305 3301 
6241 2617 3315 555 
6242 556 3315 2742 
6243 3030 3355 3121 
6244 3066 3326 2792 
6245 3074 3320 3073 
6246 2994 3413 2806 
6247 2987 3320 3033 
6248 171 3318 2640 
6249 554 3317 2617 
6250 2988 3358 3070 
6251 2636 3319 552 
6252 538 3413 2994 
6253 551 3321 2636 
6254 588 3326 587 
6255 2769 3323 2764 
6256 2771 3323 2788 
6257 2749 3321 550 
6258 600 3327 599 
6259 2862 3294 2979 
6260 3056 3295 3132 
6261 3111 3296 3110 
6262 569 3297 570 
6263 2966 3298 3124 
6264 567 3299 568 
6265 3026 3341 3054 
6266 3046 3351 3053 
6267 149 3328 148 
6268 2967 3300 3126 
6269 565 3302 566 
6270 3324 3325 2824 
6271 2716 3301 3250 
6272 3307 3309 2992 
6273 2968 3303 3130 
6274 3296 3363 3110 
6275 563 3304 564 
6276 2969 3306 3128 
6277 3033 3358 2988 
6278 3301 3305 3250 
6279 2902 3307 2965 
6280 3250 3305 2949 
6281 561 3308 562 
6282 2970 3310 3122 
6283 3034 3359 2629 
6284 2974 3329 3264 
6285 3029 3411 2641 
6286 2629 3360 3034 
6287 2992 3309 2993 
6288 559 3311 560 
6289 2971 3312 3119 
6290 2965 3307 3305 
6291 3032 3338 3268 
6292 557 3313 558 
6293 2972 3314 3117 
6294 3028 3338 2991 
6295 555 3315 556 
6296 2973 3316 3094 
6297 3328 3406 148 
6298 3095 3331 3091 
6299 178 3357 2861 
6300 2901 3330 2903 
6301 553 3317 554 
6302 553 3319 3317 
6303 552 3319 553 
6304 172 3318 171 
6305 602 3324 2824 
6306 2788 3332 3246 
6307 2989 3340 3028 
6308 3073 3320 2987 
6309 3019 3333 2975 
6310 601 3324 602 
6311 120 3334 119 
6312 3116 3322 3115 
6313 550 3321 551 
6314 2641 3349 3029 
6315 2764 3323 2771 
6316 3329 3405 3264 
6317 2769 3370 3323 
6318 2792 3326 588 
6319 3060 3325 3324 
6320 599 3327 2791 
6321 165 3336 164 
6322 542 3341 2666 
6323 3035 3359 3034 
6324 3034 3360 3036 
6325 3030 3354 3031 
6326 3018 3349 3062 
6327 3070 3361 2988 
6328 3093 3412 2747 
6329 2637 3328 149 
6330 3021 3329 2974 
6331 3108 3348 2832 
6332 3022 3406 3328 
6333 3290 3347 3198 
6334 3172 3359 3103 
6335 549 3342 2749 
6336 2980 3342 548 
6337 3037 3343 3241 
6338 3267 3409 2806 
6339 3002 3355 3030 
6340 604 3337 2644 
6341 3268 3337 2824 
6342 3108 3343 3105 
6343 3113 3345 3112 
6344 3198 3409 3197 
6345 155 3364 5 
6346 607 3344 608 
6347 2644 3339 605 
6348 3323 3370 3102 
6349 5 3364 154 
6350 2988 3361 3171 
6351 606 3339 2768 
6352 3215 3408 3407 
6353 2824 3337 603 
6354 3215 3407 2637 
6355 3092 3364 2863 
6356 2623 3405 3329 
6357 2854 3350 2990 
6358 3036 3336 3037 
6359 164 3360 163 
6360 3069 3361 3067 
6361 152 3346 2747 
6362 2747 3408 3215 
6363 3023 3365 3000 
6364 3191 3368 2628 
6365 3175 3403 3174 
6366 119 3362 118 
6367 3014 3405 3022 
6368 2807 3356 3259 
6369 3021 3400 3395 
6370 2999 3383 3023 
6371 2637 3407 3397 
6372 4 3366 600 
6373 538 3396 539 
6374 2623 3395 146 
6375 115 3366 4 
6376 144 3400 2633 
6377 2831 3370 2783 
6378 3240 3363 2852 
6379 147 3406 2623 
6380 2641 3411 173 
6381 3022 3397 3012 
6382 3393 3398 3309 
6383 587 3367 74 
6384 74 3367 547 
6385 2646 3347 3054 
6386 2666 3333 3051 
6387 3216 3401 3008 
6388 3401 3402 3008 
6389 3008 3402 3021 
6390 3062 3351 3276 
6391 3054 3347 3027 
6392 3174 3403 3294 
6393 546 3394 72 
6394 3007 3330 2901 
6395 3091 3331 3093 
6396 2979 3403 3287 
6397 3240 3348 3107 
6398 3246 3332 3035 
6399 3096 3353 3243 
6400 2975 3333 3024 
6401 3323 3410 2788 
6402 3053 3349 2641 
6403 3048 3335 3047 
6404 3309 3398 2993 
6405 72 3394 601 
6406 2631 3334 120 
6407 2637 3397 3328 
6408 3021 3395 3329 
6409 2991 3338 3032 
6410 3023 3383 3362 
6411 3328 3397 3022 
6412 3329 3395 2623 
6413 2747 3412 3408 
6414 172 3411 3318 
6415 3184 3392 2737 
6416 2737 3391 3179 
6417 3069 3345 2810 
6418 3179 3390 2627 
6419 2737 3392 3391 
6420 3179 3391 3390 
6421 3005 3389 3221 
6422 3106 3348 3108 
6423 3178 3388 2735 
6424 2831 3353 3100 
6425 2735 3387 3177 
6426 3177 3385 2626 
6427 2735 3388 3387 
6428 3177 3387 3385 
6429 3003 3382 3224 
6430 3181 3381 2736 
6431 2640 3384 3296 
6432 2736 3380 3183 
6433 3183 3379 2625 
6434 3330 3368 3191 
6435 3102 3410 3323 
6436 2736 3381 3380 
6437 3183 3380 3379 
6438 2625 3378 3180 
6439 3180 3376 2738 
6440 3373 3374 2996 
6441 2625 3379 3378 
6442 3180 3378 3376 
6443 3371 3373 3217 
6444 2996 3374 3219 
6445 3217 3373 2996 
6446 3098 3353 3096 
6447 2995 3372 3371 
6448 2995 3371 3217 
6449 3092 3346 153 
6450 3209 3375 3372 
6451 3209 3372 2995 
6452 2635 3336 165 
6453 2997 3377 3375 
6454 3334 3365 3023 
6455 2997 3375 3209 
6456 3202 3377 2997 
6457 3031 3386 3211 
6458 3174 3369 2630 
6459 2903 3393 3309 
6460 3107 3348 3106 
6461 603 3337 604 
6462 3296 3384 3016 
6463 3100 3353 3098 
6464 2990 3340 2989 
6465 605 3339 606 
6466 3020 3352 3019 
6467 3294 3369 3174 
6468 3325 3352 3020 
6469 2630 3369 3322 
6470 541 3341 542 
6471 3031 3399 3386 
6472 548 3342 549 
6473 3112 3345 3069 
6474 3241 3343 2826 
6475 153 3346 152 
6476 3318 3384 2640 
6477 2749 3358 3321 
6478 3007 3368 3330 
6479 2810 3345 3248 
6480 3093 3346 3092 
6481 2768 3344 607 
6482 3060 3394 546 
6483 2832 3348 3240 
6484 3029 3349 3018 
6485 3027 3347 3290 
6486 2859 3350 2854 
6487 3121 3355 2645 
6488 2861 3357 3048 
6489 3335 3340 2990 
6490 3243 3353 2831 
6491 3276 3351 2859 
6492 3326 3367 587 
6493 2788 3410 3332 
6494 600 3366 3327 
6495 2645 3355 3287 
6496 3287 3355 3002 
6497 3248 3356 2807 
6498 2631 3365 3334 
6499 3322 3369 3015 
6500 3017 3384 3318 
6501 73 3413 538 
6502 2629 3359 3172 
6503 163 3360 2629 
6504 3067 3361 3070 
6505 2863 3364 155 
6506 2806 3413 73 
6507 118 3362 2724 
6508 2857 3404 3243 
6509 2852 3363 3236 
6510 3000 3365 3202 
6511 2628 3368 3184 
6512 2981 3366 115 
6513 2738 3374 3182 
6514 2624 3373 3371 
6515 3182 3374 3373 
6516 3189 3372 2741 
6517 3182 3373 2624 
6518 2624 3371 3189 
6519 3371 3372 3189 
6520 3372 3375 2741 
6521 3015 3369 3294 
6522 2783 3370 2769 
6523 2741 3375 3203 
6524 2626 3382 3181 
6525 3375 3377 3203 
6526 547 3367 2980 
6527 3211 3383 2999 
6528 3203 3377 2631 
6529 3376 3378 2998 
6530 3219 3376 2998 
6531 2627 3389 3178 
6532 2998 3378 3222 
6533 3379 3380 3001 
6534 3222 3379 3001 
6535 3001 3380 3226 
6536 3378 3379 3222 
6537 3226 3381 3003 
6538 3213 3399 2981 
6539 3380 3381 3226 
6540 3385 3387 3004 
6541 3224 3385 3004 
6542 3016 3384 3017 
6543 3004 3387 3225 
6544 3225 3388 3005 
6545 2724 3386 3213 
6546 3192 3393 3191 
6547 3387 3388 3225 
6548 3390 3391 3006 
6549 3221 3390 3006 
6550 3006 3391 3220 
6551 3220 3392 3007 
6552 3391 3392 3220 
6553 3095 3404 3331 
6554 3192 3398 3393 
6555 146 3395 145 
6556 539 3396 2646 
6557 3395 3400 145 
6558 2633 3402 3194 
6559 3194 3398 3192 
6560 3012 3397 3010 
6561 3197 3409 3267 
6562 3194 3402 3401 
6563 145 3400 144 
6564 2993 3401 3216 
6565 3397 3407 3010 
6566 148 3406 147 
6567 3010 3407 3009 
6568 3407 3408 3009 
6569 3009 3408 3188 
6570 3327 3354 2791 
6571 3101 3410 3102 
6572 2980 3367 3326 
6573 3264 3405 3014 
6574 173 3411 172 
6575 3327 3366 2981 
6576 3324 3394 3060 
6577 3321 3358 3033 
6578 3048 3344 3335 
6579 3294 3403 2979 
6580 3386 3399 3213 
6581 3332 3410 3101 
6582 601 3394 3324 
6583 3362 3383 2724 
6584 3331 3404 2857 
6585 3408 3412 3188 
6586 3374 3376 3219 
6587 2738 3376 3374 
6588 3383 3386 2724 
6589 3211 3386 3383 
6590 3382 3385 3224 
6591 2626 3385 3382 
6592 3389 3390 3221 
6593 2627 3390 3389 
6594 3354 3399 3031 
6595 3398 3401 2993 
6596 3194 3401 3398 
2 118 2 62
6597 3420 3427 3416 
6598 3416 3427 3425 
6599 3422 3428 3423 
6600 3421 3425 3424 
6601 3419 3428 3422 
6602 3416 3425 3421 
6603 3414 3431 3421 
6604 3415 3430 3422 
6605 3417 3428 3419 
6606 3417 3426 3418 
6607 3419 3426 3417 
6608 3418 3429 3417 
6609 3420 3429 3418 
6610 3418 3427 3420 
6611 3421 3431 530 
6612 3422 3430 619 
6613 3423 3433 3415 
6614 3424 3432 3414 
6615 532 3420 3416 
6616 533 3420 532 
6617 615 3418 616 
6618 532 3416 531 
6619 617 3419 618 
6620 535 3417 534 
6621 531 3421 530 
6622 618 3422 619 
6623 69 3432 612 
6624 530 3431 70 
6625 71 3433 537 
6626 619 3430 75 
6627 3419 3422 618 
6628 3416 3421 531 
6629 3417 3429 534 
6630 617 3426 3419 
6631 3418 3426 616 
6632 615 3427 3418 
6633 535 3428 3417 
6634 533 3429 3420 
6635 3422 3423 3415 
6636 3421 3424 3414 
6637 529 3414 528 
6638 610 3415 611 
6639 537 3433 3423 
6640 612 3432 3424 
6641 537 3423 536 
6642 612 3424 613 
6643 3424 3425 613 
6644 3423 3428 536 
6645 3425 3427 614 
6646 613 3425 614 
6647 616 3426 617 
6648 614 3427 615 
6649 534 3429 533 
6650 536 3428 535 
6651 610 3430 3415 
6652 3414 3432 528 
6653 529 3431 3414 
6654 3415 3433 611 
6655 75 3430 610 
6656 528 3432 69 
6657 70 3431 529 
6658 611 3433 71 
$EndElements
