$MeshFormat
4.1 0 8
$EndMeshFormat
$PhysicalNames
8
1 7 "bottom"
1 8 "insulation_outer"
2 1 "pipe"
2 2 "insulation"
2 3 "fbrick"
2 4 "container"
2 5 "medium"
2 6 "air"
$EndPhysicalNames
$Entities
21 27 7 0
1 0.25 2.75 0 0 
2 0.25 3 0 0 
3 1.9032 3 0 0 
4 1.9032 8.4375 0 0 
5 1.9032 8.875 0 0 
6 0.25 8.875 0 0 
7 0.25 9.0625 0 0 
8 2.25 9.0625 0 0 
9 2.25 2.75 0 0 
10 0.25 10.90625 0 0 
11 5.25 10.90625 0 0 
12 5.25 2.75 0 0 
13 0.25 8.4375 0 0 
14 0 0 0 0 
15 0.222 0 0 0 
16 0.222 11.8125 0 0 
17 0 11.8125 0 0 
18 0.25 0 0 0 
19 0.25 0.90625 0 0 
20 0.25 11.8125 0 0 
21 5.25 0.90625 0 0 
1 0.2499998999999991 2.749999899999999 -1.000000008881784e-07 0.2500001000000009 3.000000100000001 1.000000008881784e-07 0 2 1 -2 
2 0.2499998999999999 2.9999999 -1e-07 1.9032001 3.0000001 1e-07 0 2 2 -3 
3 1.9031999 2.9999999 -1e-07 1.9032001 8.437500099999999 1e-07 0 2 3 -4 
4 1.9031999 8.437499900000001 -1e-07 1.9032001 8.875000099999999 1e-07 0 2 4 -5 
5 0.2499998999999999 8.874999900000001 -1e-07 1.9032001 8.875000099999999 1e-07 0 2 5 -6 
6 0.2499999 8.874999900000001 -1e-07 0.2500001 9.062500099999999 1e-07 0 2 6 -7 
7 0.2499998999999999 9.062499900000001 -1e-07 2.2500001 9.062500099999999 1e-07 0 2 8 -7 
8 2.2499999 2.7499999 -1e-07 2.2500001 9.062500099999999 1e-07 0 2 9 -8 
9 0.2499998999999997 2.7499999 -1.000000003330669e-07 2.2500001 2.7500001 1.000000003330669e-07 1 7 2 1 -9 
10 0.2499999 9.062499900000001 -1e-07 0.2500001 10.9062501 1e-07 0 2 7 -10 
11 0.2499999000000002 10.9062499 -1e-07 5.2500001 10.9062501 1e-07 1 8 2 11 -10 
12 5.2499999 2.749999900000001 -1e-07 5.2500001 10.9062501 1e-07 0 2 12 -11 
13 2.2499999 2.7499999 -1e-07 5.2500001 2.7500001 1e-07 0 2 9 -12 
14 0.2499999 8.437499900000001 -1e-07 0.2500001 8.875000099999999 1e-07 0 2 13 -6 
15 0.2499998999999999 8.437499900000001 -1e-07 1.9032001 8.437500099999999 1e-07 0 2 4 -13 
16 -1.000000000028756e-07 -1e-07 -1e-07 0.2220001 1e-07 1e-07 0 2 14 -15 
17 0.2219999 -1.000000002804313e-07 -1e-07 0.2220001 11.8125001 1e-07 0 2 15 -16 
18 -1.000000000028756e-07 11.8124999 -1e-07 0.2220001 11.8125001 1e-07 0 2 16 -17 
19 -1e-07 -1.000000002804313e-07 -1e-07 1e-07 11.8125001 1e-07 0 2 17 -14 
20 0.2219999 -1e-07 -1e-07 0.2500001 1e-07 1e-07 0 2 15 -18 
21 0.2499999 -1.000000000028756e-07 -1e-07 0.2500001 0.9062500999999999 1e-07 0 2 18 -19 
22 0.2499999 0.9062499000000001 -1e-07 0.2500001 2.7500001 1e-07 0 2 19 -1 
23 0.2499999 2.9999999 -1e-07 0.2500001 8.437500099999999 1e-07 0 2 2 -13 
24 0.2499999 10.9062499 -1e-07 0.2500001 11.8125001 1e-07 0 2 10 -20 
25 0.2219999 11.8124999 -1e-07 0.2500001 11.8125001 1e-07 0 2 20 -16 
26 0.2499999000000002 0.9062499000000001 -1e-07 5.2500001 0.9062500999999999 1e-07 1 8 2 19 -21 
27 5.2499999 0.9062499000000001 -1e-07 5.2500001 2.7500001 1e-07 0 2 21 -12 
1 -1.000000000028756e-07 -1.000000002804313e-07 -1e-07 0.2220001 11.8125001 1e-07 0 4 16 17 18 19 
2 0.2219998999999991 -1.000000011686097e-07 -1.000000008881784e-07 0.2500001000000009 11.8125001 1.000000008881784e-07 1 1 11 20 21 22 1 23 14 6 10 24 25 -17 
4 0.2499998999999997 0.9062498999999997 -1.000000003330669e-07 5.2500001 2.7500001 1.000000003330669e-07 1 3 5 26 27 -13 -9 -22 
7 0.2499998999999999 2.9999999 -1e-07 1.9032001 8.437500099999999 1e-07 1 5 4 -23 2 3 15 
8 0.2499998999999991 2.749999899999999 -1.000000008881784e-07 2.250000100000001 9.062500100000001 1.000000008881784e-07 1 4 9 -1 9 8 7 -6 -5 -4 -3 -2 
9 0.2499999000000002 2.749999900000001 -1e-07 5.2500001 10.9062501 1e-07 1 2 6 -8 13 12 11 -10 -7 
10 0.2499998999999999 8.437499900000001 -1e-07 1.9032001 8.875000099999999 1e-07 1 6 4 -14 -15 4 5 
$EndEntities
$Nodes
46 1719 1 1719
0 1 0 1
1
0.25 2.75 0
0 2 0 1
2
0.25 3 0
0 3 0 1
3
1.9032 3 0
0 4 0 1
4
1.9032 8.4375 0
0 5 0 1
5
1.9032 8.875 0
0 6 0 1
6
0.25 8.875 0
0 7 0 1
7
0.25 9.0625 0
0 8 0 1
8
2.25 9.0625 0
0 9 0 1
9
2.25 2.75 0
0 10 0 1
10
0.25 10.90625 0
0 11 0 1
11
5.25 10.90625 0
0 12 0 1
12
5.25 2.75 0
0 13 0 1
13
0.25 8.4375 0
0 15 0 1
14
0.222 0 0
0 16 0 1
15
0.222 11.8125 0
0 18 0 1
16
0.25 0 0
0 19 0 1
17
0.25 0.90625 0
0 20 0 1
18
0.25 11.8125 0
0 21 0 1
19
5.25 0.90625 0
1 1 0 1
20
0.25 2.875 0
1 2 0 8
21
22
23
24
25
26
27
28
0.4336888888888885 3 0
0.617377777777777 3 0
0.801066666666666 3 0
0.9847555555555551 3 0
1.168444444444444 3 0
1.352133333333333 3 0
1.535822222222222 3 0
1.719511111111111 3 0
1 3 0 27
29
30
31
32
33
34
35
36
37
38
39
40
41
42
43
44
45
46
47
48
49
50
51
52
53
54
55
1.9032 3.194196428571428 0
1.9032 3.388392857142857 0
1.9032 3.582589285714286 0
1.9032 3.776785714285714 0
1.9032 3.970982142857143 0
1.9032 4.165178571428571 0
1.9032 4.359375 0
1.9032 4.553571428571429 0
1.9032 4.747767857142858 0
1.9032 4.941964285714286 0
1.9032 5.136160714285714 0
1.9032 5.330357142857143 0
1.9032 5.524553571428571 0
1.9032 5.71875 0
1.9032 5.912946428571429 0
1.9032 6.107142857142858 0
1.9032 6.301339285714286 0
1.9032 6.495535714285714 0
1.9032 6.689732142857143 0
1.9032 6.883928571428571 0
1.9032 7.078125 0
1.9032 7.272321428571429 0
1.9032 7.466517857142858 0
1.9032 7.660714285714286 0
1.9032 7.854910714285714 0
1.9032 8.049107142857142 0
1.9032 8.243303571428571 0
1 4 0 2
56
57
1.9032 8.583333333333332 0
1.9032 8.729166666666668 0
1 5 0 8
58
59
60
61
62
63
64
65
1.719511111111111 8.875 0
1.535822222222223 8.875 0
1.352133333333334 8.875 0
1.168444444444445 8.875 0
0.9847555555555557 8.875 0
0.801066666666667 8.875 0
0.6173777777777778 8.875 0
0.4336888888888886 8.875 0
1 7 0 9
66
67
68
69
70
71
72
73
74
2.05 9.0625 0
1.85 9.0625 0
1.65 9.0625 0
1.45 9.0625 0
1.25 9.0625 0
1.05 9.0625 0
0.8500000000000001 9.0625 0
0.6499999999999999 9.0625 0
0.45 9.0625 0
1 8 0 31
75
76
77
78
79
80
81
82
83
84
85
86
87
88
89
90
91
92
93
94
95
96
97
98
99
100
101
102
103
104
105
2.25 2.947265625 0
2.25 3.14453125 0
2.25 3.341796875 0
2.25 3.5390625 0
2.25 3.736328125 0
2.25 3.93359375 0
2.25 4.130859375 0
2.25 4.328125 0
2.25 4.525390625 0
2.25 4.72265625 0
2.25 4.919921875 0
2.25 5.1171875 0
2.25 5.314453125 0
2.25 5.51171875 0
2.25 5.708984375 0
2.25 5.90625 0
2.25 6.103515625 0
2.25 6.30078125 0
2.25 6.498046875 0
2.25 6.6953125 0
2.25 6.892578125 0
2.25 7.08984375 0
2.25 7.287109375 0
2.25 7.484375 0
2.25 7.681640625 0
2.25 7.87890625 0
2.25 8.076171875 0
2.25 8.2734375 0
2.25 8.470703125 0
2.25 8.66796875 0
2.25 8.865234375 0
1 9 0 9
106
107
108
109
110
111
112
113
114
0.45 2.75 0
0.65 2.75 0
0.85 2.75 0
1.05 2.75 0
1.25 2.75 0
1.45 2.75 0
1.65 2.75 0
1.85 2.75 0
2.05 2.75 0
1 10 0 9
115
116
117
118
119
120
121
122
123
0.25 9.246874999999999 0
0.25 9.43125 0
0.25 9.615625 0
0.25 9.800000000000001 0
0.25 9.984375 0
0.25 10.16875 0
0.25 10.353125 0
0.25 10.5375 0
0.25 10.721875 0
1 11 0 24
124
125
126
127
128
129
130
131
132
133
134
135
136
137
138
139
140
141
142
143
144
145
146
147
5.05 10.90625 0
4.85 10.90625 0
4.65 10.90625 0
4.45 10.90625 0
4.25 10.90625 0
4.05 10.90625 0
3.85 10.90625 0
3.65 10.90625 0
3.45 10.90625 0
3.25 10.90625 0
3.05 10.90625 0
2.85 10.90625 0
2.65 10.90625 0
2.45 10.90625 0
2.25 10.90625 0
2.05 10.90625 0
1.85 10.90625 0
1.65 10.90625 0
1.45 10.90625 0
1.25 10.90625 0
1.05 10.90625 0
0.8499999999999996 10.90625 0
0.6500000000000004 10.90625 0
0.4500000000000002 10.90625 0
1 12 0 40
148
149
150
151
152
153
154
155
156
157
158
159
160
161
162
163
164
165
166
167
168
169
170
171
172
173
174
175
176
177
178
179
180
181
182
183
184
185
186
187
5.25 2.948932926829268 0
5.25 3.147865853658537 0
5.25 3.346798780487805 0
5.25 3.545731707317073 0
5.25 3.744664634146341 0
5.25 3.94359756097561 0
5.25 4.142530487804878 0
5.25 4.341463414634147 0
5.25 4.540396341463414 0
5.25 4.739329268292683 0
5.25 4.938262195121951 0
5.25 5.137195121951219 0
5.25 5.336128048780488 0
5.25 5.535060975609756 0
5.25 5.733993902439025 0
5.25 5.932926829268292 0
5.25 6.131859756097561 0
5.25 6.330792682926829 0
5.25 6.529725609756097 0
5.25 6.728658536585366 0
5.25 6.927591463414634 0
5.25 7.126524390243903 0
5.25 7.32545731707317 0
5.25 7.524390243902439 0
5.25 7.723323170731708 0
5.25 7.922256097560975 0
5.25 8.121189024390244 0
5.25 8.320121951219512 0
5.25 8.519054878048781 0
5.25 8.717987804878049 0
5.25 8.916920731707316 0
5.25 9.115853658536585 0
5.25 9.314786585365853 0
5.25 9.513719512195122 0
5.25 9.71265243902439 0
5.25 9.911585365853657 0
5.25 10.11051829268293 0
5.25 10.30945121951219 0
5.25 10.50838414634146 0
5.25 10.70731707317073 0
1 13 0 14
188
189
190
191
192
193
194
195
196
197
198
199
200
201
2.45 2.75 0
2.65 2.75 0
2.85 2.75 0
3.05 2.75 0
3.25 2.75 0
3.45 2.75 0
3.65 2.75 0
3.85 2.75 0
4.05 2.75 0
4.25 2.75 0
4.45 2.75 0
4.65 2.75 0
4.85 2.75 0
5.05 2.75 0
1 14 0 2
202
203
0.25 8.583333333333334 0
0.25 8.729166666666666 0
1 15 0 8
204
205
206
207
208
209
210
211
1.719511111111111 8.4375 0
1.535822222222223 8.4375 0
1.352133333333334 8.4375 0
1.168444444444445 8.4375 0
0.9847555555555557 8.4375 0
0.801066666666667 8.4375 0
0.6173777777777778 8.4375 0
0.4336888888888886 8.4375 0
1 17 0 59
212
213
214
215
216
217
218
219
220
221
222
223
224
225
226
227
228
229
230
231
232
233
234
235
236
237
238
239
240
241
242
243
244
245
246
247
248
249
250
251
252
253
254
255
256
257
258
259
260
261
262
263
264
265
266
267
268
269
270
0.222 0.196875 0
0.222 0.39375 0
0.222 0.590625 0
0.222 0.7875 0
0.222 0.984375 0
0.222 1.18125 0
0.222 1.378125 0
0.222 1.575 0
0.222 1.771875 0
0.222 1.96875 0
0.222 2.165625 0
0.222 2.3625 0
0.222 2.559375 0
0.222 2.75625 0
0.222 2.953125 0
0.222 3.15 0
0.222 3.346875 0
0.222 3.54375 0
0.222 3.740625 0
0.222 3.9375 0
0.222 4.134375 0
0.222 4.33125 0
0.222 4.528125 0
0.222 4.725 0
0.222 4.921875 0
0.222 5.11875 0
0.222 5.315625 0
0.222 5.5125 0
0.222 5.709375 0
0.222 5.90625 0
0.222 6.103125 0
0.222 6.3 0
0.222 6.496875 0
0.222 6.69375 0
0.222 6.890625 0
0.222 7.0875 0
0.222 7.284375 0
0.222 7.48125 0
0.222 7.678125 0
0.222 7.875 0
0.222 8.071875 0
0.222 8.268750000000001 0
0.222 8.465624999999999 0
0.222 8.6625 0
0.222 8.859375 0
0.222 9.05625 0
0.222 9.253125000000001 0
0.222 9.449999999999999 0
0.222 9.646875 0
0.222 9.84375 0
0.222 10.040625 0
0.222 10.2375 0
0.222 10.434375 0
0.222 10.63125 0
0.222 10.828125 0
0.222 11.025 0
0.222 11.221875 0
0.222 11.41875 0
0.222 11.615625 0
1 21 0 4
271
272
273
274
0.25 0.18125 0
0.25 0.3625 0
0.25 0.54375 0
0.25 0.725 0
1 22 0 9
275
276
277
278
279
280
281
282
283
0.25 1.090625 0
0.25 1.275 0
0.25 1.459375 0
0.25 1.64375 0
0.25 1.828125 0
0.25 2.0125 0
0.25 2.196875 0
0.25 2.38125 0
0.25 2.565625 0
1 23 0 27
284
285
286
287
288
289
290
291
292
293
294
295
296
297
298
299
300
301
302
303
304
305
306
307
308
309
310
0.25 3.194196428571428 0
0.25 3.388392857142857 0
0.25 3.582589285714286 0
0.25 3.776785714285714 0
0.25 3.970982142857143 0
0.25 4.165178571428571 0
0.25 4.359375 0
0.25 4.553571428571429 0
0.25 4.747767857142858 0
0.25 4.941964285714286 0
0.25 5.136160714285714 0
0.25 5.330357142857143 0
0.25 5.524553571428571 0
0.25 5.71875 0
0.25 5.912946428571429 0
0.25 6.107142857142858 0
0.25 6.301339285714286 0
0.25 6.495535714285714 0
0.25 6.689732142857143 0
0.25 6.883928571428571 0
0.25 7.078125 0
0.25 7.272321428571429 0
0.25 7.466517857142858 0
0.25 7.660714285714286 0
0.25 7.854910714285714 0
0.25 8.049107142857142 0
0.25 8.243303571428571 0
1 24 0 4
311
312
313
314
0.25 11.0875 0
0.25 11.26875 0
0.25 11.45 0
0.25 11.63125 0
1 26 0 24
315
316
317
318
319
320
321
322
323
324
325
326
327
328
329
330
331
332
333
334
335
336
337
338
0.45 0.90625 0
0.65 0.90625 0
0.85 0.90625 0
1.05 0.90625 0
1.25 0.90625 0
1.45 0.90625 0
1.65 0.90625 0
1.85 0.90625 0
2.05 0.90625 0
2.25 0.90625 0
2.45 0.90625 0
2.65 0.90625 0
2.85 0.90625 0
3.05 0.90625 0
3.25 0.90625 0
3.45 0.90625 0
3.65 0.90625 0
3.85 0.90625 0
4.05 0.90625 0
4.25 0.90625 0
4.45 0.90625 0
4.65 0.90625 0
4.85 0.90625 0
5.05 0.90625 0
1 27 0 9
339
340
341
342
343
344
345
346
347
5.25 1.090625 0
5.25 1.275 0
5.25 1.459375 0
5.25 1.64375 0
5.25 1.828125 0
5.25 2.0125 0
5.25 2.196875 0
5.25 2.38125 0
5.25 2.565625 0
2 2 0 0
2 4 0 255
348
349
350
351
352
353
354
355
356
357
358
359
360
361
362
363
364
365
366
367
368
369
370
371
372
373
374
375
376
377
378
379
380
381
382
383
384
385
386
387
388
389
390
391
392
393
394
395
396
397
398
399
400
401
402
403
404
405
406
407
408
409
410
411
412
413
414
415
416
417
418
419
420
421
422
423
424
425
426
427
428
429
430
431
432
433
434
435
436
437
438
439
440
441
442
443
444
445
446
447
448
449
450
451
452
453
454
455
456
457
458
459
460
461
462
463
464
465
466
467
468
469
470
471
472
473
474
475
476
477
478
479
480
481
482
483
484
485
486
487
488
489
490
491
492
493
494
495
496
497
498
499
500
501
502
503
504
505
506
507
508
509
510
511
512
513
514
515
516
517
518
519
520
521
522
523
524
525
526
527
528
529
530
531
532
533
534
535
536
537
538
539
540
541
542
543
544
545
546
547
548
549
550
551
552
553
554
555
556
557
558
559
560
561
562
563
564
565
566
567
568
569
570
571
572
573
574
575
576
577
578
579
580
581
582
583
584
585
586
587
588
589
590
591
592
593
594
595
596
597
598
599
600
601
602
2.537662577531157 2.572646961268751 0
3.751460329172907 2.575533246116925 0
1.95 2.576794919243112 0
3.149993640293693 1.079507203337005 0
1.351194058240762 2.576043270052572 0
4.350550518414485 2.577206742581927 0
5.096949611966087 1.727364193008418 0
0.4272285539517715 1.756202912061772 0
4.151520278436031 1.079579013155898 0
1.74899151251631 1.079910939173166 0
2.352321527528581 1.07795430418077 0
3.14996458672552 2.576734908907508 0
1.151955928196568 1.085363662302141 0
3.75009078079826 1.079442483819034 0
4.550776424436789 1.078942897093619 0
0.947672686699379 2.576578475551025 0
2.753486805193656 1.078480455085199 0
0.4063201195466815 2.113966730936862 0
5.096116344178509 2.119441561084391 0
0.7546105333147288 1.088302160742056 0
5.090326566177245 1.3671875 0
4.75 2.576794919243113 0
0.4024888239477091 1.36445123649331 0
0.5589363611316882 2.573259751364878 0
5.103743235388925 2.469823137007515 0
4.956644908646412 1.090379802914314 0
4.751122544531519 1.080182612229522 0
4.65081809362689 1.249795110499985 0
4.453054906924814 1.25068680560703 0
4.552610644005616 1.420200740189569 0
4.35565550619595 1.421483619244058 0
4.454697973335388 1.591069711489959 0
4.258136163690549 1.592337838368444 0
4.357503976197723 1.762089520915885 0
4.160393038215495 1.763500236251783 0
4.260030943236869 1.927192834182579 0
4.06232759086738 1.927663715299458 0
3.962509340819337 1.763080513783141 0
3.864053284740617 1.927850507043847 0
3.763873730908814 1.764325320432071 0
3.665326580152896 1.933457767599521 0
3.564863546402685 1.765990510727244 0
3.466069200574763 1.930719506897058 0
3.36552259394931 1.766404802476095 0
3.266600669587575 1.931153275365369 0
3.165995519057462 1.767656214028265 0
3.066997067261 1.936792251572706 0
2.966250851780472 1.768901839489178 0
2.867188128868738 1.933928316524742 0
2.766416210209702 1.768274226808806 0
2.667369023401337 1.941605816486005 0
2.566538272585483 1.770110674167007 0
2.46747749740514 1.94389440771227 0
2.366617548419676 1.771470900780262 0
2.267545145397718 1.945219482304394 0
2.166672042992178 1.772602724558941 0
2.067588878707308 1.946301182246452 0
1.966747215271844 1.774516369995389 0
1.867729291851612 1.94743221299741 0
1.766425475377954 1.776112313750489 0
1.667950126464962 1.948469311627895 0
1.566748210045158 1.776604084161686 0
1.468478915141002 1.941084253353204 0
1.368081233794068 1.776507539034608 0
1.269800262262379 1.940039772223374 0
1.169514597935326 1.778532663576622 0
1.072505821618304 1.941390918665685 0
4.456778525005675 1.931037990258054 0
1.46399538278545 1.605896596778349 0
2.062717176112809 1.601108709578116 0
3.459964778828905 1.596199153920513 0
0.9737104674567338 1.779443782984062 0
1.069465881300879 1.610737099990358 0
0.8751179513992271 1.6125692661666 0
3.959622803522599 2.102938518780656 0
3.360065456718862 2.104097062443578 0
2.465693707991704 1.597855315761933 0
2.864249717715872 1.597591551027409 0
2.768411140670787 2.117603342650547 0
3.860781658606645 1.595251699975831 0
2.168462934646159 2.118952006779956 0
1.575391002942033 2.106655428376601 0
0.8774109310638989 1.941476046717465 0
1.161790455076902 2.111131715504064 0
4.650792905422083 1.590109926274763 0
4.366767429130713 2.087574193929964 0
4.556816959518295 2.092841916015864 0
0.9699438353342718 1.443875051482827 0
4.652108733553766 1.930252939973312 0
1.163697645016127 1.43767345876307 0
4.157464089523623 1.42301113161967 0
0.7767211531588636 1.445499593264646 0
4.746420864034144 2.095879024283804 0
4.655138974661357 2.268030949955233 0
4.851532409424604 2.256406886634859 0
4.846746378999727 1.929117952663126 0
0.6896834507648895 1.619909318960778 0
0.8717254140839743 1.27676392985266 0
0.6776777502290834 1.278242571406419 0
0.5484212849932399 1.095580246959744 0
4.745234748565538 1.762303785051131 0
4.837225319061976 1.256872308692576 0
0.9500000000000002 1.092271770821733 0
4.745857717727113 1.421361648732237 0
4.828208617035225 1.604278269324818 0
0.7792800553154196 1.782874114786536 0
0.6917077703131524 1.937008672839638 0
0.765590424541656 2.111865655466707 0
0.7504476075527533 2.577493402269567 0
0.6519122694993893 2.413643592465164 0
0.4680773507018392 2.402964531121622 0
0.5724637647717516 2.236504246722637 0
0.5765537776281713 1.451807348106468 0
4.550003716883776 2.583039231989119 0
4.449997893199944 2.405508326005242 0
4.244378801893351 2.408954727168676 0
0.8470892197809865 2.413673085900462 0
1.047491875192559 2.412873118581799 0
0.9560890789448067 2.240616047421726 0
4.35199232812303 1.07897953707692 0
4.552852810346695 1.761143978993851 0
1.15003413556339 2.57777762216513 0
1.251294201675215 2.413971577971726 0
1.448375728057593 2.409931883455934 0
1.326890861304783 2.250600966068595 0
4.150020705059657 2.577510436958292 0
4.051495818696173 2.411266231121989 0
4.12485786073235 2.247458520164179 0
3.951151230376194 2.577660027508172 0
3.852703986252769 2.410936927526531 0
3.652726261030514 2.402799282317404 0
3.754172197734552 2.228410454327059 0
3.522717844698232 2.245856495320977 0
3.445756858155239 2.412976111154589 0
1.349848312097093 1.080143923978728 0
1.256512307761403 1.26111261828293 0
1.453529258998794 1.257308454297261 0
1.54997040759945 1.080492511843815 0
1.650312991048805 1.255504990068072 0
1.848313218504131 1.254200155394128 0
1.752472892115443 1.429369304945945 0
1.956976195446116 1.428810188862133 0
2.053361703159293 1.252874783448704 0
3.950278632793363 1.079430379906839 0
3.852287750169319 1.252597937784595 0
3.650610160473137 1.251550371807441 0
3.756805178930103 1.423979566211775 0
4.055175196882663 1.252149851889246 0
3.550231980770441 1.079352605047619 0
3.450269029952476 1.251463785895466 0
3.350053675178717 1.07927428851005 0
3.249983545993346 1.252421446552294 0
3.052271917994118 1.252057851462205 0
3.156647292297702 1.426485438657401 0
3.353896205789026 1.424834049220888 0
1.968554639871597 2.11996925082169 0
2.069341404540116 2.28459812768319 0
2.269335587626227 2.290283719069121 0
1.869383096266807 2.289066606112243 0
2.165663043532438 2.467155315275774 0
2.375047268998026 2.457441055321678 0
2.469320617193282 2.290595557310381 0
2.265238115744818 1.599123235330222 0
2.362422898754028 1.424704029392337 0
2.564403738987294 1.42499853180481 0
2.462176327031918 1.251520389792847 0
2.164874137658122 1.426382029879627 0
2.368413556379504 2.117628080965754 0
2.747934674635983 2.576104413263822 0
2.658728395920624 2.411265409624087 0
2.851099335762723 2.412442727911593 0
2.949833098921921 2.578144563195614 0
3.05010215901128 2.405276879742681 0
2.9228836508482 2.251919989096948 0
3.149881913364262 2.230416050321701 0
3.249160262830887 2.412707957349394 0
3.349375547299141 2.578699863165411 0
3.5498864992763 2.578334750459055 0
2.15094831633921 1.078621722238153 0
1.950006667347388 1.079451231362078 0
1.731467229829351 2.585291679074976 0
2.558198968307104 2.110993758189944 0
2.665610860983411 1.596979554451494 0
2.762057043977348 1.425038145668659 0
2.952108097811031 1.078493032453123 0
1.76972901753576 2.117610896142474 0
1.680490420928466 2.278413333581729 0
1.266711867070061 1.607707291090704 0
1.359924970788517 1.434013370262314 0
5.103920496383868 2.292231396025048 0
4.060363727048125 1.593882260377062 0
0.4092672754555036 1.950822011094874 0
0.4063181679952486 1.553222749443592 0
5.054626049152025 1.92553988611347 0
5.098781136702639 1.545480965141447 0
4.254143717681019 1.250981659765471 0
0.611359079214802 1.776478130251853 0
1.541380651215756 2.584997875227268 0
1.661770411338137 1.604754372588304 0
2.255488679817995 1.25113539209311 0
2.555334877921895 1.079313473423946 0
2.659059169416139 1.251293946768298 0
1.861184894277051 1.602445209953396 0
3.95714626686008 1.423478741309697 0
3.06390916760592 1.599555202144344 0
3.659469527310366 1.594179713159432 0
3.262139803372059 1.59790482657827 0
3.555169146880669 1.423701106702586 0
1.060639188398724 1.266176748584227 0
2.856023358234645 1.252030715307756 0
4.951375364566994 2.573250250262981 0
1.557000984512525 1.431141181490041 0
2.959193082970934 1.425459817377962 0
5.108083320234239 1.188743710703097 0
4.934789394409402 1.44066947710237 0
4.921955688424108 1.776685158050511 0
0.3938057129862744 1.188810163337131 0
4.926231788952337 2.088577160770117 0
4.806396476225339 2.41574306836677 0
4.642307412194083 2.449823299111895 0
4.466975717530127 2.222809692726419 0
0.3905698086590417 2.264839971164956 0
0.5694702468300274 2.059640286190682 0
0.7586289515077183 2.28326052559534 0
4.166822778095177 2.073467234302614 0
3.948570533387689 2.280202130384083 0
0.9666773422491135 2.069296076755129 0
3.761939006339393 2.05171462158211 0
3.345516467153496 2.281210735318048 0
3.162272217181703 2.054353083277074 0
1.148711294438853 2.285838685109582 0
3.588381714369783 2.082375984695051 0
2.989605686365782 2.08750217224062 0
0.5343947124675643 1.640567495773868 0
2.761864899598982 2.289573362659576 0
2.329568201197812 2.60942686667199 0
2.14904624894605 2.630675420238175 0
1.964805582970009 2.407189702931936 0
0.4008543311200321 2.548264463738264 0
1.80223220352691 2.429246109954021 0
1.375211634719549 2.083552914718843 0
0.5197894699568959 1.275778313260614 0
4.304699549995744 2.250332382822931 0
1.503934423186542 2.261312490830305 0
1.617980109457437 2.424865562020706 0
5.121023719991184 2.621739677454099 0
4.979088851017925 1.643749999999998 0
5.118457135540269 1.037074461329873 0
0.3784453995959027 1.037503082059375 0
4.969816466647214 2.373191519859009 0
4.987746842537198 1.271544709759407 0
0.5418065851530511 1.896030402487764 0
4.985496961432593 2.222079511630061 0
2.612829748078471 2.261954915495267 0
2.514564158221202 2.420608551141464 0
2 7 0 254
603
604
605
606
607
608
609
610
611
612
613
614
615
616
617
618
619
620
621
622
623
624
625
626
627
628
629
630
631
632
633
634
635
636
637
638
639
640
641
642
643
644
645
646
647
648
649
650
651
652
653
654
655
656
657
658
659
660
661
662
663
664
665
666
667
668
669
670
671
672
673
674
675
676
677
678
679
680
681
682
683
684
685
686
687
688
689
690
691
692
693
694
695
696
697
698
699
700
701
702
703
704
705
706
707
708
709
710
711
712
713
714
715
716
717
718
719
720
721
722
723
724
725
726
727
728
729
730
731
732
733
734
735
736
737
738
739
740
741
742
743
744
745
746
747
748
749
750
751
752
753
754
755
756
757
758
759
760
761
762
763
764
765
766
767
768
769
770
771
772
773
774
775
776
777
778
779
780
781
782
783
784
785
786
787
788
789
790
791
792
793
794
795
796
797
798
799
800
801
802
803
804
805
806
807
808
809
810
811
812
813
814
815
816
817
818
819
820
821
822
823
824
825
826
827
828
829
830
831
832
833
834
835
836
837
838
839
840
841
842
843
844
845
846
847
848
849
850
851
852
853
854
855
856
1.0766 8.278420755829284 0
1.083308558316172 3.155447274149515 0
0.4181812107997902 4.844879929463707 0
1.735020959532933 5.427455357142858 0
1.73494279633543 6.592409631249261 0
1.733214054985008 4.066799361238401 0
0.4199060581602962 6.009095231732237 0
1.73492324545797 7.175512565984186 0
0.4181790404670669 6.786830357142858 0
1.733585251418846 4.650424940809971 0
0.4195204590194086 4.260625288826208 0
0.4200740077361482 7.370766485210368 0
0.4181824330540693 5.42744703179158 0
1.735020853780239 6.010045143524962 0
1.742995058626871 7.753739017282479 0
0.417565871757879 3.678647282826259 0
0.4197938050177235 6.394831934040494 0
1.735118448381568 3.678659597950488 0
0.4180276904883606 7.758884264003643 0
1.734592476082744 5.039030639073792 0
1.451714619099552 8.282758897589586 0
0.7055357222925012 3.153025008781215 0
1.444717949904434 3.146353504018787 0
0.7078259120439543 8.290056716253327 0
1.726597493170934 8.135503424768697 0
0.4316419285806159 3.285228564023215 0
0.4316645045475656 8.15227182426157 0
1.721535495452435 3.28522817573843 0
0.4195274432575831 3.484114550559179 0
0.5843049893607235 3.581441198077933 0
0.5851692740729164 3.773851283580356 0
0.7511302851347943 3.676200207007613 0
0.7527367254683446 3.868255234679643 0
0.9182674461687392 3.770653693589185 0
0.9200329074674594 3.962873610238437 0
1.084025550150982 3.86512843255971 0
1.087271351146788 4.057635473112143 0
0.9215075297556472 4.155511559781813 0
1.089348201343217 4.250559823625339 0
0.9231741480114293 4.348622728335721 0
1.09043386842733 4.442451048550335 0
0.9245950862472454 4.541924727351273 0
1.090134567288666 4.639250125183597 0
0.9256847304192799 4.736116626656117 0
1.092326830627246 4.835116541188606 0
0.9273023284614179 4.930442259336561 0
1.096053576080396 5.026049899931333 0
0.9293080451411697 5.12383251849862 0
1.098156655068007 5.219488925214044 0
0.9294472263700353 5.319741624074344 0
1.099674330091927 5.413792328753448 0
0.9297051197770345 5.514261540497316 0
1.101103573418207 5.608024523589961 0
0.9314472935810931 5.707552643517534 0
1.098585433753976 5.802087391879843 0
0.9334147425652932 5.900589374891433 0
1.097500083881594 5.999800916536614 0
0.9346820962055999 6.095163845055815 0
1.102835720949277 6.19459723394865 0
0.9382497942552097 6.289490803129182 0
1.103086359871264 6.385194171323049 0
0.9400086897716917 6.483100265545445 0
1.1022764985397 6.582695473082869 0
0.9412507665351435 6.677771220737698 0
1.107947411918233 6.777476026336797 0
0.9396568817333797 6.871976588907278 0
1.106946469748764 6.967781158068553 0
0.9404180156432558 7.065455147735049 0
1.105466864915343 7.1654941186066 0
0.9427331201110953 7.260110969724648 0
1.111620374068723 7.360057262314076 0
0.9466697113859177 7.453801696812066 0
1.118195075619928 7.548452344802044 0
0.947339458985623 7.646249395240155 0
1.117995948747114 7.740906538231815 0
1.251450727607031 4.345596376042435 0
1.255712096262608 5.708126955370273 0
1.256780106964561 6.295291171196514 0
1.259605468694872 6.878754765716195 0
1.274194063893745 7.461705662743989 0
1.081282064589169 3.673057109946284 0
0.9492155879210402 7.837945410680377 0
1.250960603465429 3.95952730265875 0
1.255434343961532 4.934113609184424 0
1.267206724106171 5.314918924118743 0
0.7682499447031983 7.166908259731999 0
0.7710316505152521 7.55467822284522 0
0.7607880907543327 5.807885384856492 0
0.7577381550574769 5.22761836126277 0
0.7571080747755541 4.641338807917752 0
0.7737537656143889 6.581360293895691 0
0.7650213413362283 6.193629122113207 0
1.120428953565362 7.929829824935764 0
1.284545625956189 7.836164605042087 0
0.7519165342930243 3.488613758210836 0
0.5871299863591304 3.966474482510204 0
0.7555729764550345 4.254583967381757 0
0.9619472349678042 8.016602014023864 0
0.7731259423927765 7.936994829898713 0
1.272471368603779 8.036593417102118 0
1.448727656554226 7.959861493496222 0
1.441177450567636 7.746694497888772 0
1.746166785432891 7.940446808173691 0
1.733505664138863 3.484118915415898 0
1.568369423455071 3.581240347000813 0
1.567942562190793 3.772541548330366 0
1.404502521931925 3.673225654290112 0
1.400798718950885 3.490874782446664 0
0.4196469525791988 7.953388265226064 0
0.6031488409176302 8.033178196099861 0
1.552767648385458 3.401592259472441 0
0.5937064426830005 7.848338674429293 0
0.5876610613631006 7.661818897221359 0
0.5937470167938126 3.402107673305843 0
0.9165218661868528 3.578963962095477 0
1.087222760988889 3.465798426532113 0
0.9059557405495426 3.384236983715158 0
1.732989344414457 3.872627713367002 0
1.568458006526836 3.964612786194166 0
1.567899449129039 4.158602332668066 0
1.732675556772596 4.260459853689013 0
1.567445114499427 4.353937175980518 0
0.4202418669802572 7.564924218179396 0
0.5921858603355159 7.464234679582918 0
0.5912556001632456 7.272298940906846 0
0.4216705199264541 7.175940157787337 0
0.5921933709117106 7.076767191076425 0
0.7637176252434035 6.97049072631117 0
0.7663924614327295 7.745885527490117 0
0.7669407289362078 7.35996352004397 0
1.739002296272182 7.559230806762887 0
1.735796127249392 7.368993831362143 0
1.572558248600027 7.272862507513539 0
1.569012872547887 7.080985133468354 0
1.416828535629864 7.177692921331538 0
1.58206007686028 7.462100182488493 0
1.735120824995841 6.98164262462329 0
1.567646012478811 6.8843369335389 0
0.4187105207479576 3.872172533937046 0
0.4192538552068759 4.065401256672339 0
1.731382263650126 4.455189287729089 0
1.566788171439072 4.55184723030654 0
1.565924395388678 4.74504656821464 0
1.409693385164378 4.643323298581973 0
0.7721267628692272 6.775464085926421 0
0.5990913042796939 6.681384698780662 0
0.5942637269432804 6.487828940447383 0
1.732640923825375 4.844538794551779 0
1.571249999077 4.939013504128383 0
1.572820745864219 5.133210390713994 0
0.4203644207762149 6.978637158375041 0
1.735087315945618 6.786844639359995 0
1.570312468356728 6.686630345130528 0
1.568919570866394 6.496661116103392 0
1.413439499544052 6.590338649632378 0
1.735790144349753 5.232780116012607 0
1.572245283085868 5.324257321189519 0
1.572402117649292 5.517980062288679 0
0.4218879794512942 6.589357297925709 0
0.5857010723132556 6.290997682337705 0
0.4181782193977477 5.039054970141185 0
0.5863518793897442 4.941964285714284 0
0.5863436915287199 4.747792779603129 0
0.5874405282758475 5.134181734014849 0
0.4180707219186184 4.650480417037587 0
0.4182735223283878 4.455961037706136 0
0.5873953291669549 4.355907585145713 0
0.4183607426674985 5.232926455542863 0
0.5870978398606939 5.329029192357988 0
0.5859671096114178 5.523444902760481 0
0.7569035689190151 5.421743385151887 0
0.4181169038426655 5.621458217136643 0
0.5868159039640748 5.716321615997719 0
0.4185337302610463 5.81525340316323 0
0.591412582402584 5.908152155474649 0
0.764512820537703 6.001147402394648 0
1.735123681258499 6.204182173935179 0
1.569751028711984 6.104283101920952 0
1.568431481063081 5.914383193323855 0
1.411294260706698 6.007490459194988 0
1.735304605935041 5.816121213350327 0
1.261222057827329 5.509778622121188 0
0.7595372024116116 5.029590633957444 0
1.258002057081595 5.125344029826127 0
1.736008734494333 5.620625829973372 0
0.7661663983723428 6.387734517911436 0
1.571758218143179 5.716856682059693 0
1.569586194704418 6.300599073838135 0
1.735577055859393 6.398443695039235 0
1.25063316273167 4.15243007987246 0
0.7582374316966449 4.836062554863624 0
1.263114611719132 8.245363555299612 0
0.8953977734425451 3.186525111132527 0
1.261530343962693 3.155656701544254 0
0.8920222546964558 8.288409575457504 0
0.7545949509064311 4.060384772234388 0
1.277875133683076 7.649755726132661 0
0.5861564588328281 4.551639486637862 0
0.7556670122481748 4.449002883795013 0
1.178942168266529 3.302493709933191 0
0.587244592852306 4.160562892128435 0
0.5942787540912198 6.878262369602096 0
0.4211931675755753 6.200811920490644 0
1.246591220731622 3.583417867717803 0
0.5964178167778731 6.101043300912119 0
0.7586045144344948 5.615201578796905 0
0.7908232122274299 8.130872999815422 0
1.245475095309131 3.768871303924981 0
1.377638741713954 3.311796129899471 0
1.251811091986931 4.541445529159393 0
1.624658381357379 8.28614312224745 0
1.541507954124447 8.129152518364986 0
0.5305069661516373 3.138098666774791 0
0.5308925612733217 8.300334717292678 0
1.622198082384744 3.136983652752675 0
1.406815850735594 3.863645009560237 0
1.117736384802615 8.111632612246398 0
1.409541997118902 5.813632520848233 0
1.4080810971333 4.056741862180253 0
1.412510961915719 6.39175090360233 0
1.413902753873064 6.975774193088856 0
1.409595855407967 4.253019373959556 0
1.410207350159335 4.448941569626555 0
1.412105020494754 4.842657695889678 0
1.412625412808254 5.21871582890768 0
1.413706263214559 5.032175843108381 0
1.251436140499546 4.743368686571541 0
1.414274991620311 5.412944252492527 0
1.413878832893918 5.610828211025856 0
0.7493644480967934 3.313423805159252 0
1.255656400997869 5.907527835511903 0
1.256645539789143 6.098700247741204 0
1.258929957462256 6.49056787822161 0
1.412761348798754 6.19968582624902 0
1.260078352465589 6.681667224408388 0
1.589157759021564 7.656871616141548 0
1.595110639419026 7.842029916415238 0
1.414164092568853 6.782917018585874 0
1.265294276928451 7.266371406310589 0
1.261340728298393 7.071978093853722 0
1.431542302729019 7.562876927836044 0
1.423746250773564 7.367268268037365 0
1.391410221581839 8.135536589676093 0
1.260013689391842 3.430692070286183 0
1.030165400312736 3.298900301092501 0
0.3808797672648963 3.13077903007079 0
1.771338460636094 8.302549927385114 0
1.772282512076898 3.130697732526557 0
0.3809095173442456 8.306789029138557 0
0.9847555555555541 8.16873983111863 0
1.604829531201985 7.996344690752117 0
0.6129359400061349 3.255388355229432 0
1.540263254982168 3.255370164143939 0
0.6129367450178345 8.18212983585606 0
2 8 0 46
857
858
859
860
861
862
863
864
865
866
867
868
869
870
871
872
873
874
875
876
877
878
879
880
881
882
883
884
885
886
887
888
889
890
891
892
893
894
895
896
897
898
899
900
901
902
2.056904838200292 8.821775445895371 0
2.02949537138523 8.510416666666666 0
2.07596779112365 6.399402788998978 0
2.067124103458281 8.348687372826994 0
2.075686099727469 6.007846899175865 0
2.076930209846186 6.595244546974167 0
2.07708483108029 6.79116122690814 0
2.076370353489402 5.812701470336906 0
2.077714789470746 6.987886167257622 0
2.076695172928468 5.616590011940174 0
2.070517650597547 8.156945019060927 0
2.075401925235489 7.18167400444906 0
2.072223105018698 5.231638447276136 0
2.072892208307598 7.567367954519646 0
2.071379040467067 5.0390625 0
2.076342315141853 6.203338117671998 0
2.072316819235 7.759924196432523 0
2.07206104528775 4.842820308471421 0
2.072834556744471 7.957443590663924 0
2.071582290932313 4.648268812748532 0
2.066250850143595 3.097098214285716 0
2.071562297015581 4.452717648586004 0
2.07114749590074 4.258066098024279 0
2.070727628221833 4.063469188716248 0
2.075886379657861 5.421551841417005 0
2.070326366271987 3.868875598240437 0
2.069945147872699 3.674282209345784 0
2.070729042061287 3.476970257160762 0
2.070033985623977 3.283289378822771 0
2.075782355590515 7.376560936613831 0
2.028819729269038 8.65953201876034 0
2.042171196768606 2.903000125083412 0
0.5411845933562431 2.876044355789742 0
0.3744004276051776 2.873330376702087 0
0.7254233581519665 2.877372072137796 0
2.021312331274358 8.933743225434263 0
2.140338216623975 8.600636270537191 0
0.9146409300623648 2.877971292681402 0
1.811355555555556 2.888884017777778 0
1.104688303158542 2.878271729027147 0
1.614458049886621 2.88538369031998 0
1.29487397645235 2.87834499977613 0
1.449457516378905 2.902745738019222 0
2.139474237216592 8.72693004325993 0
2.144264837865199 8.958504003012363 0
0.3459222222222222 8.96875 0
2 9 0 797
903
904
905
906
907
908
909
910
911
912
913
914
915
916
917
918
919
920
921
922
923
924
925
926
927
928
929
930
931
932
933
934
935
936
937
938
939
940
941
942
943
944
945
946
947
948
949
950
951
952
953
954
955
956
957
958
959
960
961
962
963
964
965
966
967
968
969
970
971
972
973
974
975
976
977
978
979
980
981
982
983
984
985
986
987
988
989
990
991
992
993
994
995
996
997
998
999
1000
1001
1002
1003
1004
1005
1006
1007
1008
1009
1010
1011
1012
1013
1014
1015
1016
1017
1018
1019
1020
1021
1022
1023
1024
1025
1026
1027
1028
1029
1030
1031
1032
1033
1034
1035
1036
1037
1038
1039
1040
1041
1042
1043
1044
1045
1046
1047
1048
1049
1050
1051
1052
1053
1054
1055
1056
1057
1058
1059
1060
1061
1062
1063
1064
1065
1066
1067
1068
1069
1070
1071
1072
1073
1074
1075
1076
1077
1078
1079
1080
1081
1082
1083
1084
1085
1086
1087
1088
1089
1090
1091
1092
1093
1094
1095
1096
1097
1098
1099
1100
1101
1102
1103
1104
1105
1106
1107
1108
1109
1110
1111
1112
1113
1114
1115
1116
1117
1118
1119
1120
1121
1122
1123
1124
1125
1126
1127
1128
1129
1130
1131
1132
1133
1134
1135
1136
1137
1138
1139
1140
1141
1142
1143
1144
1145
1146
1147
1148
1149
1150
1151
1152
1153
1154
1155
1156
1157
1158
1159
1160
1161
1162
1163
1164
1165
1166
1167
1168
1169
1170
1171
1172
1173
1174
1175
1176
1177
1178
1179
1180
1181
1182
1183
1184
1185
1186
1187
1188
1189
1190
1191
1192
1193
1194
1195
1196
1197
1198
1199
1200
1201
1202
1203
1204
1205
1206
1207
1208
1209
1210
1211
1212
1213
1214
1215
1216
1217
1218
1219
1220
1221
1222
1223
1224
1225
1226
1227
1228
1229
1230
1231
1232
1233
1234
1235
1236
1237
1238
1239
1240
1241
1242
1243
1244
1245
1246
1247
1248
1249
1250
1251
1252
1253
1254
1255
1256
1257
1258
1259
1260
1261
1262
1263
1264
1265
1266
1267
1268
1269
1270
1271
1272
1273
1274
1275
1276
1277
1278
1279
1280
1281
1282
1283
1284
1285
1286
1287
1288
1289
1290
1291
1292
1293
1294
1295
1296
1297
1298
1299
1300
1301
1302
1303
1304
1305
1306
1307
1308
1309
1310
1311
1312
1313
1314
1315
1316
1317
1318
1319
1320
1321
1322
1323
1324
1325
1326
1327
1328
1329
1330
1331
1332
1333
1334
1335
1336
1337
1338
1339
1340
1341
1342
1343
1344
1345
1346
1347
1348
1349
1350
1351
1352
1353
1354
1355
1356
1357
1358
1359
1360
1361
1362
1363
1364
1365
1366
1367
1368
1369
1370
1371
1372
1373
1374
1375
1376
1377
1378
1379
1380
1381
1382
1383
1384
1385
1386
1387
1388
1389
1390
1391
1392
1393
1394
1395
1396
1397
1398
1399
1400
1401
1402
1403
1404
1405
1406
1407
1408
1409
1410
1411
1412
1413
1414
1415
1416
1417
1418
1419
1420
1421
1422
1423
1424
1425
1426
1427
1428
1429
1430
1431
1432
1433
1434
1435
1436
1437
1438
1439
1440
1441
1442
1443
1444
1445
1446
1447
1448
1449
1450
1451
1452
1453
1454
1455
1456
1457
1458
1459
1460
1461
1462
1463
1464
1465
1466
1467
1468
1469
1470
1471
1472
1473
1474
1475
1476
1477
1478
1479
1480
1481
1482
1483
1484
1485
1486
1487
1488
1489
1490
1491
1492
1493
1494
1495
1496
1497
1498
1499
1500
1501
1502
1503
1504
1505
1506
1507
1508
1509
1510
1511
1512
1513
1514
1515
1516
1517
1518
1519
1520
1521
1522
1523
1524
1525
1526
1527
1528
1529
1530
1531
1532
1533
1534
1535
1536
1537
1538
1539
1540
1541
1542
1543
1544
1545
1546
1547
1548
1549
1550
1551
1552
1553
1554
1555
1556
1557
1558
1559
1560
1561
1562
1563
1564
1565
1566
1567
1568
1569
1570
1571
1572
1573
1574
1575
1576
1577
1578
1579
1580
1581
1582
1583
1584
1585
1586
1587
1588
1589
1590
1591
1592
1593
1594
1595
1596
1597
1598
1599
1600
1601
1602
1603
1604
1605
1606
1607
1608
1609
1610
1611
1612
1613
1614
1615
1616
1617
1618
1619
1620
1621
1622
1623
1624
1625
1626
1627
1628
1629
1630
1631
1632
1633
1634
1635
1636
1637
1638
1639
1640
1641
1642
1643
1644
1645
1646
1647
1648
1649
1650
1651
1652
1653
1654
1655
1656
1657
1658
1659
1660
1661
1662
1663
1664
1665
1666
1667
1668
1669
1670
1671
1672
1673
1674
1675
1676
1677
1678
1679
1680
1681
1682
1683
1684
1685
1686
1687
1688
1689
1690
1691
1692
1693
1694
1695
1696
1697
1698
1699
2.417527876754389 4.419852578584391 0
2.417998719232278 5.209618806012527 0
2.418299768529026 5.999259972177121 0
2.418574028814016 6.788923670545286 0
2.419336118005318 7.578569179607197 0
2.420692893444375 8.371227019573348 0
5.099575892131018 9.232752542132436 0
5.077719031716663 4.838795731707317 0
5.088722898746511 5.622788881342196 0
5.088598987914269 6.418020673134038 0
5.092452864663743 7.219581633621302 0
5.086809789003457 8.021729490252261 0
3.55 10.73304491924311 0
3.742805449280125 2.916969458162147 0
5.094758710332528 4.040782115718864 0
4.150077730519873 10.732993525481 0
5.092769584496034 8.609690251543956 0
2.420887409011691 8.963843595654748 0
2.96221097632381 10.74233898937186 0
2.417053477206567 3.827300731521963 0
5.089269511010743 9.795598547918257 0
2.420868214814683 9.161178909301318 0
2.591884123506079 9.062510348246605 0
1.92893613195799 9.242017062753984 0
1.349575394986608 10.73296418082314 0
2.349883209379799 10.73304318368063 0
2.591894325146767 9.260046948164479 0
2.763068396195783 9.161272465733211 0
0.3952164988547104 9.91377038582521 0
4.353489759696855 2.921715309019571 0
1.333346555351703 9.243272606833926 0
2.762931005233536 9.358783373564425 0
2.93429830335525 9.259960510403019 0
2.934325723520073 9.062279201927455 0
3.105604243237042 9.160883925126427 0
3.105651071448619 8.963151172552065 0
3.277080925285658 9.061972991243335 0
3.277048953863137 8.864011045074044 0
3.448612789342204 8.96307053194792 0
3.448537706453935 8.764955378034561 0
3.448237756745931 9.161190406239898 0
3.620150614615336 8.863970249400905 0
3.620061113296738 8.66585468334614 0
3.448443930723379 8.566861592826768 0
3.619944940730089 8.467734480317709 0
2.93307998447719 9.458115390021185 0
3.149720665374961 2.923134443080273 0
3.44833250079139 8.368792938815737 0
3.619832176675992 8.269629507917047 0
2.590199934972484 9.457918857053867 0
3.791487094476789 8.368585375454394 0
3.790835297434072 8.170429703166748 0
3.619606562072675 8.071494151166432 0
3.790899968323764 7.97227347566767 0
3.619467772612343 7.873340422014931 0
3.79048940302399 7.774138288689871 0
3.61927809548387 7.675222558039721 0
3.790357765403522 7.576016622088763 0
3.619149683262609 7.477053601844974 0
3.790207342990155 7.377895209654671 0
3.619003825195145 7.278921158364124 0
3.790121776152775 7.179784934137618 0
3.618847322053105 7.080845107196629 0
3.789975676717723 6.981690066560965 0
3.618695756090637 6.882754559249818 0
3.789890573434532 6.783598513927729 0
3.618548432818594 6.684701301799554 0
3.789747092305991 6.585516251187523 0
3.618398033341585 6.486621569080808 0
3.789666481640627 6.387433015252371 0
3.618257541474568 6.288539127468249 0
3.789525389196683 6.189350805642779 0
3.61810816316681 6.090457769593804 0
3.789441554503306 5.991270147770529 0
3.61798411451668 5.892360763163948 0
3.789303047431541 5.793188163551366 0
3.617829780212018 5.694282355961075 0
3.789217736046758 5.595109777542768 0
3.617676179356534 5.49619253939518 0
3.789075974708486 5.397029824017173 0
3.617522437589512 5.298111021972843 0
3.788982474791998 5.198948207231934 0
3.617373319124261 5.100026796523082 0
3.788833771744032 5.000865732684789 0
3.617213248469941 4.901931280999603 0
3.788698945377175 4.8027544833308 0
3.617056480734987 4.703838099748348 0
3.788545503833769 4.604633358973302 0
3.616636309340619 4.505684271765957 0
3.788390301414832 4.40644120493991 0
3.616366118672613 4.3074142301151 0
3.788355115180157 4.208168072132507 0
3.616443527221608 4.109045281360611 0
3.78838495798502 4.009658922742268 0
3.961824895108606 7.678085516863194 0
3.96160713839109 6.885047020037899 0
3.961270446445522 6.091032845404686 0
3.960810187953955 5.298283175993983 0
3.960201193498047 4.505431591245455 0
3.961953085314776 8.270148249933484 0
3.447463857618479 7.180060191817849 0
3.446588611259663 6.387287779371758 0
3.445884773245342 5.594978309954215 0
3.445055303422693 4.802834410043315 0
3.616181347361067 3.910393548901041 0
3.443877474835289 4.208057084907617 0
3.4478924371807 7.774398857592384 0
5.096944021700843 3.433094123458126 0
3.788200980464536 3.810905211081557 0
3.960516825624755 3.910249725014965 0
3.615933030518352 3.711663155931925 0
3.960351736727281 3.711325355858285 0
4.132722477518057 3.810716010154757 0
3.446887180490198 6.783382040160217 0
3.446290700758908 5.991190997867462 0
3.445579120935073 5.198900785080381 0
1.949664789713961 10.73329240756204 0
4.550144822248651 10.73305817132647 0
5.088786246024728 5.225175758764573 0
5.077719031716663 4.440929878048781 0
5.092451546298211 6.821828006859911 0
5.09245008201569 6.026359148914318 0
5.088422094189241 7.610883896972159 0
0.9493400414111999 10.73349865773548 0
0.9475911289868977 9.213036545142179 0
3.443804688018417 3.811137975395093 0
2.418435497910957 6.394104526023473 0
2.41781450724444 4.814778886207019 0
2.418152917958378 5.604442212381874 0
2.418711468466558 7.183744854922938 0
2.420246074132458 7.976175285643052 0
5.0757280233507 10.21401594943731 0
3.791725151288923 8.764853024957921 0
2.435453633428693 3.432813782523719 0
3.961719088956381 7.281550586382044 0
3.961350004654164 6.488291853402818 0
3.961074726653875 5.694742669010612 0
3.791808283293666 8.963067409461896 0
3.963496236951479 8.863894669378032 0
3.963558533634562 9.062231170384495 0
4.135358779238599 8.962967853256689 0
4.135417280767471 9.161421779650224 0
3.963544468322285 9.26069645733315 0
4.135489599096195 9.359948859732476 0
3.963361963472848 9.459273108019389 0
4.135539906711244 9.55859801698837 0
3.9632816664271 9.657990438388296 0
4.13561725282649 9.757397173920944 0
3.962565591761474 9.855431014170522 0
3.790845589236197 9.757188826035573 0
3.276905653665212 8.467880646649947 0
3.96037570952107 4.901687755569334 0
0.4122351059407743 10.25775179085382 0
4.139327898852383 9.946782207594099 0
4.307871552142566 9.459049036913914 0
3.790113153513766 9.954623424949553 0
3.618584224339468 9.85653387124235 0
4.307236868491934 9.062080248352254 0
4.30718771673603 8.863621833902663 0
4.308657656590666 9.855202113238343 0
3.443637056253047 3.612414310750752 0
3.271517438313539 3.711942036514256 0
2.934239439504463 8.864116474368847 0
4.132606426007234 3.6116764602834 0
4.305010307469413 3.711144883792199 0
4.305068266290394 3.910166985725884 0
4.313403502987634 10.04611585329126 0
3.618591629925497 10.05544808047399 0
3.446486273538811 9.956232192569043 0
0.3946804093203218 9.530602090589051 0
4.479129200811022 8.96276057550071 0
4.479057993630438 8.764267049135466 0
3.777482374734526 10.15199614182176 0
3.44641732154274 10.15520868024281 0
3.274024862685676 10.05570236002368 0
4.748136401205599 2.917723724056435 0
2.75179173967431 2.922040911821204 0
4.477406474893163 3.810630420604258 0
4.477398395725 4.009627274122224 0
4.477370795999735 3.611564579601244 0
3.276800391389374 8.269931178446582 0
3.105458072478654 8.368956283491983 0
3.104976752833166 8.169985647467756 0
3.446407685519436 9.757332162188641 0
3.96013270245636 3.512245481224603 0
4.481581533751639 9.954347641164947 0
3.271374217086792 3.513201845649908 0
3.099409976375806 3.612773979627723 0
3.099567852998392 3.811310033355443 0
4.481699205840108 10.15347780498624 0
3.439527179498585 3.420172700797504 0
3.274042517639812 10.25477372130448 0
3.101679427524363 10.15517718538207 0
3.099144652331534 3.414077844022563 0
4.649802353146224 3.711075725901043 0
4.132490413248931 3.41251315263646 0
2.934034938599435 8.269934043446383 0
2.933964703303506 8.072359841124323 0
3.10167489604831 9.956197093125946 0
2.929380240576612 10.05561111015741 0
2.927719020347011 3.712288207645036 0
2.927951628152858 3.910608277187821 0
4.305095485519678 4.109096156121318 0
4.47737782239415 4.208540403830113 0
4.307102490928359 8.665146107259115 0
4.478955493867836 8.565743094439512 0
4.651088735406155 8.863478457958067 0
4.649821756784675 3.511942825589157 0
2.929273533473264 10.25464516712043 0
2.756942998469831 10.15500227995971 0
2.75805959403493 10.35190073334697 0
2.585904912328042 10.25181268587014 0
2.58485241277139 10.05489768021857 0
2.4141007284126 10.15118010755019 0
2.412756638952181 9.954869910991363 0
2.24186815480908 10.05127772243405 0
2.240573084878813 9.854944943342145 0
2.067747422212507 9.954421244480708 0
2.061979705903102 10.18553127188005 0
1.894509194869998 10.0547635925008 0
1.894495971610499 9.855350593066929 0
1.721898438444113 9.955253655390781 0
1.721358950999779 10.15214279314673 0
1.546807819873055 10.04874196528866 0
1.549271146079321 9.855972589462336 0
1.377929565434955 9.954811912213954 0
1.370476460881868 10.15251314932112 0
1.207118260327861 10.05340896845886 0
1.208087455058324 9.857841819353595 0
1.038508207584044 9.955193028630369 0
1.038768718237833 10.15049878305011 0
1.038293633117282 9.75978393368716 0
0.8702843363679615 10.05324039887449 0
0.874090716188741 10.24153005065788 0
4.651422920749003 9.061853057943386 0
4.281482358302673 10.23993389721094 0
4.653455317805503 10.05508785840418 0
4.637916965323326 10.25487942770463 0
4.653248879163685 9.856156130397821 0
1.208188016985968 9.662012577456137 0
1.04117933387281 10.33648776825691 0
0.559491870295076 10.72920757874722 0
3.960306104764558 3.313693058462721 0
4.94219427162977 10.73763014072163 0
4.649694271993283 4.109081255331127 0
4.649648998000333 4.308004135809961 0
4.477412322946792 4.407422215771279 0
4.649608163803399 4.506806159655659 0
4.477456916427741 4.60617118628263 0
4.649563372368084 4.705543575397044 0
4.477504662282024 4.804874423078145 0
4.649543419463008 4.90421571781644 0
4.477528497319458 5.003522587479381 0
4.649532381270493 5.102842144921499 0
4.477547708532544 5.202132033506869 0
4.649526107816376 5.301439005237642 0
4.477558165687991 5.40071872578475 0
4.649523829077734 5.500017838215443 0
4.477566105500376 5.599291553257235 0
4.649523075385442 5.698586289011451 0
4.47757104698962 5.797856504669278 0
4.64952373561732 5.897148509477856 0
4.477575185224339 5.996416727874814 0
4.649524988228079 6.095707354650514 0
4.477577935926273 6.194974545032022 0
4.649526818923031 6.294264596031441 0
4.477560635946799 6.393548007481565 0
4.649525495458894 6.492824151794272 0
4.477578037381113 6.592117696277859 0
4.649529562516018 6.691383775233211 0
4.477582104905774 6.790677162900137 0
4.64953257380426 6.88994250508904 0
4.477583558059973 6.989236167345914 0
4.649535106262373 7.088502215576051 0
4.477584150039732 7.187796311519176 0
4.649537433639214 7.287063718460652 0
4.477584297141011 7.38635874792968 0
4.649539799795718 7.485627597536492 0
4.477584970776745 7.584899253052688 0
4.649542730117069 7.68419071310876 0
4.477583237715458 7.783463699771006 0
4.647924619479617 7.879953623952096 0
4.476735249836628 7.980572052587753 0
4.679042845626938 8.088001832959225 0
4.305520647532783 7.882506403706893 0
2.929536330530186 9.856737933411502 0
3.099652562829254 4.009602143888647 0
2.92815309271258 4.108777940689336 0
3.099739596393966 4.207715644131209 0
2.928334989337276 4.306819937116797 0
3.099824933372793 4.405706270066119 0
2.928504277148964 4.504755536067792 0
2.756799562584541 4.208014264369823 0
3.099927082880988 4.603624774577112 0
2.928669733166447 4.702610029832403 0
3.100398806966243 4.80183746969775 0
2.928879020047053 4.90046223641972 0
3.100124960785476 4.999394861892349 0
2.928966157421641 5.098187371656559 0
3.100249151290915 5.196953649073369 0
2.929091467329789 5.295878265080511 0
3.100368943354866 5.394635015084476 0
2.929220562426026 5.493577554010132 0
3.100491271193922 5.59233284197826 0
2.929348050419518 5.691276498117679 0
3.100614976302355 5.790030580352451 0
2.929474782776723 5.888973813636345 0
3.100739864411878 5.987727035645237 0
2.929600561542758 6.08666993359999 0
3.100865160205731 6.185422857513772 0
2.929705870663321 6.284382635167384 0
3.100987248472832 6.383121632097756 0
2.929846964518829 6.482092511896844 0
3.101115413445951 6.580821186157525 0
2.929974861693807 6.679792937286233 0
3.101242472994922 6.778520403020403 0
2.930100399333723 6.877492801895399 0
3.101369351657367 6.976220720850383 0
2.930225160988554 7.075194065162451 0
3.10149603307814 7.173923014275842 0
2.930349617489445 7.272897872643403 0
3.101623897708106 7.371628403499184 0
2.930473371287484 7.470605218014817 0
3.101716203402665 7.569338616160179 0
2.930590426930244 7.668318591755199 0
3.101944756328703 7.767343597816116 0
2.934155007779128 8.467874341469484 0
2.58523476230583 9.856094416074246 0
2.591882319286663 8.864461310829181 0
4.306370941022354 8.467706096688181 0
3.963179933954697 8.467635239207111 0
4.47731175800058 3.412402419359913 0
3.791525596598808 9.359927170787563 0
4.305434861006113 4.705534256423659 0
4.305613714647011 5.102749862652635 0
4.305703135661009 5.499852305837942 0
2.762918988164023 8.171506541227323 0
2.761949631625705 7.971528853186534 0
4.305759506197136 5.896917724234411 0
3.102189492730445 9.75729337145955 0
4.305799902362855 6.293999537368826 0
4.306023368490173 6.691427413005342 0
4.306091098762487 7.088543362780951 0
4.306150031121597 7.485626956523537 0
4.649867101706361 3.312688046253493 0
4.304115420793371 8.078114631367329 0
2.760211766011267 7.371886383586403 0
2.760025406369306 6.976479908903457 0
2.759834349957391 6.581080807778465 0
2.75964650205507 6.185639661441855 0
2.759453044062422 5.790204856741616 0
2.759246895148842 5.394805267835283 0
2.759027620739183 4.99937870310228 0
2.758723591216457 4.603797797009834 0
4.822210678483515 8.960666045603993 0
3.446495966167602 10.3544159854603 0
3.273985694087694 10.45404091135269 0
2.429872158821134 10.34366699912761 0
4.127838890224906 3.223026370547325 0
2.252666275477052 9.269789129495189 0
2.430770181601433 3.065212601414249 0
5.069515957824885 3.050139486267083 0
3.27323575461692 7.47096213946025 0
3.272351725790916 4.505310397061126 0
1.04005039144256 9.567387181562054 0
0.8694409114512922 9.662591550514591 0
3.275651568305755 8.06925310435928 0
4.132791745316574 7.978614619327979 0
3.78764875323892 3.412920815188942 0
0.5499999999999994 9.235705080756887 0
2.757855989393422 3.811718721773768 0
2.743250531836105 3.594982793442271 0
4.477362238750445 8.369470247766822 0
4.635185075334126 8.476572930357403 0
0.7100607725856705 10.1496219282879 0
0.7286772661668 10.37055942812307 0
0.709710305821877 9.955215465083345 0
4.810623468450094 4.617406711698342 0
4.806913002333277 5.009222587688706 0
4.810752723688292 4.219681345495224 0
4.821526584745071 5.400738749093096 0
4.812992045049824 3.611501561052671 0
4.811728855083893 3.810596013659342 0
4.806899118855368 5.803823309255773 0
4.473230209770652 3.219934146737755 0
4.821509947602109 6.194988215430116 0
4.806901855293331 6.598306254170686 0
4.806906494008471 6.995547685341217 0
4.821527982669719 7.386339966094502 0
4.804682873545064 7.786778594253037 0
4.803081297644757 8.763965003623804 0
4.825525075876671 9.956017098639384 0
4.825388324883539 9.756908910099906 0
4.652997775839145 9.657439693124708 0
4.81524725291118 9.55791406361366 0
4.65115281929466 9.458649710378895 0
4.812566268664453 9.359200627033591 0
3.787171945427144 3.213486185378815 0
2.923935806181694 10.4440722990798 0
2.754893932757173 10.52811484619805 0
1.221518977093047 9.436521069677921 0
1.379209532323108 9.564114671566232 0
0.8659658394161194 9.480051189617992 0
0.7031415642842935 9.56058433951619 0
4.970587521097952 8.879058526901538 0
4.981336745627112 9.447804050347312 0
4.99254962735386 3.721814165050019 0
0.5357390483936211 10.06569067513181 0
4.649578155678664 3.102993561886173 0
4.815396430209995 3.2300761629458 0
0.7098343848388202 9.759471775295061 0
0.7002473947965759 9.372098254401088 0
2.578683369786442 3.723698445096018 0
3.458110726486564 10.57382489563668 0
3.632681004052507 10.45099428816256 0
3.267008182183706 10.66552116033289 0
3.272679193531083 7.074958225911716 0
3.272703456830611 6.680007664579478 0
3.272445107287338 6.284550136938956 0
3.272190506664407 5.889094953805781 0
4.133719470132299 7.781178675561785 0
0.8702820897960404 9.856638834386292 0
3.271938225934294 5.493623801468551 0
0.7515661873707109 10.73340399157477 0
0.8500024127567296 10.56196167935756 0
1.04519870653278 10.53427680621418 0
0.6505627997612593 10.56325603360835 0
0.4680074043552902 10.56250551278699 0
3.272344838616675 5.098837045287869 0
1.14901654752131 10.72880506654033 0
1.249985142197269 10.55959075446919 0
1.449658436484709 10.5603465069713 0
1.35992912879916 10.36991304990733 0
1.547703927832429 10.41996880287991 0
1.648990367514422 10.56599886864086 0
1.73714760916983 10.3694980529704 0
2.930990459323898 7.866766482635558 0
2.761201759383955 7.769658329944114 0
2.591338986839159 7.873319050095063 0
3.103281410423674 7.967987929649682 0
3.271661289422751 4.108729105409216 0
2.93145197269498 9.65717724320897 0
1.721624950678083 9.756582868766813 0
1.893756655284385 9.656023669425633 0
1.720827581852828 9.557430252968663 0
1.90124328829186 9.456313140777473 0
2.070737791773641 9.558745767358005 0
1.73309753370815 9.357371970706462 0
1.141738451121918 9.233916707144232 0
2.758552884566086 9.756489603145621 0
2.950215666527637 2.922803396673579 0
2.850376382032613 3.095509987501029 0
2.649244461596167 3.089434441228202 0
2.74297274271876 3.262732171059955 0
2.549250625566885 3.255577642774019 0
2.941912265904851 3.292085976344397 0
2.644231689192041 3.429877095409934 0
4.48014978358703 9.558219082664047 0
4.480336979315907 9.359308816558046 0
3.274190674296979 9.856761495741024 0
3.274673601459516 9.657925916666246 0
3.446566850724856 9.558691414424713 0
3.27568909777481 9.458795896018586 0
3.446578802140322 9.360128625741245 0
3.619013077881243 9.459312768130971 0
3.043230744348501 3.096324000007522 0
3.257207004527931 3.122488135597791 0
3.350808009538207 2.927789403370092 0
3.472019040816545 3.105826009116238 0
3.549110746134144 2.924272564919171 0
2.7584409393069 4.009891565986734 0
2.586604323969828 4.116268339495421 0
2.587433899023622 4.314102372823966 0
4.748746213008164 10.73390315632339 0
4.851314839151567 10.56273955418495 0
5.065959419274213 10.58148784422731 0
4.96347216795308 10.39722181440531 0
2.759038360824754 4.407100643452167 0
4.66441903490952 10.56675455191424 0
4.463483356764298 10.53960793722238 0
4.352383099248027 10.7296268539497 0
4.249512160359757 10.560877398195 0
4.05036574531437 10.55988226380663 0
4.152199897737188 10.3963129482889 0
3.963920614525441 10.3881902231011 0
4.058301191718735 10.22247528139136 0
3.824051279331596 10.54699478169989 0
2.759324199662333 4.801627638934391 0
2.589598278499279 4.708331271242201 0
2.149920686188719 10.73314319013506 0
2.049720701767068 10.56021322400073 0
2.239451644932296 10.56605525943262 0
2.139851126039173 10.39295749428232 0
2.440433117845592 10.55085455396789 0
1.952765165262068 10.38283796018843 0
2.541525892033577 10.73871380272935 0
2.759549180143531 5.197113532291633 0
2.58976848248071 5.103563799013942 0
4.550767342235494 2.915910365030872 0
2.757416604869989 9.955805503827843 0
2.587258684363785 9.656558720774708 0
2.413417248596899 9.756079351414702 0
2.415771466509793 9.557296740250949 0
2.241761862129351 9.65681451771357 0
2.068178797981532 9.756050122564497 0
2.759741632632277 5.592518533499325 0
2.589899449766349 5.498731718923565 0
2.760432181418147 7.174170184972223 0
2.590335372475443 7.079409807083861 0
2.760261674200495 6.778767871522544 0
2.590227249582283 6.68425067753705 0
2.759922820011217 5.987919474747089 0
2.590018913157476 5.893887331292846 0
2.760085836159205 6.383361087070899 0
2.590124654599716 6.289072734590363 0
2.760731410318466 7.569975391823951 0
2.590543189540948 7.474641002238268 0
3.446726779536328 6.585371895056269 0
3.446430242182253 6.189275583091458 0
3.446014585201334 5.793035842457052 0
4.305675535744231 5.301314142562297 0
4.133760046858457 5.400724869896356 0
4.30575131942547 5.698374279822099 0
4.133799425286604 5.797842894133325 0
4.305508832798089 4.904176043162083 0
4.133648984582607 5.00358823474271 0
1.847926642329004 10.55755108743287 0
4.305809837940625 6.095416363125573 0
4.133774384571934 6.194353691401625 0
3.276988919562273 8.665903988761695 0
4.306199077970334 7.683758487673176 0
4.305887791764121 6.4925359321068 0
4.133962100779394 6.589894184315747 0
3.445817387743394 5.396971097337672 0
4.306158648388411 6.889973832246556 0
4.134332051000859 6.987116285932108 0
4.306246578284827 7.287086699644338 0
4.134488874327089 7.383963091707594 0
4.132832256110669 4.009661970279261 0
4.132782983235801 4.208446575814478 0
4.305157336087066 4.307958077783568 0
4.3052411061028 4.506777341137823 0
4.133206332578755 4.606105451984424 0
4.132754999279605 4.407003874059397 0
3.444733972131619 5.000594461539787 0
2.763003450354903 8.369194170045326 0
2.763062469295958 8.566927124325384 0
2.591837248582532 8.271547628189992 0
2.934240335277127 8.665848789812573 0
2.763020346934628 8.765117754863809 0
2.591881220717316 8.666877196426599 0
3.105572315986878 8.76495683772823 0
3.447750295105741 7.576358693040881 0
3.447288843265691 7.970843668900408 0
3.960468863718594 4.108914912062351 0
2.936212637844707 3.506825409065256 0
3.749909535105105 10.73309714917453 0
3.94573404837849 10.73091128669367 0
3.953747542585677 2.940847625171761 0
4.169066140290928 2.923957477882266 0
4.480644554451205 9.75694867038157 0
5.095431815976729 7.81410254764675 0
5.092891132853801 6.216167797360454 0
5.096743458862846 6.619943204262106 0
5.097386333425414 7.01865520320075 0
5.092425900377359 5.420106642817801 0
5.096763387912098 5.82458887234319 0
5.09430664723272 5.030104523065821 0
5.092683173762706 7.408831503381616 0
3.445266309002702 4.604929230000548 0
3.273585096821332 4.703915378903822 0
3.444115540251326 4.406453044709831 0
4.793093475159696 10.16051739852258 0
5.077739761793712 4.639898710424745 0
5.079246535612738 8.220616220982381 0
4.901753126939678 8.108343502394328 0
4.912447418196281 8.319225697189797 0
5.081651563555269 8.417919597068918 0
4.929850074819444 8.499610443286816 0
4.648018505423927 3.910101519515678 0
4.133607485234708 4.804850165663144 0
3.443866894894924 4.009639821472847 0
4.135260747368436 8.764478964051596 0
3.447356319749062 6.981824975720934 0
4.80365564289476 4.017032529494342 0
3.447918673750146 8.169990758267581 0
1.550840941064886 9.253699458982998 0
5.083247390542329 4.241899404969725 0
2.420826430704236 8.766441000460079 0
3.105553384124879 8.566903481318985 0
4.806973670722324 4.422298093877737 0
3.791790196982983 9.16140517503732 0
5.089457374302874 9.990599777253433 0
4.80469249752591 3.420833790822233 0
3.618664946298103 9.657934741706974 0
3.79111547331905 9.558604508844795 0
2.763070058157948 8.96329292599485 0
3.271719235346994 4.306902712073583 0
4.635127373984435 8.666684416339153 0
4.806310268454796 4.819002657790619 0
3.791600830022067 8.566723775848814 0
4.821495435744692 5.202158800681312 0
4.815911948734693 7.585048582434492 0
4.804457446829136 7.195163328761015 0
4.813910398105324 5.599669727225223 0
3.271954253203701 5.296029266502593 0
4.813863484615132 6.393921475622435 0
4.80201670663732 6.798953345347836 0
4.804446459801599 6.003374851928077 0
3.272038732551164 5.691365629381938 0
3.272301536290602 6.086836303749575 0
3.272556826734203 6.482294819755193 0
3.272505381985831 6.877257408849945 0
3.273095170196499 7.27324296722005 0
3.960616457636477 5.100056820729845 0
3.271678454412879 3.910393519339251 0
5.077719031716663 3.24733231707317 0
4.307562328500157 9.260470023314085 0
4.3080801177182 9.65756901568453 0
3.96018464183956 4.703573751746646 0
4.304943971132998 3.51202564135784 0
3.620122722995922 9.062196693453934 0
4.468812200548451 10.33639492020074 0
4.135033031104593 8.566455688984892 0
3.788035554354227 3.612081791524697 0
3.100738126222646 10.35272322503752 0
3.618770031193602 10.25473277700925 0
3.447753750611113 7.377845878877663 0
3.267546916992068 3.328811252311132 0
3.963382655115032 8.665673560404727 0
4.134238868161477 8.369098925299411 0
4.133870443078376 5.201707057695229 0
1.554366398696661 9.465028403971697 0
3.620136696995412 9.26047638863567 0
4.303311818199208 3.315870433058285 0
3.273181351722489 7.668762807626464 0
3.614999948072442 3.513763833973536 0
3.960492242721172 4.307401038375683 0
3.273887730168325 7.867829049701097 0
3.078518980644766 10.57181172436781 0
2.244600881785235 9.460023997104646 0
3.960651586644086 5.496316552847215 0
3.594448176740157 3.287606466516859 0
4.479489535837218 9.161096157368512 0
1.549582569922069 10.73421259461168 0
4.649785135146081 9.260159731935204 0
4.134108696918073 5.598484696800399 0
1.749360728246576 10.73392582637458 0
2.420939863348847 8.568672763333542 0
4.810023429076573 9.158592365720231 0
0.5509004587477211 9.640817087882775 0
2.591902857623988 8.469074316982365 0
2.420857644798189 9.358505367011935 0
3.960762336177904 5.892746075146841 0
3.276849723658819 9.259461446250075 0
2.420831610824286 8.173715528443189 0
4.134333223244028 5.995237661266601 0
3.27217311715174 4.901178703630431 0
2.592213448786354 8.073733862252737 0
3.105129479430564 9.358762742668262 0
1.208785668729888 10.24908360901019 0
3.9609700303175 6.289352614980233 0
3.103702271427918 9.558011760007133 0
4.133624035741661 6.391404635596008 0
1.378840703477424 9.759137048549871 0
3.96206974459747 6.687175311703903 0
4.1340255086079 6.788439007873593 0
2.76057907771801 9.557507197961462 0
3.962337603332213 7.083834754513503 0
2.420775318975743 7.776192487064876 0
4.134202549110642 7.185349130160089 0
4.283348632522893 3.103342056837159 0
3.962539012888146 7.480397827353236 0
4.134153560258012 7.582168425947087 0
1.550690052184571 9.659710972547602 0
3.961074117607176 7.875102311808247 0
3.961011486950339 8.072916736929999 0
3.958373111360808 3.136487203521631 0
2.590654463843931 7.673725906795578 0
2.420404431090138 7.380261291772753 0
2.590106401500416 7.277352254096074 0
2.420258977030454 6.985370804148086 0
2.589947118078666 6.882200456623381 0
4.132461087065112 8.174151365011188 0
2.420210409835153 6.590494276607563 0
2.589819666340784 6.487060684934636 0
2.420169573582566 6.195598232126223 0
4.304307733204897 8.272691633228739 0
2.589697038655845 6.091896234395916 0
4.481465398328528 8.177119441302134 0
2.42011870538354 5.800715183746119 0
4.642715116548901 8.291854649740419 0
2.589564110493407 5.696749972764224 0
2.420061522729327 5.405839293836335 0
2.589420708250173 5.301612069652214 0
2.419994371653181 5.01095279678511 0
2.589254576713188 4.906438849214157 0
2.419895751355962 4.616020594059734 0
2.58870295961241 4.511534209528715 0
2.41725901634566 4.22357237140063 0
2.419248308751319 4.023768292642071 0
2.586314401402413 3.91877434941933 0
2.41120230572437 3.6376953125 0
3.971163710981688 10.06931881764288 0
3.660604278485803 3.085028266711759 0
2.752004382809381 10.71575038580801 0
0.4036403682605769 9.339062500000001 0
2.554414761318669 2.911770384837353 0
4.945155198426227 2.902623787820257 0
5.107967714210289 9.590223300265006 0
4.962320016748303 9.0844377371071 0
2.596333790127157 10.43638608539877 0
2.078804819807787 9.369754868350151 0
4.798657103722483 7.957067864246574 0
4.777130083529755 10.37883133990613 0
3.78287841889802 10.34385945523937 0
2.258973776372728 10.25164585455572 0
1.009072919447011 9.376268343590535 0
5.105684348226125 3.872212294403673 0
0.5374862557696334 10.40310757742865 0
3.121547627830457 10.75843437481451 0
0.7500000000000013 9.205146800485995 0
1.873552125240955 10.22895473413728 0
0.4019855728175101 9.726748504521257 0
0.5606305129738374 9.851483870717963 0
0.5456872913118134 9.43188938302942 0
0.3686381306378212 10.07806757036217 0
0.5785084811387771 10.24831276800269 0
2.383094888119402 3.247986430342397 0
1.537049137609491 10.23246387577756 0
0.3835457532131401 10.42279797621389 0
3.121808316820977 3.250757441656681 0
1.407856480905881 9.392527242206555 0
5.121031922115598 10.40211219478472 0
1.75 9.194629020196205 0
1.181015596026382 10.40987039757156 0
0.907829687103572 10.40896314652192 0
4.328063163105101 10.41628980880585 0
4.849013336155762 3.052433229372585 0
4.453399736831845 3.053029595223056 0
3.406149663715057 3.252980912867905 0
0.400871846015749 10.70404405132071 0
2.548164879572331 3.559477922903697 0
3.649986985953792 10.60975542880043 0
3.395023781734054 10.75697819504254 0
2.801715973499293 3.417300689064362 0
5.105709326508944 3.591459999715206 0
5.103410025112094 10.75994365378618 0
4.951515007267425 3.922426736637584 0
2.103122093355101 9.208640108736411 0
5.104265495371116 2.895446287225435 0
2.394682185040103 2.89393435456046 0
4.948446623659494 7.908538320007267 0
3.818070312516704 3.062008916177319 0
4.163097121516881 10.10801477982123 0
4.960559213140683 4.739335008983023 0
4.957211301766879 4.934370907216083 0
4.960590133607237 4.540426498690703 0
4.941938967266672 5.106594860013739 0
4.96061853678459 4.341463711916537 0
4.941741800327422 5.303436874470113 0
4.955591354971348 4.136417553912775 0
4.941338446492614 5.502006959886434 0
4.95144458392399 5.714295744710232 0
4.948365224597238 5.911354488616203 0
4.941165925913074 6.098827097836605 0
4.962318697675662 3.520917070097676 0
4.94103300418611 6.296414765100105 0
4.951424436342709 6.509205806105428 0
4.947893655075282 6.706358000775937 0
4.958074573683616 3.342225087020765 0
4.951374066336324 6.911306096446792 0
4.948370867847478 7.104547666218274 0
4.940736142472536 7.290412398284196 0
4.940669489599069 7.487891810944167 0
4.945655898673337 7.694670216989522 0
4.788920751825585 8.227037760513939 0
2.617038223114576 10.59396393482041 0
0.3807280736521155 9.189328516151377 0
5.118677580612746 9.010215087258374 0
4.953054927559736 9.664569685689582 0
4.785843136761244 8.40782081040005 0
4.957158451055248 3.169157994210628 0
5.12517136678421 8.811047590490032 0
4.787448969595156 8.580004544688542 0
4.951484802406259 8.690562726755781 0
4.098474863397042 3.065532146792028 0
4.606960474336022 10.41480828897576 0
4.933164470449491 9.256557464468134 0
5.139440007487468 9.414253048780488 0
4.944641344866964 9.863263401120793 0
4.944454521787589 10.07144998322823 0
3.907258644774052 10.24590887375165 0
0.8462475897989719 9.328035561382874 0
2.896560853575037 10.59661836847481 0
4.928257718067879 10.24433037887986 0
2.294784442456307 10.4219617041342 0
2 10 0 20
1700
1701
1702
1703
1704
1705
1706
1707
1708
1709
1710
1711
1712
1713
1714
1715
1716
1717
1718
1719
0.3742532889093861 8.660443530406038 0
1.778946711090614 8.660443530406038 0
1.411568933312837 8.582297549831898 0
0.8929111111111108 8.715920755829286 0
1.0766 8.596579244170716 0
0.7416310666871642 8.582297549831898 0
1.255659053965327 8.713187867817926 0
0.53479300318046 8.589484666700228 0
1.618406996819541 8.589484666700226 0
1.651336729096137 8.758824968527078 0
0.5018632709038635 8.758824968527078 0
1.463151658978103 8.737624634120476 0
0.8993928800040996 8.553959509966379 0
1.252881153011189 8.553412932364107 0
0.6816071493878408 8.732754656814748 0
1.075674033015288 8.755137573563585 0
0.361961089740428 8.779687033119956 0
0.3685470361957472 8.54165230608792 0
1.791238910259572 8.779687033119956 0
1.784652963804253 8.54165230608792 0
$EndNodes
$Elements
9 3323 1 3323
1 9 1 10
1 1 106 
2 106 107 
3 107 108 
4 108 109 
5 109 110 
6 110 111 
7 111 112 
8 112 113 
9 113 114 
10 114 9 
1 11 1 25
11 11 124 
12 124 125 
13 125 126 
14 126 127 
15 127 128 
16 128 129 
17 129 130 
18 130 131 
19 131 132 
20 132 133 
21 133 134 
22 134 135 
23 135 136 
24 136 137 
25 137 138 
26 138 139 
27 139 140 
28 140 141 
29 141 142 
30 142 143 
31 143 144 
32 144 145 
33 145 146 
34 146 147 
35 147 10 
1 26 1 25
36 17 315 
37 315 316 
38 316 317 
39 317 318 
40 318 319 
41 319 320 
42 320 321 
43 321 322 
44 322 323 
45 323 324 
46 324 325 
47 325 326 
48 326 327 
49 327 328 
50 328 329 
51 329 330 
52 330 331 
53 331 332 
54 332 333 
55 333 334 
56 334 335 
57 335 336 
58 336 337 
59 337 338 
60 338 19 
2 2 2 124
61 1 20 225 
62 224 283 1 
63 226 20 2 
64 2 227 226 
65 284 227 2 
66 256 6 257 
67 7 115 257 
68 123 10 266 
69 266 10 267 
70 267 10 311 
71 13 202 254 
72 254 253 13 
73 253 310 13 
74 271 212 14 
75 270 314 15 
76 215 17 216 
77 274 17 215 
78 17 275 216 
79 225 20 226 
80 116 117 259 
81 259 258 116 
82 260 117 118 
83 259 117 260 
84 119 261 118 
85 118 261 260 
86 119 120 262 
87 262 261 119 
88 120 121 263 
89 262 120 263 
90 264 121 122 
91 263 121 264 
92 265 122 123 
93 265 264 122 
94 123 266 265 
95 202 203 255 
96 254 202 255 
97 255 203 256 
98 213 212 272 
99 272 212 271 
100 213 273 214 
101 272 273 213 
102 214 274 215 
103 273 274 214 
104 216 275 217 
105 217 276 218 
106 217 275 276 
107 277 219 218 
108 218 276 277 
109 219 278 220 
110 277 278 219 
111 220 279 221 
112 278 279 220 
113 221 280 222 
114 221 279 280 
115 222 281 223 
116 222 280 281 
117 223 282 224 
118 223 281 282 
119 284 228 227 
120 285 229 228 
121 285 228 284 
122 286 230 229 
123 286 229 285 
124 287 231 230 
125 287 230 286 
126 288 232 231 
127 288 231 287 
128 289 233 232 
129 289 232 288 
130 290 234 233 
131 290 233 289 
132 291 235 234 
133 291 234 290 
134 292 236 235 
135 292 235 291 
136 237 236 293 
137 293 236 292 
138 294 238 237 
139 293 294 237 
140 239 238 295 
141 295 238 294 
142 248 306 249 
143 249 307 250 
144 306 307 249 
145 250 308 251 
146 307 308 250 
147 251 309 252 
148 251 308 309 
149 252 310 253 
150 309 310 252 
151 267 311 268 
152 268 312 269 
153 311 312 268 
154 269 313 270 
155 312 313 269 
156 313 314 270 
157 225 224 1 
158 6 7 257 
159 256 203 6 
160 14 16 271 
161 15 314 18 
162 258 115 116 
163 257 115 258 
164 224 282 283 
165 296 240 239 
166 295 296 239 
167 297 241 240 
168 297 240 296 
169 242 241 298 
170 298 241 297 
171 242 299 243 
172 298 299 242 
173 243 300 244 
174 299 300 243 
175 244 302 245 
176 300 301 244 
177 301 302 244 
178 245 303 246 
179 302 303 245 
180 304 247 246 
181 246 303 304 
182 247 305 248 
183 304 305 247 
184 248 305 306 
2 4 2 578
185 541 565 443 
186 283 586 1 
187 1 586 106 
188 459 570 455 
189 455 571 459 
190 443 563 541 
191 442 566 441 
192 566 567 441 
193 316 447 315 
194 466 574 431 
195 431 578 466 
196 441 567 462 
197 366 565 541 
198 462 568 441 
199 445 446 367 
200 367 447 316 
201 479 579 575 
202 367 450 445 
203 480 579 479 
204 423 576 522 
205 522 577 423 
206 507 584 350 
207 350 585 507 
208 360 556 450 
209 433 590 572 
210 422 573 479 
211 458 586 282 
212 479 575 422 
213 572 590 475 
214 522 580 577 
215 521 580 522 
216 355 599 539 
217 544 599 355 
218 282 586 283 
219 447 596 315 
220 539 570 365 
221 483 536 437 
222 489 514 417 
223 541 563 354 
224 350 587 585 
225 528 587 350 
226 508 583 507 
227 583 584 507 
228 490 514 489 
229 539 599 570 
230 318 450 317 
231 446 447 367 
232 511 547 513 
233 484 536 483 
234 432 452 448 
235 492 551 494 
236 429 591 588 
237 542 594 562 
238 450 556 445 
239 588 591 472 
240 513 547 358 
241 317 450 367 
242 488 550 546 
243 360 450 318 
244 486 559 484 
245 483 556 360 
246 460 540 370 
247 422 572 475 
248 489 550 488 
249 465 470 469 
250 475 573 422 
251 356 543 495 
252 494 551 427 
253 448 468 432 
254 472 578 431 
255 377 451 432 
256 548 549 513 
257 451 452 432 
258 109 469 110 
259 484 559 536 
260 364 549 548 
261 452 563 448 
262 373 449 374 
263 495 543 438 
264 374 449 375 
265 481 524 523 
266 415 468 436 
267 553 555 494 
268 110 469 352 
269 449 451 375 
270 373 374 337 
271 418 555 553 
272 514 547 511 
273 421 453 444 
274 371 458 457 
275 453 544 444 
276 490 547 514 
277 436 468 448 
278 199 461 369 
279 375 451 377 
280 108 456 363 
281 417 550 489 
282 458 459 457 
283 334 467 356 
284 349 478 477 
285 349 477 476 
286 502 554 501 
287 480 576 423 
288 481 525 524 
289 490 527 526 
290 501 554 552 
291 419 453 421 
292 381 468 415 
293 374 375 362 
294 338 373 337 
295 371 457 456 
296 456 464 363 
297 467 543 356 
298 436 443 440 
299 414 419 413 
300 106 371 107 
301 469 470 352 
302 363 469 109 
303 436 440 434 
304 371 456 107 
305 430 453 419 
306 414 430 419 
307 495 551 492 
308 421 444 439 
309 487 527 490 
310 430 454 453 
311 455 570 454 
312 415 436 434 
313 444 460 439 
314 439 460 446 
315 336 374 362 
316 349 476 195 
317 319 482 360 
318 412 414 413 
319 335 467 334 
320 199 369 200 
321 526 547 490 
322 193 525 194 
323 349 525 478 
324 482 483 360 
325 358 548 513 
326 196 476 473 
327 353 462 461 
328 412 413 411 
329 357 485 321 
330 357 486 485 
331 357 527 487 
332 353 461 198 
333 415 434 433 
334 317 367 316 
335 437 556 483 
336 196 473 197 
337 357 487 486 
338 377 432 379 
339 419 421 420 
340 337 374 336 
341 478 525 481 
342 319 360 318 
343 421 439 435 
344 440 442 441 
345 460 581 540 
346 464 466 465 
347 195 476 196 
348 542 562 368 
349 432 468 379 
350 381 415 383 
351 352 545 111 
352 524 525 193 
353 478 479 477 
354 198 461 199 
355 375 377 376 
356 336 362 335 
357 321 485 320 
358 194 525 349 
359 419 420 413 
360 197 353 198 
361 108 363 109 
362 476 477 474 
363 107 456 108 
364 436 448 443 
365 375 376 362 
366 473 476 474 
367 535 536 416 
368 320 482 319 
369 410 412 411 
370 491 495 492 
371 497 502 499 
372 410 411 409 
373 470 472 471 
374 457 464 456 
375 499 502 501 
376 464 465 363 
377 415 433 383 
378 356 495 491 
379 487 488 486 
380 497 499 498 
381 329 498 351 
382 470 471 352 
383 379 468 381 
384 437 536 535 
385 420 535 413 
386 412 431 414 
387 197 473 353 
388 330 498 329 
389 408 409 407 
390 411 416 409 
391 491 492 361 
392 320 485 482 
393 498 499 351 
394 408 410 409 
395 478 480 479 
396 362 467 335 
397 192 524 193 
398 406 407 405 
399 421 435 420 
400 492 494 493 
401 496 498 330 
402 406 408 407 
403 353 463 462 
404 331 496 330 
405 474 475 463 
406 332 491 361 
407 506 534 533 
408 430 455 454 
409 492 493 361 
410 521 522 520 
411 359 524 192 
412 377 379 378 
413 518 521 520 
414 356 491 333 
415 334 356 333 
416 523 524 359 
417 518 520 519 
418 499 500 351 
419 519 520 359 
420 499 501 500 
421 520 523 359 
422 405 417 403 
423 404 405 403 
424 404 406 405 
425 332 361 331 
426 361 496 331 
427 506 533 503 
428 406 533 408 
429 522 523 520 
430 191 519 359 
431 404 503 406 
432 333 491 332 
433 401 510 424 
434 504 506 503 
435 510 511 424 
436 402 515 428 
437 517 518 516 
438 348 517 516 
439 190 519 191 
440 113 528 350 
441 112 528 113 
442 487 489 488 
443 400 515 402 
444 510 514 511 
445 428 503 404 
446 505 509 508 
447 348 516 189 
448 189 516 190 
449 358 526 324 
450 324 526 323 
451 515 529 509 
452 322 527 357 
453 526 527 323 
454 505 515 509 
455 417 514 510 
456 323 527 322 
457 428 515 505 
458 403 510 401 
459 417 510 403 
460 110 352 111 
461 113 350 114 
462 322 357 321 
463 194 349 195 
464 325 358 324 
465 329 351 328 
466 327 364 326 
467 191 359 192 
468 188 348 189 
469 428 504 503 
470 516 519 190 
471 440 441 434 
472 493 497 496 
473 518 519 516 
474 439 446 445 
475 402 428 404 
476 505 508 507 
477 512 531 530 
478 512 530 424 
479 511 512 424 
480 505 507 504 
481 397 530 425 
482 401 424 399 
483 402 404 403 
484 399 530 397 
485 402 403 401 
486 428 505 504 
487 511 513 512 
488 400 402 401 
489 400 401 399 
490 500 532 351 
491 408 533 429 
492 396 426 398 
493 530 531 425 
494 398 400 399 
495 327 532 364 
496 351 532 328 
497 397 425 395 
498 426 529 398 
499 400 529 515 
500 424 530 399 
501 398 529 400 
502 398 399 397 
503 377 378 376 
504 497 498 496 
505 533 534 429 
506 396 398 397 
507 482 484 483 
508 396 397 395 
509 471 545 352 
510 437 535 420 
511 493 496 361 
512 328 532 327 
513 394 396 395 
514 478 481 480 
515 487 490 489 
516 503 533 406 
517 394 395 393 
518 390 423 392 
519 408 429 410 
520 392 394 393 
521 392 393 391 
522 391 418 389 
523 390 392 391 
524 411 535 416 
525 387 427 385 
526 390 391 389 
527 388 390 389 
528 388 389 387 
529 546 550 407 
530 384 422 386 
531 423 579 480 
532 386 388 387 
533 562 594 452 
534 379 381 380 
535 381 383 382 
536 427 538 385 
537 386 387 385 
538 485 486 484 
539 413 535 411 
540 473 474 463 
541 383 384 382 
542 384 385 382 
543 502 555 418 
544 379 380 378 
545 384 386 385 
546 381 382 380 
547 482 485 484 
548 425 560 552 
549 353 473 463 
550 439 445 435 
551 380 438 378 
552 111 545 112 
553 465 469 363 
554 418 554 502 
555 376 467 362 
556 282 569 458 
557 435 437 420 
558 385 538 382 
559 409 546 407 
560 488 559 486 
561 382 538 380 
562 454 544 453 
563 345 366 344 
564 344 541 343 
565 431 588 472 
566 278 355 279 
567 343 354 342 
568 279 539 280 
569 380 538 438 
570 342 542 341 
571 280 365 281 
572 378 543 376 
573 341 368 340 
574 427 553 494 
575 346 537 345 
576 325 548 358 
577 364 548 326 
578 438 543 378 
579 112 545 528 
580 277 540 278 
581 405 550 417 
582 513 549 512 
583 438 551 495 
584 347 372 346 
585 500 560 557 
586 497 555 502 
587 276 370 277 
588 557 560 531 
589 376 543 467 
590 200 558 201 
591 494 555 493 
592 425 552 395 
593 449 562 451 
594 391 554 418 
595 418 553 389 
596 387 553 427 
597 416 546 409 
598 366 541 344 
599 343 541 354 
600 355 539 279 
601 358 547 526 
602 345 537 366 
603 354 542 342 
604 280 539 365 
605 341 542 368 
606 552 560 501 
607 278 540 355 
608 532 557 364 
609 326 548 325 
610 416 559 546 
611 426 580 521 
612 521 582 426 
613 372 537 346 
614 370 540 277 
615 407 550 405 
616 512 549 531 
617 546 559 488 
618 470 578 472 
619 538 551 438 
620 435 556 437 
621 427 551 538 
622 501 560 500 
623 395 552 393 
624 552 554 393 
625 493 555 497 
626 393 554 391 
627 389 553 387 
628 364 557 549 
629 440 565 442 
630 466 578 465 
631 348 583 508 
632 549 557 531 
633 444 581 460 
634 369 558 200 
635 500 557 532 
636 445 556 435 
637 536 559 416 
638 106 586 371 
639 368 561 340 
640 531 560 425 
641 462 567 461 
642 340 561 339 
643 481 576 480 
644 558 597 372 
645 466 571 455 
646 459 571 457 
647 455 574 466 
648 479 573 477 
649 276 564 370 
650 441 568 434 
651 431 574 414 
652 474 573 475 
653 384 572 422 
654 464 571 466 
655 433 572 383 
656 518 582 521 
657 396 580 426 
658 423 577 392 
659 522 576 523 
660 390 579 423 
661 281 569 282 
662 422 575 386 
663 188 583 348 
664 350 584 114 
665 430 574 455 
666 429 588 410 
667 507 585 504 
668 463 590 462 
669 451 562 452 
670 412 588 431 
671 426 601 529 
672 201 593 12 
673 19 595 338 
674 275 564 276 
675 315 596 17 
676 448 563 443 
677 373 598 449 
678 365 570 459 
679 370 589 460 
680 12 593 347 
681 443 565 440 
682 566 597 558 
683 339 595 19 
684 460 589 446 
685 17 596 275 
686 369 567 566 
687 459 569 365 
688 461 567 369 
689 465 578 470 
690 452 594 563 
691 545 592 528 
692 582 601 426 
693 508 602 348 
694 558 593 201 
695 462 590 568 
696 561 598 373 
697 449 598 562 
698 458 569 459 
699 434 568 433 
700 369 566 558 
701 591 592 471 
702 544 581 444 
703 534 592 591 
704 457 571 464 
705 372 593 558 
706 523 576 481 
707 383 572 384 
708 338 595 373 
709 365 569 281 
710 446 589 447 
711 477 573 474 
712 414 574 430 
713 371 586 458 
714 386 575 388 
715 355 581 544 
716 575 579 388 
717 392 577 394 
718 577 580 394 
719 388 579 390 
720 394 580 396 
721 517 582 518 
722 9 583 188 
723 9 584 583 
724 565 600 442 
725 585 587 506 
726 114 584 9 
727 564 596 447 
728 504 585 506 
729 506 587 534 
730 410 588 412 
731 534 591 429 
732 471 592 545 
733 540 581 355 
734 475 590 463 
735 564 589 370 
736 472 591 471 
737 537 600 366 
738 517 602 601 
739 348 602 517 
740 562 598 368 
741 601 602 509 
742 529 601 509 
743 347 593 372 
744 509 602 508 
745 354 594 542 
746 373 595 561 
747 454 599 544 
748 442 597 566 
749 372 597 537 
750 528 592 587 
751 442 600 597 
752 368 598 561 
753 561 595 339 
754 447 589 564 
755 366 600 565 
756 563 594 354 
757 568 590 433 
758 275 596 564 
759 570 599 454 
760 597 600 537 
761 587 592 534 
762 517 601 582 
2 7 2 580
763 794 819 702 
764 702 845 794 
765 701 809 712 
766 712 714 701 
767 719 832 795 
768 715 726 689 
769 714 731 701 
770 710 811 713 
771 684 731 676 
772 689 731 715 
773 670 730 668 
774 795 847 719 
775 727 729 688 
776 611 761 748 
777 694 788 762 
778 726 732 689 
779 748 761 749 
780 812 829 645 
781 811 855 713 
782 749 761 619 
783 823 840 740 
784 609 807 805 
785 688 732 727 
786 820 831 789 
787 822 836 790 
788 674 732 672 
789 701 731 684 
790 814 845 703 
791 688 730 670 
792 652 773 691 
793 656 808 654 
794 676 731 689 
795 603 819 794 
796 691 773 771 
797 762 788 749 
798 690 777 775 
799 730 747 668 
800 715 731 714 
801 753 804 729 
802 809 856 712 
803 748 804 611 
804 727 732 726 
805 690 778 777 
806 619 762 749 
807 729 804 730 
808 654 773 652 
809 613 803 769 
810 689 732 674 
811 617 839 838 
812 672 732 688 
813 729 730 688 
814 805 807 762 
815 612 745 744 
816 671 842 841 
817 691 771 766 
818 654 808 773 
819 660 778 658 
820 303 753 304 
821 36 743 35 
822 746 829 812 
823 681 840 823 
824 838 839 704 
825 766 785 691 
826 835 837 665 
827 762 807 694 
828 730 804 747 
829 747 804 748 
830 769 803 699 
831 764 785 766 
832 304 753 728 
833 833 834 659 
834 764 793 785 
835 612 744 743 
836 35 743 723 
837 679 831 820 
838 765 793 764 
839 765 800 692 
840 680 836 822 
841 692 793 765 
842 288 742 289 
843 304 728 305 
844 658 778 690 
845 694 778 660 
846 611 753 303 
847 35 723 34 
848 612 743 36 
849 742 803 613 
850 800 801 692 
851 777 807 609 
852 289 742 613 
853 841 842 737 
854 38 750 37 
855 614 727 726 
856 622 752 751 
857 627 705 54 
858 608 722 721 
859 769 801 800 
860 632 716 697 
861 631 632 618 
862 614 726 725 
863 710 713 707 
864 826 828 686 
865 608 721 720 
866 690 808 656 
867 286 631 618 
868 717 719 718 
869 621 714 711 
870 620 707 706 
871 697 719 717 
872 631 716 632 
873 697 717 634 
874 782 834 833 
875 795 832 624 
876 620 706 31 
877 621 711 308 
878 614 725 306 
879 703 845 702 
880 608 720 33 
881 306 725 307 
882 622 751 750 
883 33 720 32 
884 305 728 614 
885 711 714 712 
886 707 713 706 
887 34 723 608 
888 745 746 744 
889 699 801 769 
890 628 716 631 
891 677 695 684 
892 757 837 835 
893 717 718 683 
894 706 713 630 
895 695 700 684 
896 622 750 38 
897 37 750 612 
898 709 710 707 
899 711 712 629 
900 628 631 285 
901 677 684 676 
902 284 628 285 
903 55 627 54 
904 30 630 29 
905 309 629 310 
906 741 742 288 
907 632 697 634 
908 30 706 630 
909 309 711 629 
910 636 717 683 
911 53 705 617 
912 633 741 618 
913 675 677 676 
914 612 750 745 
915 698 741 633 
916 751 828 826 
917 696 702 695 
918 50 734 610 
919 634 717 636 
920 734 738 735 
921 734 735 610 
922 54 705 53 
923 40 758 39 
924 32 720 620 
925 767 800 765 
926 286 618 287 
927 53 617 52 
928 307 725 621 
929 636 683 638 
930 48 754 47 
931 632 633 618 
932 675 676 674 
933 617 733 52 
934 740 755 754 
935 775 808 690 
936 608 723 722 
937 285 631 286 
938 614 728 727 
939 32 620 31 
940 307 621 308 
941 632 634 633 
942 606 760 759 
943 739 754 48 
944 622 758 752 
945 31 706 30 
946 308 711 309 
947 673 675 674 
948 708 709 707 
949 677 696 695 
950 47 754 607 
951 606 758 40 
952 39 758 622 
953 611 804 753 
954 606 759 758 
955 49 739 48 
956 51 734 50 
957 618 741 287 
958 733 734 51 
959 620 708 707 
960 733 738 734 
961 673 674 672 
962 700 701 684 
963 671 673 672 
964 676 689 674 
965 673 682 675 
966 723 724 722 
967 621 715 714 
968 613 769 768 
969 696 703 702 
970 668 747 666 
971 666 747 693 
972 671 672 670 
973 728 729 727 
974 610 739 49 
975 52 733 51 
976 669 671 670 
977 735 736 610 
978 606 787 760 
979 747 748 693 
980 613 768 290 
981 735 737 736 
982 605 765 764 
983 754 755 607 
984 291 768 767 
985 291 767 292 
986 750 751 745 
987 766 771 770 
988 669 670 668 
989 667 669 668 
990 667 681 669 
991 290 768 291 
992 770 771 615 
993 605 767 765 
994 605 764 763 
995 295 770 615 
996 41 787 606 
997 728 753 729 
998 764 766 763 
999 298 776 609 
1000 693 788 664 
1001 775 777 776 
1002 776 777 609 
1003 748 749 693 
1004 294 770 295 
1005 771 773 772 
1006 771 772 615 
1007 755 756 607 
1008 297 776 298 
1009 758 759 752 
1010 723 743 724 
1011 296 774 297 
1012 605 763 293 
1013 293 763 294 
1014 774 776 297 
1015 292 767 605 
1016 743 744 724 
1017 779 791 790 
1018 755 757 756 
1019 780 782 781 
1020 772 775 774 
1021 780 781 616 
1022 43 783 42 
1023 781 783 616 
1024 779 780 616 
1025 45 779 44 
1026 44 779 616 
1027 616 783 43 
1028 47 607 46 
1029 301 761 302 
1030 302 761 611 
1031 39 622 38 
1032 619 761 301 
1033 34 608 33 
1034 37 612 36 
1035 289 613 290 
1036 44 616 43 
1037 50 610 49 
1038 298 609 299 
1039 305 614 306 
1040 292 605 293 
1041 41 606 40 
1042 295 615 296 
1043 302 611 303 
1044 300 619 301 
1045 615 774 296 
1046 749 788 693 
1047 667 668 666 
1048 665 667 666 
1049 666 693 664 
1050 665 666 664 
1051 663 665 664 
1052 772 774 615 
1053 661 680 663 
1054 663 664 662 
1055 763 770 294 
1056 661 663 662 
1057 662 694 660 
1058 775 776 774 
1059 661 662 660 
1060 659 661 660 
1061 658 690 656 
1062 736 740 739 
1063 659 660 658 
1064 657 659 658 
1065 655 679 657 
1066 766 770 763 
1067 657 658 656 
1068 655 657 656 
1069 740 754 739 
1070 651 687 653 
1071 655 656 654 
1072 653 655 654 
1073 655 784 679 
1074 653 784 655 
1075 652 691 650 
1076 653 654 652 
1077 687 784 653 
1078 42 787 41 
1079 650 785 648 
1080 672 688 670 
1081 664 788 662 
1082 651 653 652 
1083 691 785 650 
1084 647 686 649 
1085 651 652 650 
1086 651 786 687 
1087 783 787 42 
1088 649 651 650 
1089 686 786 649 
1090 736 739 610 
1091 662 788 694 
1092 649 650 648 
1093 649 786 651 
1094 287 741 288 
1095 647 649 648 
1096 646 692 644 
1097 787 789 760 
1098 783 789 787 
1099 647 648 646 
1100 677 799 696 
1101 781 789 783 
1102 645 647 646 
1103 790 791 756 
1104 45 791 779 
1105 607 791 46 
1106 756 791 607 
1107 645 646 644 
1108 698 742 741 
1109 634 636 635 
1110 634 635 633 
1111 643 645 644 
1112 641 678 643 
1113 643 644 642 
1114 642 699 640 
1115 636 638 637 
1116 641 643 642 
1117 785 793 648 
1118 638 685 639 
1119 646 793 692 
1120 638 639 637 
1121 779 790 780 
1122 46 791 45 
1123 641 642 640 
1124 639 640 637 
1125 682 799 675 
1126 720 721 708 
1127 639 641 640 
1128 725 726 715 
1129 768 800 767 
1130 636 637 635 
1131 619 805 762 
1132 620 720 708 
1133 648 793 646 
1134 641 792 678 
1135 696 799 704 
1136 685 792 639 
1137 639 792 641 
1138 637 798 635 
1139 635 698 633 
1140 621 725 715 
1141 675 799 677 
1142 635 798 698 
1143 699 798 640 
1144 692 801 644 
1145 642 801 699 
1146 769 800 768 
1147 640 798 637 
1148 206 623 205 
1149 23 624 22 
1150 207 794 206 
1151 24 795 23 
1152 208 603 207 
1153 25 604 24 
1154 26 796 25 
1155 209 797 208 
1156 210 626 209 
1157 27 625 26 
1158 696 704 703 
1159 644 801 642 
1160 746 825 744 
1161 300 805 619 
1162 609 805 299 
1163 206 794 623 
1164 23 795 624 
1165 603 794 207 
1166 604 795 24 
1167 208 797 603 
1168 25 796 604 
1169 625 796 26 
1170 626 797 209 
1171 709 806 710 
1172 772 808 775 
1173 698 803 742 
1174 798 803 698 
1175 796 802 604 
1176 699 803 798 
1177 626 809 797 
1178 695 819 700 
1179 623 814 813 
1180 694 807 778 
1181 638 810 685 
1182 709 810 806 
1183 643 812 645 
1184 718 806 683 
1185 299 805 300 
1186 724 825 824 
1187 824 825 678 
1188 778 807 777 
1189 813 814 627 
1190 781 820 789 
1191 773 808 772 
1192 721 821 818 
1193 721 818 708 
1194 700 809 701 
1195 806 810 683 
1196 736 823 740 
1197 624 815 22 
1198 623 813 205 
1199 812 825 746 
1200 210 816 626 
1201 27 817 625 
1202 756 822 790 
1203 716 832 697 
1204 796 811 802 
1205 722 821 721 
1206 810 818 685 
1207 683 810 638 
1208 645 829 647 
1209 703 853 814 
1210 679 833 657 
1211 678 812 643 
1212 617 838 733 
1213 659 834 661 
1214 680 835 663 
1215 22 815 21 
1216 205 813 204 
1217 625 811 796 
1218 28 817 27 
1219 211 816 210 
1220 722 824 821 
1221 665 837 667 
1222 686 828 786 
1223 735 844 737 
1224 724 824 722 
1225 671 841 673 
1226 681 842 669 
1227 818 821 685 
1228 708 818 709 
1229 759 827 752 
1230 760 830 759 
1231 751 826 745 
1232 702 819 695 
1233 759 830 827 
1234 760 831 830 
1235 814 853 627 
1236 782 820 781 
1237 789 831 760 
1238 709 818 810 
1239 719 847 718 
1240 627 853 705 
1241 794 845 623 
1242 704 839 703 
1243 757 822 756 
1244 685 821 792 
1245 790 836 780 
1246 809 852 797 
1247 737 844 841 
1248 737 823 736 
1249 740 840 755 
1250 821 824 792 
1251 820 833 679 
1252 628 854 716 
1253 792 824 678 
1254 713 855 630 
1255 718 847 802 
1256 712 856 629 
1257 682 843 799 
1258 682 844 843 
1259 4 849 55 
1260 2 848 284 
1261 29 850 3 
1262 310 851 13 
1263 822 835 680 
1264 678 825 812 
1265 744 825 724 
1266 204 849 4 
1267 21 848 2 
1268 13 851 211 
1269 3 850 28 
1270 604 847 795 
1271 700 852 809 
1272 823 842 681 
1273 745 826 746 
1274 626 856 809 
1275 802 846 718 
1276 625 855 811 
1277 752 828 751 
1278 780 836 782 
1279 755 840 757 
1280 782 833 820 
1281 786 827 687 
1282 697 832 719 
1283 827 830 687 
1284 718 846 806 
1285 647 829 686 
1286 687 830 784 
1287 830 831 784 
1288 784 831 679 
1289 657 833 659 
1290 799 843 704 
1291 815 854 628 
1292 630 855 817 
1293 629 856 816 
1294 661 834 680 
1295 663 835 665 
1296 705 839 617 
1297 667 837 681 
1298 733 838 738 
1299 757 835 822 
1300 738 844 735 
1301 669 842 671 
1302 673 841 682 
1303 843 844 738 
1304 737 842 823 
1305 826 829 746 
1306 786 828 827 
1307 686 829 826 
1308 827 828 752 
1309 841 844 682 
1310 819 852 700 
1311 716 854 832 
1312 782 836 834 
1313 55 849 627 
1314 284 848 628 
1315 629 851 310 
1316 630 850 29 
1317 757 840 837 
1318 704 843 838 
1319 623 845 814 
1320 834 836 680 
1321 837 840 681 
1322 802 847 604 
1323 838 843 738 
1324 797 852 603 
1325 811 846 802 
1326 806 846 710 
1327 603 852 819 
1328 627 849 813 
1329 628 848 815 
1330 816 851 629 
1331 817 850 630 
1332 624 854 815 
1333 817 855 625 
1334 816 856 626 
1335 710 846 811 
1336 813 849 204 
1337 815 848 21 
1338 211 851 816 
1339 28 850 817 
1340 832 854 624 
1341 839 853 703 
1342 705 853 839 
2 8 2 194
1343 888 895 113 
1344 858 860 103 
1345 114 888 113 
1346 64 74 65 
1347 73 74 64 
1348 58 5 67 
1349 3 895 888 
1350 20 890 2 
1351 103 860 102 
1352 75 888 9 
1353 72 73 63 
1354 63 73 64 
1355 9 888 114 
1356 1 890 20 
1357 62 72 63 
1358 857 900 105 
1359 71 72 62 
1360 67 68 58 
1361 105 901 857 
1362 5 892 67 
1363 103 893 858 
1364 76 877 75 
1365 70 71 61 
1366 860 867 102 
1367 2 890 21 
1368 61 71 62 
1369 106 890 1 
1370 68 69 59 
1371 58 68 59 
1372 69 70 60 
1373 884 885 77 
1374 877 888 75 
1375 78 884 77 
1376 60 70 61 
1377 59 69 60 
1378 79 883 78 
1379 76 885 877 
1380 867 875 101 
1381 883 884 78 
1382 77 885 76 
1383 111 899 898 
1384 80 882 79 
1385 882 883 79 
1386 81 880 80 
1387 880 882 80 
1388 82 879 81 
1389 879 880 81 
1390 102 867 101 
1391 111 898 110 
1392 83 878 82 
1393 878 879 82 
1394 84 876 83 
1395 98 886 97 
1396 101 875 100 
1397 876 878 83 
1398 85 874 84 
1399 100 873 99 
1400 88 881 87 
1401 874 876 84 
1402 86 871 85 
1403 99 870 98 
1404 100 875 873 
1405 87 869 86 
1406 871 874 85 
1407 99 873 870 
1408 91 861 90 
1409 869 871 86 
1410 55 860 4 
1411 92 872 91 
1412 93 859 92 
1413 863 865 48 
1414 865 868 49 
1415 862 863 47 
1416 49 868 50 
1417 48 865 49 
1418 47 863 48 
1419 91 872 861 
1420 861 864 90 
1421 859 872 92 
1422 93 862 859 
1423 87 881 869 
1424 46 862 47 
1425 870 886 98 
1426 54 875 867 
1427 42 866 864 
1428 859 862 46 
1429 897 899 111 
1430 41 866 42 
1431 42 864 43 
1432 857 901 892 
1433 864 866 89 
1434 90 864 89 
1435 89 866 88 
1436 866 881 88 
1437 43 864 861 
1438 112 897 111 
1439 3 877 29 
1440 94 863 862 
1441 94 862 93 
1442 95 865 863 
1443 96 865 95 
1444 95 863 94 
1445 97 868 96 
1446 96 868 865 
1447 97 886 868 
1448 110 898 896 
1449 110 896 109 
1450 38 871 39 
1451 51 870 52 
1452 44 872 45 
1453 39 869 40 
1454 43 861 44 
1455 45 859 46 
1456 52 873 53 
1457 30 885 884 
1458 37 874 38 
1459 53 875 54 
1460 39 871 869 
1461 861 872 44 
1462 45 872 859 
1463 870 873 52 
1464 67 892 66 
1465 36 876 37 
1466 41 881 866 
1467 38 874 871 
1468 873 875 53 
1469 40 881 41 
1470 37 876 874 
1471 35 878 36 
1472 36 878 876 
1473 34 879 35 
1474 29 885 30 
1475 35 879 878 
1476 33 880 34 
1477 868 886 50 
1478 4 860 858 
1479 50 886 51 
1480 32 882 33 
1481 34 880 879 
1482 869 881 40 
1483 31 883 32 
1484 33 882 880 
1485 54 867 55 
1486 30 884 31 
1487 32 883 882 
1488 31 884 883 
1489 877 885 29 
1490 51 886 870 
1491 113 895 112 
1492 895 897 112 
1493 109 894 108 
1494 56 887 57 
1495 57 857 5 
1496 4 858 56 
1497 109 896 894 
1498 3 888 877 
1499 55 867 860 
1500 108 891 107 
1501 7 902 74 
1502 858 887 56 
1503 57 887 857 
1504 108 894 891 
1505 107 889 106 
1506 105 900 104 
1507 104 893 103 
1508 107 891 889 
1509 66 901 8 
1510 21 889 22 
1511 74 902 65 
1512 8 901 105 
1513 22 891 23 
1514 6 902 7 
1515 23 894 24 
1516 28 895 3 
1517 24 896 25 
1518 889 891 22 
1519 27 897 28 
1520 25 898 26 
1521 26 899 27 
1522 65 902 6 
1523 891 894 23 
1524 894 896 24 
1525 28 897 895 
1526 896 898 25 
1527 27 899 897 
1528 898 899 26 
1529 857 892 5 
1530 858 893 887 
1531 887 900 857 
1532 893 900 887 
1533 21 890 889 
1534 889 890 106 
1535 104 900 893 
1536 892 901 66 
2 9 2 1725
1537 1338 1632 1125 
1538 1303 1351 933 
1539 1327 1329 1278 
1540 1395 1397 1121 
1541 1336 1632 1338 
1542 1371 1607 1545 
1543 1545 1643 1371 
1544 1355 1357 1263 
1545 123 1644 10 
1546 933 1635 1303 
1547 10 1644 147 
1548 1278 1639 1327 
1549 1348 1350 926 
1550 1386 1388 1138 
1551 1186 1616 1478 
1552 1478 1679 1186 
1553 1388 1657 1138 
1554 1350 1637 926 
1555 1397 1625 1121 
1556 1317 1618 1389 
1557 1357 1631 1263 
1558 1129 1632 1335 
1559 1553 1628 1306 
1560 152 1621 1309 
1561 1055 1629 1310 
1562 1309 1649 152 
1563 1310 1630 1055 
1564 1553 1627 1626 
1565 1626 1627 931 
1566 187 1378 186 
1567 1096 1458 1358 
1568 1308 1691 909 
1569 909 1692 1308 
1570 133 1623 1318 
1571 1389 1646 1317 
1572 1686 1688 919 
1573 1307 1688 1686 
1574 1318 1647 133 
1575 1475 1698 1617 
1576 932 1574 1462 
1577 1475 1617 1140 
1578 1357 1359 1036 
1579 1072 1628 1553 
1580 1121 1619 1395 
1581 187 1650 1378 
1582 1335 1563 1129 
1583 1458 1648 1358 
1584 1335 1632 1336 
1585 1574 1689 1462 
1586 1330 1644 122 
1587 1263 1610 1355 
1588 1350 1535 1489 
1589 1369 1643 1531 
1590 1125 1625 1338 
1591 122 1644 123 
1592 1311 1401 1078 
1593 1535 1635 1489 
1594 1655 1678 1464 
1595 1303 1620 1351 
1596 1292 1678 1655 
1597 926 1615 1348 
1598 1674 1675 1290 
1599 1467 1675 1674 
1600 1542 1623 921 
1601 1671 1672 1289 
1602 1466 1672 1671 
1603 1328 1639 1143 
1604 921 1697 1542 
1605 1603 1604 1374 
1606 1666 1667 1286 
1607 1545 1607 1300 
1608 1469 1667 1666 
1609 922 1604 1603 
1610 1371 1643 1369 
1611 1600 1601 1391 
1612 1269 1541 1456 
1613 1572 1581 1341 
1614 903 1601 1600 
1615 1598 1599 1400 
1616 1030 1599 1598 
1617 1596 1597 1409 
1618 904 1597 1596 
1619 1593 1595 1415 
1620 1329 1622 1278 
1621 1342 1541 1269 
1622 1031 1595 1593 
1623 1589 1591 1417 
1624 1240 1341 1340 
1625 905 1591 1589 
1626 1651 1664 1487 
1627 1085 1342 1269 
1628 1339 1342 1100 
1629 1587 1588 1413 
1630 1029 1588 1587 
1631 1313 1324 1279 
1632 917 1664 1651 
1633 1584 1585 1411 
1634 1240 1340 1339 
1635 1135 1324 1132 
1636 906 1585 1584 
1637 1240 1339 1100 
1638 1582 1583 1419 
1639 1032 1583 1582 
1640 931 1627 1310 
1641 1403 1570 1352 
1642 1389 1618 1387 
1643 1144 1330 1329 
1644 1100 1342 1085 
1645 1144 1329 1326 
1646 1144 1326 146 
1647 1279 1324 1135 
1648 1489 1635 933 
1649 1375 1602 1374 
1650 1132 1324 1134 
1651 1326 1329 1327 
1652 1440 1576 1575 
1653 1456 1541 1009 
1654 1265 1530 1455 
1655 1602 1603 1374 
1656 1575 1576 997 
1657 1403 1405 952 
1658 1009 1538 1455 
1659 1438 1573 1571 
1660 1055 1630 1622 
1661 1009 1541 1538 
1662 907 1581 1572 
1663 1319 1486 1003 
1664 1571 1573 1037 
1665 1420 1514 1004 
1666 1455 1538 1265 
1667 1516 1530 1265 
1668 1421 1513 1017 
1669 1486 1515 1016 
1670 1003 1530 1516 
1671 1447 1560 1006 
1672 1435 1569 1568 
1673 1543 1555 1405 
1674 1320 1420 1016 
1675 1422 1512 1005 
1676 1321 1421 1004 
1677 1319 1515 1486 
1678 1003 1516 1319 
1679 1325 1436 1005 
1680 1322 1422 1017 
1681 1016 1515 1320 
1682 1320 1514 1420 
1683 1568 1569 998 
1684 1004 1514 1321 
1685 1321 1513 1421 
1686 952 1570 1403 
1687 1436 1508 1018 
1688 1331 1447 1018 
1689 1359 1645 1036 
1690 1017 1513 1322 
1691 1322 1512 1422 
1692 1005 1512 1325 
1693 1405 1555 952 
1694 1325 1508 1436 
1695 1328 1333 1332 
1696 1018 1508 1331 
1697 1240 1561 1341 
1698 1341 1581 1340 
1699 143 1332 927 
1700 1266 1473 1196 
1701 1270 1578 1323 
1702 1472 1473 1266 
1703 1196 1473 1198 
1704 73 1272 74 
1705 1332 1333 927 
1706 1038 1566 1435 
1707 147 1144 146 
1708 1268 1313 1306 
1709 1270 1579 1578 
1710 1264 1641 1611 
1711 1262 1555 1543 
1712 1277 1310 1279 
1713 1349 1543 1406 
1714 1326 1327 1026 
1715 1331 1560 1447 
1716 999 1559 1431 
1717 1341 1561 1033 
1718 1268 1306 1305 
1719 1039 1549 1426 
1720 1143 1638 1328 
1721 1406 1407 1349 
1722 1277 1279 1135 
1723 1000 1534 1424 
1724 1397 1429 1338 
1725 1136 1277 1135 
1726 1393 1429 1397 
1727 1266 1474 1472 
1728 1228 1342 1339 
1729 145 1326 1026 
1730 1564 1566 1038 
1731 1344 1565 1242 
1732 948 1565 1344 
1733 1134 1324 1268 
1734 1054 1483 1428 
1735 1556 1559 999 
1736 1327 1639 1328 
1737 1231 1453 1452 
1738 1231 1491 1453 
1739 998 1569 1438 
1740 1544 1549 1039 
1741 144 1332 143 
1742 1008 1500 1343 
1743 1343 1484 1008 
1744 916 1372 194 
1745 997 1576 1323 
1746 1037 1573 1440 
1747 71 1351 1027 
1748 1134 1268 1267 
1749 1483 1522 1445 
1750 1001 1446 1445 
1751 1517 1534 1000 
1752 1349 1407 1346 
1753 1452 1499 1231 
1754 1424 1544 1000 
1755 1426 1556 1039 
1756 1424 1549 1544 
1757 991 1474 993 
1758 1428 1534 1517 
1759 1065 1499 1452 
1760 146 1326 145 
1761 1474 1500 1008 
1762 1130 1132 1131 
1763 1426 1559 1556 
1764 1431 1564 999 
1765 1054 1522 1483 
1766 1446 1540 1442 
1767 1428 1517 1054 
1768 1435 1568 1038 
1769 1431 1566 1564 
1770 1133 1135 1132 
1771 1126 1128 1127 
1772 1435 1566 1434 
1773 1019 1429 1393 
1774 943 1536 1366 
1775 1366 1536 1367 
1776 1438 1571 998 
1777 1129 1130 1128 
1778 1347 1577 1535 
1779 194 1372 193 
1780 1440 1575 1037 
1781 1450 1554 908 
1782 1445 1522 1001 
1783 1323 1578 997 
1784 1125 1126 1124 
1785 1352 1570 1344 
1786 71 1027 72 
1787 1431 1559 1430 
1788 1389 1460 1459 
1789 1343 1518 1484 
1790 1057 1361 1360 
1791 1484 1518 1028 
1792 1119 1404 1117 
1793 1057 1520 1361 
1794 1006 1560 1473 
1795 1472 1474 991 
1796 1065 1452 1451 
1797 145 1026 144 
1798 1352 1402 1230 
1799 1119 1406 1404 
1800 918 1460 1385 
1801 1333 1335 1334 
1802 1001 1540 1446 
1803 1033 1561 1558 
1804 1463 1521 1360 
1805 1266 1500 1474 
1806 1451 1454 1065 
1807 1136 1278 1277 
1808 1126 1129 1128 
1809 193 1372 1370 
1810 1426 1549 1425 
1811 1130 1133 1132 
1812 1049 1498 1047 
1813 1346 1407 1123 
1814 993 1474 1008 
1815 1130 1131 1128 
1816 1448 1554 1450 
1817 1230 1403 1352 
1818 1404 1406 1405 
1819 1360 1521 1057 
1820 1367 1536 1235 
1821 193 1370 192 
1822 918 1385 1384 
1823 1126 1127 1124 
1824 1230 1402 1115 
1825 1071 1362 1086 
1826 918 1384 1383 
1827 1268 1305 1267 
1828 908 1554 1551 
1829 949 1353 191 
1830 1362 1363 1086 
1831 1354 1355 1079 
1832 1235 1498 1367 
1833 1385 1460 1389 
1834 1356 1357 1355 
1835 1242 1363 1362 
1836 140 1550 1019 
1837 1354 1356 1355 
1838 1333 1334 927 
1839 1228 1541 1342 
1840 1424 1534 1423 
1841 1132 1134 1131 
1842 949 1368 1353 
1843 1353 1368 1354 
1844 70 1351 71 
1845 933 1351 70 
1846 918 1383 128 
1847 1354 1368 1358 
1848 1327 1328 1026 
1849 1356 1359 1357 
1850 1133 1136 1135 
1851 1268 1324 1313 
1852 1353 1354 1079 
1853 1455 1530 961 
1854 1195 1374 1373 
1855 137 1398 136 
1856 1375 1601 903 
1857 1274 1458 1103 
1858 1052 1498 1049 
1859 1122 1124 1123 
1860 1195 1373 1190 
1861 1047 1498 1235 
1862 1077 1362 1071 
1863 938 1454 940 
1864 1256 1380 1194 
1865 1365 1557 1366 
1866 128 1383 127 
1867 1117 1404 1230 
1868 1012 1457 996 
1869 1020 1381 1376 
1870 1028 1518 1064 
1871 190 1353 1079 
1872 1019 1550 1429 
1873 1103 1458 1090 
1874 1445 1446 1444 
1875 129 1460 918 
1876 1149 1443 1106 
1877 1065 1454 938 
1878 190 1079 189 
1879 1149 1444 1443 
1880 940 1454 1432 
1881 1385 1386 1384 
1882 1456 1488 1269 
1883 1064 1091 1090 
1884 1334 1547 927 
1885 1236 1444 1151 
1886 1062 1521 1463 
1887 1376 1381 1377 
1888 1020 1376 126 
1889 1377 1378 1146 
1890 1562 1565 948 
1891 1535 1577 1304 
1892 1091 1103 1090 
1893 908 1558 1450 
1894 1391 1599 1030 
1895 1019 1393 1392 
1896 1255 1390 1199 
1897 1558 1561 1450 
1898 1195 1380 1375 
1899 996 1457 994 
1900 1236 1445 1444 
1901 1122 1125 1124 
1902 1428 1483 1427 
1903 919 1481 1480 
1904 1400 1597 904 
1905 1151 1444 1149 
1906 1117 1230 1115 
1907 1115 1402 1112 
1908 1190 1373 1104 
1909 1195 1375 1374 
1910 1443 1446 1442 
1911 1091 1104 1103 
1912 1551 1554 1453 
1913 1188 1344 1242 
1914 1418 1419 1249 
1915 1078 1401 199 
1916 1363 1364 1086 
1917 1410 1411 1250 
1918 1003 1486 965 
1919 1137 1548 1546 
1920 1412 1413 1251 
1921 919 1480 176 
1922 1238 1424 1423 
1923 1416 1417 1252 
1924 1394 1396 928 
1925 1104 1273 1103 
1926 1454 1492 1432 
1927 1473 1560 1198 
1928 195 1461 916 
1929 1241 1426 1425 
1930 1323 1433 1187 
1931 1243 1431 1430 
1932 1019 1392 139 
1933 1237 1428 1427 
1934 1451 1492 1454 
1935 1104 1373 1273 
1936 1441 1457 1012 
1937 1376 1377 1146 
1938 1254 1399 1203 
1939 1409 1595 1031 
1940 1392 1394 928 
1941 1237 1427 1155 
1942 196 1462 1461 
1943 1194 1380 1192 
1944 192 1370 949 
1945 1363 1365 1364 
1946 1253 1408 1207 
1947 1377 1379 1378 
1948 1225 1418 1249 
1949 1221 1410 1250 
1950 1238 1423 1159 
1951 1217 1412 1251 
1952 1273 1315 1274 
1953 1188 1242 1101 
1954 1448 1450 1239 
1955 1252 1414 1211 
1956 1213 1416 1252 
1957 971 1420 1004 
1958 975 1421 1017 
1959 192 949 191 
1960 1241 1425 1163 
1961 1123 1407 1120 
1962 979 1422 1005 
1963 1243 1430 1167 
1964 1169 1434 1243 
1965 1005 1436 981 
1966 125 1146 124 
1967 1173 1437 1244 
1968 936 1499 1065 
1969 1415 1591 905 
1970 1102 1188 1101 
1971 1018 1447 985 
1972 1177 1439 1245 
1973 125 1376 1146 
1974 1008 1484 995 
1975 1387 1388 1386 
1976 1385 1387 1386 
1977 1187 1433 1183 
1978 1192 1380 1195 
1979 1491 1551 1453 
1980 1099 1448 1239 
1981 1393 1394 1392 
1982 1062 1463 1088 
1983 1192 1195 1190 
1984 1064 1090 1089 
1985 1071 1086 1059 
1986 940 1432 942 
1987 955 1488 1456 
1988 1189 1190 1104 
1989 1393 1395 1394 
1990 1015 1441 1012 
1991 1444 1446 1443 
1992 1026 1332 144 
1993 1106 1443 1105 
1994 1105 1442 1441 
1995 1095 1101 1077 
1996 957 1456 1009 
1997 1197 1256 1194 
1998 1390 1391 1256 
1999 1191 1192 1190 
2000 191 1353 190 
2001 1199 1390 1197 
2002 915 1459 131 
2003 1417 1588 1029 
2004 928 1398 137 
2005 1197 1390 1256 
2006 138 1392 928 
2007 1188 1402 1352 
2008 1337 1547 1334 
2009 138 928 137 
2010 132 915 131 
2011 195 916 194 
2012 1155 1427 1153 
2013 135 921 134 
2014 1053 1084 1083 
2015 1084 1099 1085 
2016 1306 1314 1305 
2017 170 1471 913 
2018 913 1467 169 
2019 172 1464 1025 
2020 164 1465 1024 
2021 158 1470 910 
2022 160 1468 1021 
2023 1024 1469 163 
2024 1023 1466 167 
2025 1020 1382 1381 
2026 1365 1366 1364 
2027 1099 1239 1100 
2028 1193 1194 1192 
2029 1452 1453 1449 
2030 1273 1274 1103 
2031 1477 1478 914 
2032 1114 1115 1112 
2033 200 1078 199 
2034 176 1480 175 
2035 1399 1400 1255 
2036 1364 1497 1086 
2037 1101 1362 1077 
2038 1413 1585 906 
2039 198 1401 932 
2040 127 1383 1020 
2041 1028 1064 1063 
2042 1201 1255 1199 
2043 1188 1352 1344 
2044 946 1053 950 
2045 1105 1443 1442 
2046 1408 1409 1254 
2047 1229 1448 1099 
2048 932 1462 197 
2049 1459 1460 130 
2050 196 1461 195 
2051 1414 1415 1253 
2052 1203 1399 1201 
2053 1081 1105 1068 
2054 1296 1298 1297 
2055 1141 1296 1295 
2056 1393 1397 1395 
2057 1110 1496 1284 
2058 1244 1435 1434 
2059 1196 1197 1194 
2060 1150 1151 1149 
2061 1245 1438 1437 
2062 1153 1427 1236 
2063 1153 1236 1151 
2064 1360 1361 1298 
2065 1159 1423 1157 
2066 1157 1237 1155 
2067 1053 1083 950 
2068 1084 1085 1083 
2069 174 1477 914 
2070 1105 1441 1068 
2071 1091 1189 1104 
2072 1246 1440 1439 
2073 955 1456 957 
2074 1442 1457 1441 
2075 1081 1106 1105 
2076 959 1455 961 
2077 1148 1149 1106 
2078 1296 1463 1360 
2079 957 1009 959 
2080 1205 1254 1203 
2081 1088 1141 1139 
2082 1201 1399 1255 
2083 1339 1340 1227 
2084 1102 1402 1188 
2085 1099 1100 1085 
2086 963 1003 965 
2087 1248 1270 1187 
2088 1161 1238 1159 
2089 130 1460 129 
2090 1225 1249 1223 
2091 1221 1250 1219 
2092 1209 1253 1207 
2093 1411 1583 1032 
2094 1239 1240 1100 
2095 1296 1297 1295 
2096 1217 1251 1215 
2097 1213 1252 1211 
2098 971 1004 973 
2099 1207 1408 1205 
2100 967 1016 969 
2101 1165 1241 1163 
2102 979 1005 981 
2103 1227 1418 1225 
2104 975 1017 977 
2105 985 1447 987 
2106 987 1006 989 
2107 1095 1102 1101 
2108 1163 1425 1161 
2109 1223 1410 1221 
2110 1367 1497 1364 
2111 969 1420 971 
2112 1169 1243 1167 
2113 987 1447 1006 
2114 1219 1412 1217 
2115 1173 1244 1171 
2116 973 1421 975 
2117 1215 1416 1213 
2118 1211 1414 1209 
2119 949 1369 1368 
2120 981 1436 983 
2121 977 1422 979 
2122 1157 1423 1237 
2123 1177 1245 1175 
2124 1167 1430 1165 
2125 983 1018 985 
2126 1009 1455 959 
2127 1171 1434 1169 
2128 942 1432 946 
2129 1181 1246 1179 
2130 1482 1487 1147 
2131 1189 1191 1190 
2132 1175 1437 1173 
2133 1152 1153 1151 
2134 1340 1418 1227 
2135 1083 1488 950 
2136 1179 1439 1177 
2137 1365 1562 1557 
2138 1205 1408 1254 
2139 1269 1488 1083 
2140 1006 1473 1472 
2141 1354 1358 1356 
2142 1185 1187 1183 
2143 127 1020 126 
2144 129 918 128 
2145 1270 1323 1187 
2146 1249 1410 1223 
2147 1161 1425 1238 
2148 140 1019 139 
2149 1298 1299 1297 
2150 1229 1449 1448 
2151 1285 1482 1097 
2152 1250 1412 1219 
2153 1016 1420 969 
2154 1209 1414 1253 
2155 1345 1347 1346 
2156 1296 1360 1298 
2157 1251 1416 1215 
2158 1004 1421 973 
2159 1017 1422 977 
2160 1165 1430 1241 
2161 1244 1434 1171 
2162 1245 1437 1175 
2163 983 1436 1018 
2164 1246 1439 1179 
2165 1236 1483 1445 
2166 1183 1433 1181 
2167 198 932 197 
2168 1068 1441 1015 
2169 1477 1479 1478 
2170 1059 1497 1052 
2171 1198 1199 1197 
2172 1084 1229 1099 
2173 1419 1581 907 
2174 1191 1193 1192 
2175 199 1401 198 
2176 1148 1150 1149 
2177 1181 1433 1246 
2178 126 1376 125 
2179 168 1467 1023 
2180 166 1466 912 
2181 912 1465 165 
2182 914 1464 173 
2183 1021 1470 159 
2184 1025 1471 171 
2185 911 1468 161 
2186 162 1469 911 
2187 1154 1155 1153 
2188 1442 1540 1457 
2189 946 1432 1053 
2190 1147 1487 1282 
2191 1185 1248 1187 
2192 68 1489 69 
2193 69 1489 933 
2194 1141 1295 1294 
2195 1284 1285 1097 
2196 197 1462 196 
2197 1313 1553 1306 
2198 131 1459 130 
2199 1193 1196 1194 
2200 936 1065 938 
2201 1525 1690 1382 
2202 1427 1483 1236 
2203 965 1486 967 
2204 139 1392 138 
2205 1285 1487 1482 
2206 1141 1463 1296 
2207 946 950 947 
2208 1406 1543 1405 
2209 1041 1485 1043 
2210 1088 1463 1141 
2211 1067 1068 1015 
2212 1156 1157 1155 
2213 164 1024 163 
2214 177 919 176 
2215 172 1025 171 
2216 166 912 165 
2217 174 914 173 
2218 158 910 157 
2219 160 1021 159 
2220 162 911 161 
2221 170 913 169 
2222 168 1023 167 
2223 180 909 179 
2224 1200 1201 1199 
2225 1007 1484 1028 
2226 1348 1349 1346 
2227 156 1476 1022 
2228 1007 1028 1013 
2229 175 1477 174 
2230 1150 1152 1151 
2231 1006 1472 989 
2232 1497 1498 1052 
2233 1141 1294 1139 
2234 1284 1309 1285 
2235 1383 1384 1382 
2236 955 957 956 
2237 995 1484 1007 
2238 1311 1312 1247 
2239 1202 1203 1201 
2240 1158 1159 1157 
2241 910 1476 157 
2242 957 959 958 
2243 1242 1362 1101 
2244 1107 1232 1108 
2245 959 961 960 
2246 1147 1148 1106 
2247 1124 1345 1123 
2248 1432 1492 1053 
2249 1204 1205 1203 
2250 1230 1404 1403 
2251 1160 1161 1159 
2252 1116 1117 1115 
2253 1043 1485 1061 
2254 961 963 962 
2255 1196 1198 1197 
2256 942 946 945 
2257 963 965 964 
2258 169 1467 168 
2259 171 1471 170 
2260 167 1466 166 
2261 161 1468 160 
2262 173 1464 172 
2263 165 1465 164 
2264 159 1470 158 
2265 163 1469 162 
2266 989 1472 991 
2267 1084 1492 1229 
2268 1206 1207 1205 
2269 1162 1163 1161 
2270 965 967 966 
2271 967 969 968 
2272 175 1480 1477 
2273 969 971 970 
2274 1164 1165 1163 
2275 993 1008 995 
2276 971 973 972 
2277 1242 1565 1363 
2278 1208 1209 1207 
2279 1002 1533 1233 
2280 973 975 974 
2281 951 955 954 
2282 975 977 976 
2283 977 979 978 
2284 979 981 980 
2285 1210 1211 1209 
2286 1166 1167 1165 
2287 1090 1458 1096 
2288 1212 1213 1211 
2289 1061 1107 1074 
2290 1168 1169 1167 
2291 1214 1215 1213 
2292 1216 1217 1215 
2293 1220 1221 1219 
2294 1218 1219 1217 
2295 1170 1171 1169 
2296 1080 1081 1068 
2297 1222 1223 1221 
2298 1058 1059 1052 
2299 1172 1173 1171 
2300 1480 1481 1479 
2301 1152 1154 1153 
2302 981 983 982 
2303 1174 1175 1173 
2304 1224 1225 1223 
2305 1176 1177 1175 
2306 1061 1485 1107 
2307 1178 1179 1177 
2308 1112 1402 1102 
2309 1228 1339 1227 
2310 1180 1181 1179 
2311 1226 1227 1225 
2312 983 985 984 
2313 1070 1071 1059 
2314 1345 1346 1123 
2315 1120 1407 1119 
2316 1485 1532 1526 
2317 1182 1183 1181 
2318 951 1488 955 
2319 1184 1185 1183 
2320 1451 1452 1449 
2321 1110 1284 1097 
2322 967 1486 1016 
2323 1299 1308 1297 
2324 1081 1482 1147 
2325 1097 1482 1080 
2326 985 987 986 
2327 1385 1389 1387 
2328 1119 1407 1406 
2329 1080 1482 1081 
2330 1154 1156 1155 
2331 1148 1493 1150 
2332 157 1476 156 
2333 1198 1200 1199 
2334 1150 1493 1280 
2335 1067 1080 1068 
2336 987 989 988 
2337 156 1022 155 
2338 1076 1077 1071 
2339 1396 1398 928 
2340 1229 1492 1451 
2341 1081 1147 1106 
2342 1090 1096 1089 
2343 946 947 945 
2344 1312 1496 1247 
2345 143 927 142 
2346 66 926 67 
2347 69 933 70 
2348 1085 1269 1083 
2349 1546 1548 1361 
2350 950 951 947 
2351 1520 1546 1361 
2352 1156 1158 1157 
2353 1526 1532 1233 
2354 1200 1202 1201 
2355 1477 1480 1479 
2356 1107 1108 1074 
2357 1051 1052 1049 
2358 1107 1526 1232 
2359 957 958 956 
2360 1232 1275 1108 
2361 955 956 954 
2362 1087 1271 1145 
2363 989 991 990 
2364 1088 1139 1092 
2365 1158 1160 1159 
2366 1047 1235 1045 
2367 1247 1496 1110 
2368 1202 1204 1203 
2369 959 960 958 
2370 1147 1282 1148 
2371 1233 1533 1526 
2372 1370 1371 1369 
2373 961 962 960 
2374 1114 1116 1115 
2375 1160 1162 1161 
2376 963 964 962 
2377 1204 1206 1205 
2378 950 1488 951 
2379 965 966 964 
2380 1022 1490 155 
2381 1162 1164 1163 
2382 967 968 966 
2383 969 970 968 
2384 155 1490 154 
2385 1206 1208 1207 
2386 971 972 970 
2387 1164 1166 1165 
2388 973 974 972 
2389 1423 1534 1237 
2390 975 976 974 
2391 977 978 976 
2392 1166 1168 1167 
2393 979 980 978 
2394 1208 1210 1209 
2395 1168 1170 1169 
2396 1170 1172 1171 
2397 1210 1212 1211 
2398 1086 1497 1059 
2399 1172 1174 1173 
2400 1178 1180 1179 
2401 1174 1176 1175 
2402 1176 1178 1177 
2403 1212 1214 1213 
2404 1180 1182 1181 
2405 981 982 980 
2406 1214 1216 1215 
2407 1216 1218 1217 
2408 1218 1220 1219 
2409 1087 1527 1271 
2410 1053 1492 1084 
2411 1182 1184 1183 
2412 1111 1112 1102 
2413 1220 1222 1221 
2414 1082 1097 1080 
2415 930 936 935 
2416 1222 1224 1223 
2417 1184 1186 1185 
2418 983 984 982 
2419 1224 1226 1225 
2420 1226 1228 1227 
2421 1094 1095 1077 
2422 1043 1061 1060 
2423 1235 1494 1045 
2424 1150 1280 1152 
2425 985 986 984 
2426 1404 1405 1403 
2427 1335 1336 1334 
2428 1366 1367 1364 
2429 961 1530 963 
2430 1064 1089 1063 
2431 1020 1383 1382 
2432 936 938 937 
2433 1042 1494 1040 
2434 1367 1498 1497 
2435 1139 1475 1140 
2436 1061 1074 1073 
2437 154 917 153 
2438 987 988 986 
2439 1229 1451 1449 
2440 1028 1063 1013 
2441 1294 1475 1139 
2442 1315 1604 922 
2443 938 940 939 
2444 1066 1067 1015 
2445 90 905 91 
2446 105 920 8 
2447 82 903 83 
2448 84 1030 85 
2449 86 904 87 
2450 88 1031 89 
2451 92 1029 93 
2452 94 906 95 
2453 96 1032 97 
2454 98 907 99 
2455 100 1033 101 
2456 102 908 103 
2457 1193 1266 1196 
2458 1109 1293 1257 
2459 940 942 941 
2460 920 1231 925 
2461 951 954 953 
2462 1282 1493 1148 
2463 1062 1088 1069 
2464 1154 1281 1156 
2465 942 945 944 
2466 989 990 988 
2467 1109 1137 1073 
2468 183 923 182 
2469 1061 1073 1060 
2470 104 1491 105 
2471 154 1490 917 
2472 1050 1062 1056 
2473 1275 1276 1108 
2474 1046 1057 1048 
2475 1074 1109 1073 
2476 1109 1501 1293 
2477 951 953 947 
2478 1082 1110 1097 
2479 1051 1058 1052 
2480 1336 1338 1337 
2481 1139 1140 1092 
2482 938 939 937 
2483 1058 1070 1059 
2484 1044 1045 1042 
2485 940 941 939 
2486 1109 1257 1137 
2487 1116 1118 1117 
2488 1158 1283 1160 
2489 1043 1060 1044 
2490 1293 1307 1257 
2491 1033 1572 1341 
2492 945 1035 944 
2493 960 997 958 
2494 1002 1233 953 
2495 942 944 941 
2496 1200 1331 1202 
2497 184 1495 183 
2498 1064 1518 1091 
2499 1182 1292 1184 
2500 1162 1286 1164 
2501 964 1037 962 
2502 1113 1114 1112 
2503 1178 1291 1180 
2504 1204 1325 1206 
2505 1041 1043 1042 
2506 968 998 966 
2507 1347 1350 1348 
2508 1043 1044 1042 
2509 1174 1290 1176 
2510 1166 1288 1168 
2511 1170 1289 1172 
2512 972 1038 970 
2513 930 1499 936 
2514 976 999 974 
2515 1189 1343 1191 
2516 954 1002 953 
2517 1070 1076 1071 
2518 1208 1322 1210 
2519 1271 1300 1145 
2520 1067 1082 1080 
2521 1212 1321 1214 
2522 980 1039 978 
2523 1216 1320 1218 
2524 151 1010 150 
2525 984 1000 982 
2526 1258 1317 1316 
2527 1220 1319 1222 
2528 1045 1494 1042 
2529 1224 1265 1226 
2530 1014 1015 1012 
2531 936 937 935 
2532 1035 1040 944 
2533 185 1034 184 
2534 1041 1042 1040 
2535 904 1598 1400 
2536 1095 1111 1102 
2537 1280 1502 1152 
2538 1108 1501 1074 
2539 1011 1012 996 
2540 1370 1372 1371 
2541 1338 1429 1337 
2542 1152 1502 1154 
2543 1118 1119 1117 
2544 1031 1596 1409 
2545 1035 1041 1040 
2546 1074 1501 1109 
2547 105 1491 920 
2548 1044 1046 1045 
2549 991 992 990 
2550 1076 1094 1077 
2551 1156 1504 1158 
2552 947 1503 945 
2553 991 993 992 
2554 1180 1505 1182 
2555 1160 1507 1162 
2556 1154 1502 1281 
2557 150 1519 149 
2558 1176 1506 1178 
2559 1168 1509 1170 
2560 1164 1511 1166 
2561 1172 1510 1174 
2562 988 1054 986 
2563 1088 1092 1069 
2564 945 1503 1035 
2565 1494 1524 1040 
2566 1202 1508 1204 
2567 1281 1504 1156 
2568 1206 1512 1208 
2569 1276 1501 1108 
2570 1046 1047 1045 
2571 1210 1513 1212 
2572 1067 1523 1082 
2573 1062 1069 1056 
2574 1046 1048 1047 
2575 1214 1514 1216 
2576 1218 1515 1220 
2577 905 1593 1415 
2578 1494 1536 1524 
2579 1118 1121 1120 
2580 953 1503 947 
2581 1222 1516 1224 
2582 1048 1049 1047 
2583 1041 1532 1485 
2584 1030 1600 1391 
2585 1082 1234 1110 
2586 1191 1500 1193 
2587 1158 1504 1283 
2588 949 1370 1369 
2589 1283 1507 1160 
2590 183 1495 923 
2591 930 935 934 
2592 992 1001 990 
2593 1111 1113 1112 
2594 1066 1523 1067 
2595 1233 1503 953 
2596 79 922 80 
2597 1193 1500 1266 
2598 1057 1521 1048 
2599 1234 1247 1110 
2600 1048 1050 1049 
2601 1182 1505 1292 
2602 1162 1507 1286 
2603 920 1491 1231 
2604 1291 1505 1180 
2605 925 930 929 
2606 1178 1506 1291 
2607 941 943 939 
2608 1286 1511 1164 
2609 149 1264 148 
2610 1290 1506 1176 
2611 1092 1138 1069 
2612 1174 1510 1290 
2613 1288 1509 1168 
2614 1231 1499 925 
2615 1166 1511 1288 
2616 1331 1508 1202 
2617 1170 1509 1289 
2618 1050 1521 1062 
2619 1289 1510 1172 
2620 1204 1508 1325 
2621 1014 1066 1015 
2622 1503 1532 1035 
2623 993 995 994 
2624 1325 1512 1206 
2625 1014 1087 1066 
2626 1122 1123 1120 
2627 925 1499 930 
2628 1060 1520 1044 
2629 1208 1512 1322 
2630 1093 1545 1539 
2631 1050 1051 1049 
2632 1322 1513 1210 
2633 1212 1513 1321 
2634 1347 1348 1346 
2635 1011 1014 1012 
2636 1118 1120 1119 
2637 1321 1514 1214 
2638 1216 1514 1320 
2639 986 1517 984 
2640 1320 1515 1218 
2641 1526 1533 1232 
2642 1050 1056 1051 
2643 1220 1515 1319 
2644 1087 1145 1098 
2645 1058 1075 1070 
2646 995 1007 996 
2647 1007 1013 1011 
2648 1319 1516 1222 
2649 1121 1122 1120 
2650 1046 1520 1057 
2651 920 925 924 
2652 1224 1516 1265 
2653 920 924 8 
2654 1485 1526 1107 
2655 963 1530 1003 
2656 1287 1311 1247 
2657 1082 1523 1234 
2658 1029 1589 1417 
2659 1531 1634 1369 
2660 1087 1098 1066 
2661 1145 1261 1098 
2662 1034 1495 184 
2663 1114 1260 1116 
2664 1343 1500 1191 
2665 1524 1536 943 
2666 984 1517 1000 
2667 1234 1287 1247 
2668 1044 1520 1046 
2669 993 994 992 
2670 1425 1549 1238 
2671 1076 1258 1094 
2672 1007 1011 996 
2673 995 996 994 
2674 1095 1528 1111 
2675 1258 1259 1094 
2676 1233 1532 1503 
2677 1048 1521 1050 
2678 1258 1316 1259 
2679 1091 1518 1189 
2680 1089 1093 1063 
2681 990 1522 988 
2682 944 1524 941 
2683 906 1587 1413 
2684 1258 1529 1317 
2685 1094 1528 1095 
2686 77 1036 78 
2687 1316 1318 1259 
2688 1111 1301 1113 
2689 1237 1534 1428 
2690 1010 1519 150 
2691 927 1547 142 
2692 934 952 929 
2693 1054 1517 986 
2694 1040 1524 944 
2695 1298 1548 1299 
2696 935 948 934 
2697 925 929 924 
2698 930 934 929 
2699 1301 1302 1113 
2700 1264 1685 1641 
2701 1032 1584 1411 
2702 1035 1532 1041 
2703 1001 1522 990 
2704 1189 1518 1343 
2705 988 1522 1054 
2706 1429 1550 1337 
2707 1140 1525 1092 
2708 1365 1565 1562 
2709 1622 1633 1055 
2710 1098 1523 1066 
2711 1130 1563 1133 
2712 907 1582 1419 
2713 1036 1631 1357 
2714 1111 1528 1301 
2715 1539 1545 1271 
2716 1265 1538 1226 
2717 941 1524 943 
2718 1527 1539 1271 
2719 149 1519 1264 
2720 1092 1525 1138 
2721 1344 1570 948 
2722 1013 1527 1011 
2723 1070 1529 1076 
2724 1366 1557 943 
2725 1014 1527 1087 
2726 1449 1554 1448 
2727 141 1550 140 
2728 1096 1531 1089 
2729 1257 1552 1137 
2730 1011 1527 1014 
2731 1523 1537 1234 
2732 1137 1546 1073 
2733 1259 1528 1094 
2734 1075 1529 1070 
2735 903 1602 1375 
2736 1567 1577 1127 
2737 980 1544 1039 
2738 1000 1544 982 
2739 1076 1529 1258 
2740 1235 1536 1494 
2741 1226 1538 1228 
2742 1457 1540 994 
2743 1098 1537 1523 
2744 1060 1546 1520 
2745 1063 1539 1013 
2746 1089 1531 1093 
2747 1430 1559 1241 
2748 1013 1539 1527 
2749 1347 1535 1350 
2750 1093 1539 1063 
2751 908 1551 103 
2752 1528 1542 1301 
2753 75 1263 76 
2754 1261 1537 1098 
2755 1239 1561 1240 
2756 104 1551 1491 
2757 1259 1542 1528 
2758 994 1540 992 
2759 1234 1537 1287 
2760 992 1540 1001 
2761 1337 1550 1547 
2762 1538 1541 1228 
2763 1434 1566 1243 
2764 982 1544 980 
2765 1336 1337 1334 
2766 1073 1546 1060 
2767 976 1556 999 
2768 1039 1556 978 
2769 102 1558 908 
2770 1033 1558 101 
2771 1318 1542 1259 
2772 142 1547 141 
2773 1260 1614 1396 
2774 1310 1629 931 
2775 1271 1545 1300 
2776 1137 1552 1548 
2777 1198 1560 1200 
2778 1128 1567 1127 
2779 1238 1549 1424 
2780 1361 1548 1298 
2781 1127 1345 1124 
2782 943 1557 939 
2783 103 1551 104 
2784 1548 1552 1299 
2785 972 1564 1038 
2786 999 1564 974 
2787 1134 1267 1142 
2788 935 1562 948 
2789 922 1605 1315 
2790 1453 1554 1449 
2791 1244 1569 1435 
2792 1438 1569 1437 
2793 952 1555 929 
2794 122 1633 1330 
2795 924 1262 8 
2796 978 1556 976 
2797 929 1555 924 
2798 939 1557 937 
2799 101 1558 102 
2800 1034 1636 1379 
2801 968 1568 998 
2802 1038 1568 970 
2803 1245 1573 1438 
2804 1547 1550 141 
2805 1440 1573 1439 
2806 1323 1576 1433 
2807 1241 1559 1426 
2808 1450 1561 1239 
2809 1306 1628 1314 
2810 1617 1698 1379 
2811 1200 1560 1331 
2812 1557 1562 937 
2813 1129 1563 1130 
2814 937 1562 935 
2815 1133 1563 1143 
2816 964 1571 1037 
2817 998 1571 966 
2818 1328 1332 1026 
2819 907 1572 99 
2820 100 1572 1033 
2821 1134 1142 1131 
2822 1246 1576 1440 
2823 948 1570 934 
2824 974 1564 972 
2825 1363 1565 1365 
2826 960 1575 997 
2827 1037 1575 962 
2828 1267 1303 1142 
2829 1303 1304 1142 
2830 1243 1566 1431 
2831 1133 1143 1136 
2832 1304 1577 1567 
2833 924 1555 1262 
2834 997 1578 958 
2835 954 1579 1002 
2836 1579 1586 1002 
2837 970 1568 968 
2838 118 931 119 
2839 1078 1641 1311 
2840 1437 1569 1244 
2841 1345 1577 1347 
2842 1537 1574 1287 
2843 120 1055 121 
2844 116 1072 117 
2845 1131 1567 1128 
2846 934 1570 952 
2847 966 1571 964 
2848 99 1572 100 
2849 1439 1573 1245 
2850 1418 1581 1419 
2851 1419 1583 1249 
2852 1410 1583 1411 
2853 1261 1574 1537 
2854 962 1575 960 
2855 1300 1580 1145 
2856 1411 1585 1250 
2857 1304 1567 1142 
2858 1412 1585 1413 
2859 1142 1567 1131 
2860 1433 1576 1246 
2861 98 1582 907 
2862 1032 1582 97 
2863 916 1607 1372 
2864 1186 1594 1592 
2865 1272 1624 1314 
2866 1413 1588 1251 
2867 1416 1588 1417 
2868 96 1584 1032 
2869 906 1584 95 
2870 1417 1591 1252 
2871 958 1578 956 
2872 1232 1590 1275 
2873 1414 1591 1415 
2874 94 1587 906 
2875 1029 1587 93 
2876 1578 1579 956 
2877 1415 1595 1253 
2878 1408 1595 1409 
2879 956 1579 954 
2880 92 1589 1029 
2881 905 1589 91 
2882 1186 1592 1185 
2883 1127 1577 1345 
2884 1270 1586 1579 
2885 1399 1597 1400 
2886 1409 1597 1254 
2887 1248 1586 1270 
2888 1380 1601 1375 
2889 1031 1593 89 
2890 90 1593 905 
2891 1390 1599 1391 
2892 1400 1599 1255 
2893 88 1596 1031 
2894 904 1596 87 
2895 1348 1615 1349 
2896 1590 1592 1275 
2897 1382 1690 1381 
2898 1030 1598 85 
2899 86 1598 904 
2900 1391 1601 1256 
2901 1248 1590 1586 
2902 903 1600 83 
2903 84 1600 1030 
2904 1311 1642 1401 
2905 1374 1604 1373 
2906 1355 1610 1079 
2907 1273 1604 1315 
2908 82 1602 903 
2909 1274 1645 1359 
2910 1398 1608 136 
2911 922 1603 80 
2912 135 1608 921 
2913 79 1605 922 
2914 189 1610 188 
2915 1543 1615 1262 
2916 1056 1606 1051 
2917 1058 1606 1075 
2918 1036 1605 78 
2919 1305 1696 1620 
2920 201 1611 200 
2921 1145 1580 1261 
2922 1340 1581 1418 
2923 97 1582 98 
2924 1249 1583 1410 
2925 95 1584 96 
2926 182 1612 181 
2927 1250 1585 1412 
2928 93 1587 94 
2929 1002 1586 1533 
2930 1592 1594 1275 
2931 1251 1588 1416 
2932 91 1589 92 
2933 1252 1591 1414 
2934 1586 1590 1533 
2935 1315 1645 1274 
2936 1185 1592 1248 
2937 1533 1590 1232 
2938 89 1593 90 
2939 1253 1595 1408 
2940 1316 1646 915 
2941 1257 1613 1552 
2942 915 1647 1316 
2943 1313 1627 1553 
2944 1275 1594 1276 
2945 1310 1627 1279 
2946 1114 1614 1260 
2947 87 1596 88 
2948 1302 1614 1113 
2949 1254 1597 1399 
2950 1248 1592 1590 
2951 1338 1625 1397 
2952 85 1598 86 
2953 1255 1599 1390 
2954 73 1624 1272 
2955 83 1600 84 
2956 1256 1601 1380 
2957 147 1644 1144 
2958 1612 1692 181 
2959 1489 1637 1350 
2960 1381 1617 1377 
2961 116 1609 1072 
2962 1184 1616 1186 
2963 81 1602 82 
2964 81 1603 1602 
2965 80 1603 81 
2966 1328 1638 1333 
2967 1118 1619 1121 
2968 1075 1618 1529 
2969 1260 1619 1116 
2970 1277 1630 1310 
2971 1373 1604 1273 
2972 1027 1624 72 
2973 153 1621 152 
2974 1396 1699 1260 
2975 78 1605 79 
2976 1305 1620 1267 
2977 115 1609 116 
2978 1314 1628 1272 
2979 1051 1606 1058 
2980 1372 1607 1371 
2981 1613 1691 1552 
2982 1056 1657 1606 
2983 136 1608 135 
2984 1079 1610 189 
2985 200 1611 1078 
2986 134 1623 133 
2987 1317 1646 1316 
2988 1316 1647 1318 
2989 1121 1625 1122 
2990 1311 1641 1312 
2991 1359 1648 1274 
2992 1125 1632 1126 
2993 1379 1698 1034 
2994 1620 1696 1027 
2995 923 1612 182 
2996 1307 1613 1257 
2997 1308 1692 1612 
2998 1459 1646 1389 
2999 77 1631 1036 
3000 1349 1615 1543 
3001 1263 1631 76 
3002 1553 1626 1072 
3003 68 1637 1489 
3004 8 1652 66 
3005 926 1637 67 
3006 1287 1642 1311 
3007 118 1626 931 
3008 1072 1626 117 
3009 1262 1652 8 
3010 124 1650 11 
3011 121 1633 122 
3012 1606 1657 1388 
3013 11 1650 187 
3014 1369 1634 1368 
3015 1274 1648 1458 
3016 1113 1614 1114 
3017 931 1629 119 
3018 1495 1694 1693 
3019 1495 1693 923 
3020 1378 1650 1146 
3021 909 1691 1613 
3022 120 1629 1055 
3023 133 1647 132 
3024 1358 1648 1356 
3025 185 1636 1034 
3026 1034 1694 1495 
3027 1136 1639 1278 
3028 1318 1623 1542 
3029 1394 1699 1396 
3030 1309 1651 1285 
3031 1462 1689 1461 
3032 1478 1655 914 
3033 152 1649 151 
3034 1398 1680 1608 
3035 1299 1691 1308 
3036 1307 1686 1682 
3037 1284 1669 1309 
3038 1093 1643 1545 
3039 923 1693 1683 
3040 12 1653 201 
3041 909 1682 179 
3042 148 1653 12 
3043 177 1686 919 
3044 1138 1657 1069 
3045 180 1692 909 
3046 1308 1683 1297 
3047 1679 1684 1594 
3048 188 1654 9 
3049 9 1654 75 
3050 1501 1687 1293 
3051 1687 1688 1293 
3052 1542 1697 1301 
3053 1293 1688 1307 
3054 1608 1697 921 
3055 1461 1689 1580 
3056 74 1681 7 
3057 1303 1635 1304 
3058 1292 1616 1184 
3059 1377 1617 1379 
3060 1261 1689 1574 
3061 1351 1620 1027 
3062 1529 1618 1317 
3063 1382 1640 1525 
3064 1606 1695 1075 
3065 1116 1619 1118 
3066 1594 1684 1276 
3067 1279 1627 1313 
3068 1267 1620 1303 
3069 7 1681 115 
3070 1608 1680 1302 
3071 917 1621 153 
3072 1330 1622 1329 
3073 923 1683 1612 
3074 1307 1682 1613 
3075 1309 1669 1649 
3076 1612 1683 1308 
3077 1613 1682 909 
3078 1034 1698 1694 
3079 1464 1678 1025 
3080 1358 1634 1096 
3081 1025 1677 1471 
3082 1272 1628 1609 
3083 1471 1676 913 
3084 1302 1697 1608 
3085 1025 1678 1677 
3086 1471 1677 1676 
3087 1290 1675 1506 
3088 1467 1674 1023 
3089 1138 1640 1386 
3090 1289 1672 1510 
3091 1466 1671 912 
3092 912 1670 1465 
3093 1465 1668 1024 
3094 912 1671 1670 
3095 1465 1670 1668 
3096 1286 1667 1511 
3097 1469 1666 911 
3098 1616 1655 1478 
3099 1388 1695 1606 
3100 911 1665 1468 
3101 1468 1663 1021 
3102 911 1666 1665 
3103 1468 1665 1663 
3104 1021 1661 1470 
3105 1658 1659 1502 
3106 1502 1659 1281 
3107 1021 1663 1661 
3108 1384 1640 1382 
3109 1280 1660 1658 
3110 1280 1658 1502 
3111 1378 1636 186 
3112 1493 1662 1660 
3113 1493 1660 1280 
3114 921 1623 134 
3115 1282 1664 1662 
3116 1621 1651 1309 
3117 1282 1662 1493 
3118 1487 1664 1282 
3119 1312 1673 1496 
3120 72 1624 73 
3121 1461 1656 916 
3122 1186 1679 1594 
3123 1122 1625 1125 
3124 117 1626 118 
3125 1386 1640 1384 
3126 1278 1630 1277 
3127 1580 1656 1461 
3128 119 1629 120 
3129 916 1656 1607 
3130 1260 1699 1619 
3131 1609 1628 1072 
3132 1312 1685 1673 
3133 76 1631 77 
3134 1368 1634 1358 
3135 1126 1632 1129 
3136 186 1636 185 
3137 1036 1645 1605 
3138 1304 1635 1535 
3139 1292 1655 1616 
3140 1096 1634 1531 
3141 1379 1636 1378 
3142 1272 1681 74 
3143 1055 1633 121 
3144 1333 1638 1335 
3145 67 1637 68 
3146 1335 1638 1563 
3147 1615 1652 1262 
3148 1144 1644 1330 
3149 1401 1642 932 
3150 1143 1639 1136 
3151 1525 1640 1138 
3152 1610 1654 188 
3153 1563 1638 1143 
3154 1075 1695 1618 
3155 1622 1630 1278 
3156 201 1653 1611 
3157 932 1642 1574 
3158 1574 1642 1287 
3159 1027 1696 1624 
3160 1531 1643 1093 
3161 917 1651 1621 
3162 1607 1656 1300 
3163 915 1646 1459 
3164 132 1647 915 
3165 1356 1648 1359 
3166 1396 1680 1398 
3167 1146 1650 124 
3168 151 1649 1010 
3169 1140 1690 1525 
3170 66 1652 926 
3171 1285 1651 1487 
3172 1264 1653 148 
3173 914 1655 1464 
3174 910 1659 1658 
3175 1470 1659 910 
3176 1476 1660 1022 
3177 910 1658 1476 
3178 1658 1660 1476 
3179 1660 1662 1022 
3180 1300 1656 1580 
3181 1024 1667 1469 
3182 1069 1657 1056 
3183 1022 1662 1490 
3184 1662 1664 1490 
3185 75 1654 1263 
3186 1496 1669 1284 
3187 1490 1664 917 
3188 1023 1672 1466 
3189 1281 1661 1504 
3190 1663 1665 1283 
3191 1504 1663 1283 
3192 913 1675 1467 
3193 1283 1665 1507 
3194 1661 1663 1504 
3195 1507 1666 1286 
3196 1665 1666 1507 
3197 1668 1670 1288 
3198 1511 1668 1288 
3199 1288 1670 1509 
3200 1519 1685 1264 
3201 1509 1671 1289 
3202 1670 1671 1509 
3203 1510 1674 1290 
3204 1302 1680 1614 
3205 1010 1673 1519 
3206 1479 1679 1478 
3207 1676 1677 1291 
3208 1506 1676 1291 
3209 1291 1677 1505 
3210 1505 1678 1292 
3211 1677 1678 1505 
3212 1381 1690 1617 
3213 1619 1699 1395 
3214 1479 1684 1679 
3215 179 1682 178 
3216 1682 1686 178 
3217 919 1688 1481 
3218 1481 1684 1479 
3219 1297 1683 1295 
3220 1481 1688 1687 
3221 178 1686 177 
3222 1276 1687 1501 
3223 1683 1693 1295 
3224 181 1692 180 
3225 1295 1693 1294 
3226 1693 1694 1294 
3227 1294 1694 1475 
3228 1611 1641 1078 
3229 1387 1695 1388 
3230 1263 1654 1610 
3231 1552 1691 1299 
3232 1301 1697 1302 
3233 1395 1699 1394 
3234 1611 1653 1264 
3235 1609 1681 1272 
3236 1605 1645 1315 
3237 1314 1696 1305 
3238 1330 1633 1622 
3239 1580 1689 1261 
3240 1673 1685 1519 
3241 926 1652 1615 
3242 1618 1695 1387 
3243 1614 1680 1396 
3244 115 1681 1609 
3245 1649 1669 1010 
3246 1617 1690 1140 
3247 1694 1698 1475 
3248 1624 1696 1314 
3249 1659 1661 1281 
3250 1470 1661 1659 
3251 1669 1673 1010 
3252 1496 1673 1669 
3253 1667 1668 1511 
3254 1024 1668 1667 
3255 1672 1674 1510 
3256 1023 1674 1672 
3257 1675 1676 1506 
3258 913 1676 1675 
3259 1641 1685 1312 
3260 1684 1687 1276 
3261 1481 1687 1684 
2 10 2 62
3262 1707 1714 1710 
3263 1709 1711 1708 
3264 1708 1711 1702 
3265 1705 1714 1707 
3266 1700 1717 1707 
3267 1708 1719 1701 
3268 1704 1715 1703 
3269 1706 1713 1702 
3270 1703 1712 1704 
3271 1702 1711 1706 
3272 1704 1713 1706 
3273 1706 1715 1704 
3274 1705 1712 1703 
3275 1703 1714 1705 
3276 1707 1717 211 
3277 204 1719 1708 
3278 1710 1716 1700 
3279 1701 1718 1709 
3280 61 1706 60 
3281 207 1704 208 
3282 209 1705 210 
3283 205 1702 206 
3284 63 1703 62 
3285 210 1707 211 
3286 204 1708 205 
3287 4 1719 204 
3288 58 1718 5 
3289 6 1716 65 
3290 211 1717 13 
3291 1705 1707 210 
3292 205 1708 1702 
3293 1703 1715 62 
3294 1704 1712 208 
3295 209 1712 1705 
3296 61 1715 1706 
3297 207 1713 1704 
3298 1706 1711 60 
3299 1702 1713 206 
3300 63 1714 1703 
3301 1701 1709 1708 
3302 1707 1710 1700 
3303 57 1701 56 
3304 202 1700 203 
3305 65 1716 1710 
3306 1709 1718 58 
3307 65 1710 64 
3308 59 1709 58 
3309 59 1711 1709 
3310 1710 1714 64 
3311 206 1713 207 
3312 64 1714 63 
3313 60 1711 59 
3314 62 1715 61 
3315 208 1712 209 
3316 1701 1719 56 
3317 57 1718 1701 
3318 202 1717 1700 
3319 1700 1716 203 
3320 13 1717 202 
3321 56 1719 4 
3322 5 1718 57 
3323 203 1716 6 
$EndElements
